ISO-10303-21;
HEADER;
FILE_DESCRIPTION(('Open CASCADE Model'),'2;1');
FILE_NAME('Open CASCADE Shape Model','1970-01-01T00:00:00',('Author'),(
    'Open CASCADE'),'Open CASCADE STEP processor 7.9','Open CASCADE 7.9'
  ,'Unknown');
FILE_SCHEMA(('AUTOMOTIVE_DESIGN { 1 0 10303 214 1 1 1 1 }'));
ENDSEC;
DATA;
#1 = APPLICATION_PROTOCOL_DEFINITION('international standard',
  'automotive_design',2000,#2);
#2 = APPLICATION_CONTEXT(
  'core data for automotive mechanical design processes');
#3 = SHAPE_DEFINITION_REPRESENTATION(#4,#10);
#4 = PRODUCT_DEFINITION_SHAPE('','',#5);
#5 = PRODUCT_DEFINITION('design','',#6,#9);
#6 = PRODUCT_DEFINITION_FORMATION('','',#7);
#7 = PRODUCT('Open CASCADE STEP translator 7.9 1',
  'Open CASCADE STEP translator 7.9 1','',(#8));
#8 = PRODUCT_CONTEXT('',#2,'mechanical');
#9 = PRODUCT_DEFINITION_CONTEXT('part definition',#2,'design');
#10 = SHAPE_REPRESENTATION('',(#11,#15,#19,#23,#27,#31,#35,#39,#43,#47),
  #51);
#11 = AXIS2_PLACEMENT_3D('',#12,#13,#14);
#12 = CARTESIAN_POINT('',(0.,0.,0.));
#13 = DIRECTION('',(0.,0.,1.));
#14 = DIRECTION('',(1.,0.,-0.));
#15 = AXIS2_PLACEMENT_3D('',#16,#17,#18);
#16 = CARTESIAN_POINT('',(0.,0.,0.));
#17 = DIRECTION('',(0.,0.,1.));
#18 = DIRECTION('',(1.,0.,-0.));
#19 = AXIS2_PLACEMENT_3D('',#20,#21,#22);
#20 = CARTESIAN_POINT('',(0.,0.,0.));
#21 = DIRECTION('',(0.,0.,1.));
#22 = DIRECTION('',(1.,0.,-0.));
#23 = AXIS2_PLACEMENT_3D('',#24,#25,#26);
#24 = CARTESIAN_POINT('',(0.,0.,0.));
#25 = DIRECTION('',(0.,0.,1.));
#26 = DIRECTION('',(1.,0.,-0.));
#27 = AXIS2_PLACEMENT_3D('',#28,#29,#30);
#28 = CARTESIAN_POINT('',(0.,0.,0.));
#29 = DIRECTION('',(0.,0.,1.));
#30 = DIRECTION('',(1.,0.,-0.));
#31 = AXIS2_PLACEMENT_3D('',#32,#33,#34);
#32 = CARTESIAN_POINT('',(0.,0.,0.));
#33 = DIRECTION('',(0.,0.,1.));
#34 = DIRECTION('',(1.,0.,-0.));
#35 = AXIS2_PLACEMENT_3D('',#36,#37,#38);
#36 = CARTESIAN_POINT('',(0.,0.,0.));
#37 = DIRECTION('',(0.,0.,1.));
#38 = DIRECTION('',(1.,0.,-0.));
#39 = AXIS2_PLACEMENT_3D('',#40,#41,#42);
#40 = CARTESIAN_POINT('',(0.,0.,0.));
#41 = DIRECTION('',(0.,0.,1.));
#42 = DIRECTION('',(1.,0.,-0.));
#43 = AXIS2_PLACEMENT_3D('',#44,#45,#46);
#44 = CARTESIAN_POINT('',(0.,0.,0.));
#45 = DIRECTION('',(0.,0.,1.));
#46 = DIRECTION('',(1.,0.,-0.));
#47 = AXIS2_PLACEMENT_3D('',#48,#49,#50);
#48 = CARTESIAN_POINT('',(0.,0.,0.));
#49 = DIRECTION('',(0.,0.,1.));
#50 = DIRECTION('',(1.,0.,-0.));
#51 = ( GEOMETRIC_REPRESENTATION_CONTEXT(3) 
GLOBAL_UNCERTAINTY_ASSIGNED_CONTEXT((#55)) GLOBAL_UNIT_ASSIGNED_CONTEXT(
(#52,#53,#54)) REPRESENTATION_CONTEXT('Context #1',
  '3D Context with UNIT and UNCERTAINTY') );
#52 = ( LENGTH_UNIT() NAMED_UNIT(*) SI_UNIT(.MILLI.,.METRE.) );
#53 = ( NAMED_UNIT(*) PLANE_ANGLE_UNIT() SI_UNIT($,.RADIAN.) );
#54 = ( NAMED_UNIT(*) SI_UNIT($,.STERADIAN.) SOLID_ANGLE_UNIT() );
#55 = UNCERTAINTY_MEASURE_WITH_UNIT(LENGTH_MEASURE(1.E-07),#52,
  'distance_accuracy_value','confusion accuracy');
#56 = PRODUCT_RELATED_PRODUCT_CATEGORY('part',$,(#7));
#57 = SHAPE_DEFINITION_REPRESENTATION(#58,#64);
#58 = PRODUCT_DEFINITION_SHAPE('','',#59);
#59 = PRODUCT_DEFINITION('design','',#60,#63);
#60 = PRODUCT_DEFINITION_FORMATION('','',#61);
#61 = PRODUCT('Open CASCADE STEP translator 7.9 1.1',
  'Open CASCADE STEP translator 7.9 1.1','',(#62));
#62 = PRODUCT_CONTEXT('',#2,'mechanical');
#63 = PRODUCT_DEFINITION_CONTEXT('part definition',#2,'design');
#64 = ADVANCED_BREP_SHAPE_REPRESENTATION('',(#11,#65),#489);
#65 = MANIFOLD_SOLID_BREP('',#66);
#66 = CLOSED_SHELL('',(#67,#187,#263,#347,#396,#423,#430,#485));
#67 = ADVANCED_FACE('',(#68),#82,.F.);
#68 = FACE_BOUND('',#69,.F.);
#69 = EDGE_LOOP('',(#70,#105,#133,#161));
#70 = ORIENTED_EDGE('',*,*,#71,.F.);
#71 = EDGE_CURVE('',#72,#74,#76,.T.);
#72 = VERTEX_POINT('',#73);
#73 = CARTESIAN_POINT('',(-1.9475,-2.4525,0.175));
#74 = VERTEX_POINT('',#75);
#75 = CARTESIAN_POINT('',(-1.9475,-2.4525,1.75));
#76 = SURFACE_CURVE('',#77,(#81,#93),.PCURVE_S1.);
#77 = LINE('',#78,#79);
#78 = CARTESIAN_POINT('',(-1.9475,-2.4525,0.175));
#79 = VECTOR('',#80,1.);
#80 = DIRECTION('',(0.,0.,1.));
#81 = PCURVE('',#82,#87);
#82 = PLANE('',#83);
#83 = AXIS2_PLACEMENT_3D('',#84,#85,#86);
#84 = CARTESIAN_POINT('',(-1.9475,-2.4525,0.175));
#85 = DIRECTION('',(1.,0.,0.));
#86 = DIRECTION('',(0.,0.,1.));
#87 = DEFINITIONAL_REPRESENTATION('',(#88),#92);
#88 = LINE('',#89,#90);
#89 = CARTESIAN_POINT('',(0.,0.));
#90 = VECTOR('',#91,1.);
#91 = DIRECTION('',(1.,0.));
#92 = ( GEOMETRIC_REPRESENTATION_CONTEXT(2) 
PARAMETRIC_REPRESENTATION_CONTEXT() REPRESENTATION_CONTEXT('2D SPACE',''
  ) );
#93 = PCURVE('',#94,#99);
#94 = PLANE('',#95);
#95 = AXIS2_PLACEMENT_3D('',#96,#97,#98);
#96 = CARTESIAN_POINT('',(-1.9475,-2.4525,0.175));
#97 = DIRECTION('',(0.,1.,0.));
#98 = DIRECTION('',(0.,0.,1.));
#99 = DEFINITIONAL_REPRESENTATION('',(#100),#104);
#100 = LINE('',#101,#102);
#101 = CARTESIAN_POINT('',(0.,0.));
#102 = VECTOR('',#103,1.);
#103 = DIRECTION('',(1.,0.));
#104 = ( GEOMETRIC_REPRESENTATION_CONTEXT(2) 
PARAMETRIC_REPRESENTATION_CONTEXT() REPRESENTATION_CONTEXT('2D SPACE',''
  ) );
#105 = ORIENTED_EDGE('',*,*,#106,.T.);
#106 = EDGE_CURVE('',#72,#107,#109,.T.);
#107 = VERTEX_POINT('',#108);
#108 = CARTESIAN_POINT('',(-1.9475,2.4525,0.175));
#109 = SURFACE_CURVE('',#110,(#114,#121),.PCURVE_S1.);
#110 = LINE('',#111,#112);
#111 = CARTESIAN_POINT('',(-1.9475,-2.4525,0.175));
#112 = VECTOR('',#113,1.);
#113 = DIRECTION('',(0.,1.,0.));
#114 = PCURVE('',#82,#115);
#115 = DEFINITIONAL_REPRESENTATION('',(#116),#120);
#116 = LINE('',#117,#118);
#117 = CARTESIAN_POINT('',(0.,0.));
#118 = VECTOR('',#119,1.);
#119 = DIRECTION('',(0.,-1.));
#120 = ( GEOMETRIC_REPRESENTATION_CONTEXT(2) 
PARAMETRIC_REPRESENTATION_CONTEXT() REPRESENTATION_CONTEXT('2D SPACE',''
  ) );
#121 = PCURVE('',#122,#127);
#122 = PLANE('',#123);
#123 = AXIS2_PLACEMENT_3D('',#124,#125,#126);
#124 = CARTESIAN_POINT('',(-1.9475,-2.4525,0.175));
#125 = DIRECTION('',(0.,0.,1.));
#126 = DIRECTION('',(1.,0.,0.));
#127 = DEFINITIONAL_REPRESENTATION('',(#128),#132);
#128 = LINE('',#129,#130);
#129 = CARTESIAN_POINT('',(0.,0.));
#130 = VECTOR('',#131,1.);
#131 = DIRECTION('',(0.,1.));
#132 = ( GEOMETRIC_REPRESENTATION_CONTEXT(2) 
PARAMETRIC_REPRESENTATION_CONTEXT() REPRESENTATION_CONTEXT('2D SPACE',''
  ) );
#133 = ORIENTED_EDGE('',*,*,#134,.T.);
#134 = EDGE_CURVE('',#107,#135,#137,.T.);
#135 = VERTEX_POINT('',#136);
#136 = CARTESIAN_POINT('',(-1.9475,2.4525,1.75));
#137 = SURFACE_CURVE('',#138,(#142,#149),.PCURVE_S1.);
#138 = LINE('',#139,#140);
#139 = CARTESIAN_POINT('',(-1.9475,2.4525,0.175));
#140 = VECTOR('',#141,1.);
#141 = DIRECTION('',(0.,0.,1.));
#142 = PCURVE('',#82,#143);
#143 = DEFINITIONAL_REPRESENTATION('',(#144),#148);
#144 = LINE('',#145,#146);
#145 = CARTESIAN_POINT('',(0.,-4.905));
#146 = VECTOR('',#147,1.);
#147 = DIRECTION('',(1.,0.));
#148 = ( GEOMETRIC_REPRESENTATION_CONTEXT(2) 
PARAMETRIC_REPRESENTATION_CONTEXT() REPRESENTATION_CONTEXT('2D SPACE',''
  ) );
#149 = PCURVE('',#150,#155);
#150 = PLANE('',#151);
#151 = AXIS2_PLACEMENT_3D('',#152,#153,#154);
#152 = CARTESIAN_POINT('',(-1.9475,2.4525,0.175));
#153 = DIRECTION('',(0.,1.,0.));
#154 = DIRECTION('',(0.,0.,1.));
#155 = DEFINITIONAL_REPRESENTATION('',(#156),#160);
#156 = LINE('',#157,#158);
#157 = CARTESIAN_POINT('',(0.,0.));
#158 = VECTOR('',#159,1.);
#159 = DIRECTION('',(1.,0.));
#160 = ( GEOMETRIC_REPRESENTATION_CONTEXT(2) 
PARAMETRIC_REPRESENTATION_CONTEXT() REPRESENTATION_CONTEXT('2D SPACE',''
  ) );
#161 = ORIENTED_EDGE('',*,*,#162,.F.);
#162 = EDGE_CURVE('',#74,#135,#163,.T.);
#163 = SURFACE_CURVE('',#164,(#168,#175),.PCURVE_S1.);
#164 = LINE('',#165,#166);
#165 = CARTESIAN_POINT('',(-1.9475,-2.4525,1.75));
#166 = VECTOR('',#167,1.);
#167 = DIRECTION('',(0.,1.,0.));
#168 = PCURVE('',#82,#169);
#169 = DEFINITIONAL_REPRESENTATION('',(#170),#174);
#170 = LINE('',#171,#172);
#171 = CARTESIAN_POINT('',(1.575,0.));
#172 = VECTOR('',#173,1.);
#173 = DIRECTION('',(0.,-1.));
#174 = ( GEOMETRIC_REPRESENTATION_CONTEXT(2) 
PARAMETRIC_REPRESENTATION_CONTEXT() REPRESENTATION_CONTEXT('2D SPACE',''
  ) );
#175 = PCURVE('',#176,#181);
#176 = PLANE('',#177);
#177 = AXIS2_PLACEMENT_3D('',#178,#179,#180);
#178 = CARTESIAN_POINT('',(-1.9475,-2.4525,1.75));
#179 = DIRECTION('',(0.,0.,1.));
#180 = DIRECTION('',(1.,0.,0.));
#181 = DEFINITIONAL_REPRESENTATION('',(#182),#186);
#182 = LINE('',#183,#184);
#183 = CARTESIAN_POINT('',(0.,0.));
#184 = VECTOR('',#185,1.);
#185 = DIRECTION('',(0.,1.));
#186 = ( GEOMETRIC_REPRESENTATION_CONTEXT(2) 
PARAMETRIC_REPRESENTATION_CONTEXT() REPRESENTATION_CONTEXT('2D SPACE',''
  ) );
#187 = ADVANCED_FACE('',(#188),#94,.F.);
#188 = FACE_BOUND('',#189,.F.);
#189 = EDGE_LOOP('',(#190,#213,#214,#237));
#190 = ORIENTED_EDGE('',*,*,#191,.F.);
#191 = EDGE_CURVE('',#72,#192,#194,.T.);
#192 = VERTEX_POINT('',#193);
#193 = CARTESIAN_POINT('',(1.9475,-2.4525,0.175));
#194 = SURFACE_CURVE('',#195,(#199,#206),.PCURVE_S1.);
#195 = LINE('',#196,#197);
#196 = CARTESIAN_POINT('',(-1.9475,-2.4525,0.175));
#197 = VECTOR('',#198,1.);
#198 = DIRECTION('',(1.,0.,0.));
#199 = PCURVE('',#94,#200);
#200 = DEFINITIONAL_REPRESENTATION('',(#201),#205);
#201 = LINE('',#202,#203);
#202 = CARTESIAN_POINT('',(0.,0.));
#203 = VECTOR('',#204,1.);
#204 = DIRECTION('',(0.,1.));
#205 = ( GEOMETRIC_REPRESENTATION_CONTEXT(2) 
PARAMETRIC_REPRESENTATION_CONTEXT() REPRESENTATION_CONTEXT('2D SPACE',''
  ) );
#206 = PCURVE('',#122,#207);
#207 = DEFINITIONAL_REPRESENTATION('',(#208),#212);
#208 = LINE('',#209,#210);
#209 = CARTESIAN_POINT('',(0.,0.));
#210 = VECTOR('',#211,1.);
#211 = DIRECTION('',(1.,0.));
#212 = ( GEOMETRIC_REPRESENTATION_CONTEXT(2) 
PARAMETRIC_REPRESENTATION_CONTEXT() REPRESENTATION_CONTEXT('2D SPACE',''
  ) );
#213 = ORIENTED_EDGE('',*,*,#71,.T.);
#214 = ORIENTED_EDGE('',*,*,#215,.T.);
#215 = EDGE_CURVE('',#74,#216,#218,.T.);
#216 = VERTEX_POINT('',#217);
#217 = CARTESIAN_POINT('',(1.9475,-2.4525,1.75));
#218 = SURFACE_CURVE('',#219,(#223,#230),.PCURVE_S1.);
#219 = LINE('',#220,#221);
#220 = CARTESIAN_POINT('',(-1.9475,-2.4525,1.75));
#221 = VECTOR('',#222,1.);
#222 = DIRECTION('',(1.,0.,0.));
#223 = PCURVE('',#94,#224);
#224 = DEFINITIONAL_REPRESENTATION('',(#225),#229);
#225 = LINE('',#226,#227);
#226 = CARTESIAN_POINT('',(1.575,0.));
#227 = VECTOR('',#228,1.);
#228 = DIRECTION('',(0.,1.));
#229 = ( GEOMETRIC_REPRESENTATION_CONTEXT(2) 
PARAMETRIC_REPRESENTATION_CONTEXT() REPRESENTATION_CONTEXT('2D SPACE',''
  ) );
#230 = PCURVE('',#176,#231);
#231 = DEFINITIONAL_REPRESENTATION('',(#232),#236);
#232 = LINE('',#233,#234);
#233 = CARTESIAN_POINT('',(0.,0.));
#234 = VECTOR('',#235,1.);
#235 = DIRECTION('',(1.,0.));
#236 = ( GEOMETRIC_REPRESENTATION_CONTEXT(2) 
PARAMETRIC_REPRESENTATION_CONTEXT() REPRESENTATION_CONTEXT('2D SPACE',''
  ) );
#237 = ORIENTED_EDGE('',*,*,#238,.F.);
#238 = EDGE_CURVE('',#192,#216,#239,.T.);
#239 = SURFACE_CURVE('',#240,(#244,#251),.PCURVE_S1.);
#240 = LINE('',#241,#242);
#241 = CARTESIAN_POINT('',(1.9475,-2.4525,0.175));
#242 = VECTOR('',#243,1.);
#243 = DIRECTION('',(0.,0.,1.));
#244 = PCURVE('',#94,#245);
#245 = DEFINITIONAL_REPRESENTATION('',(#246),#250);
#246 = LINE('',#247,#248);
#247 = CARTESIAN_POINT('',(0.,3.895));
#248 = VECTOR('',#249,1.);
#249 = DIRECTION('',(1.,0.));
#250 = ( GEOMETRIC_REPRESENTATION_CONTEXT(2) 
PARAMETRIC_REPRESENTATION_CONTEXT() REPRESENTATION_CONTEXT('2D SPACE',''
  ) );
#251 = PCURVE('',#252,#257);
#252 = PLANE('',#253);
#253 = AXIS2_PLACEMENT_3D('',#254,#255,#256);
#254 = CARTESIAN_POINT('',(1.9475,-2.4525,0.175));
#255 = DIRECTION('',(1.,0.,0.));
#256 = DIRECTION('',(0.,0.,1.));
#257 = DEFINITIONAL_REPRESENTATION('',(#258),#262);
#258 = LINE('',#259,#260);
#259 = CARTESIAN_POINT('',(0.,0.));
#260 = VECTOR('',#261,1.);
#261 = DIRECTION('',(1.,0.));
#262 = ( GEOMETRIC_REPRESENTATION_CONTEXT(2) 
PARAMETRIC_REPRESENTATION_CONTEXT() REPRESENTATION_CONTEXT('2D SPACE',''
  ) );
#263 = ADVANCED_FACE('',(#264,#312),#176,.T.);
#264 = FACE_BOUND('',#265,.T.);
#265 = EDGE_LOOP('',(#266,#267,#268,#291));
#266 = ORIENTED_EDGE('',*,*,#162,.F.);
#267 = ORIENTED_EDGE('',*,*,#215,.T.);
#268 = ORIENTED_EDGE('',*,*,#269,.T.);
#269 = EDGE_CURVE('',#216,#270,#272,.T.);
#270 = VERTEX_POINT('',#271);
#271 = CARTESIAN_POINT('',(1.9475,2.4525,1.75));
#272 = SURFACE_CURVE('',#273,(#277,#284),.PCURVE_S1.);
#273 = LINE('',#274,#275);
#274 = CARTESIAN_POINT('',(1.9475,-2.4525,1.75));
#275 = VECTOR('',#276,1.);
#276 = DIRECTION('',(0.,1.,0.));
#277 = PCURVE('',#176,#278);
#278 = DEFINITIONAL_REPRESENTATION('',(#279),#283);
#279 = LINE('',#280,#281);
#280 = CARTESIAN_POINT('',(3.895,0.));
#281 = VECTOR('',#282,1.);
#282 = DIRECTION('',(0.,1.));
#283 = ( GEOMETRIC_REPRESENTATION_CONTEXT(2) 
PARAMETRIC_REPRESENTATION_CONTEXT() REPRESENTATION_CONTEXT('2D SPACE',''
  ) );
#284 = PCURVE('',#252,#285);
#285 = DEFINITIONAL_REPRESENTATION('',(#286),#290);
#286 = LINE('',#287,#288);
#287 = CARTESIAN_POINT('',(1.575,0.));
#288 = VECTOR('',#289,1.);
#289 = DIRECTION('',(0.,-1.));
#290 = ( GEOMETRIC_REPRESENTATION_CONTEXT(2) 
PARAMETRIC_REPRESENTATION_CONTEXT() REPRESENTATION_CONTEXT('2D SPACE',''
  ) );
#291 = ORIENTED_EDGE('',*,*,#292,.F.);
#292 = EDGE_CURVE('',#135,#270,#293,.T.);
#293 = SURFACE_CURVE('',#294,(#298,#305),.PCURVE_S1.);
#294 = LINE('',#295,#296);
#295 = CARTESIAN_POINT('',(-1.9475,2.4525,1.75));
#296 = VECTOR('',#297,1.);
#297 = DIRECTION('',(1.,0.,0.));
#298 = PCURVE('',#176,#299);
#299 = DEFINITIONAL_REPRESENTATION('',(#300),#304);
#300 = LINE('',#301,#302);
#301 = CARTESIAN_POINT('',(0.,4.905));
#302 = VECTOR('',#303,1.);
#303 = DIRECTION('',(1.,0.));
#304 = ( GEOMETRIC_REPRESENTATION_CONTEXT(2) 
PARAMETRIC_REPRESENTATION_CONTEXT() REPRESENTATION_CONTEXT('2D SPACE',''
  ) );
#305 = PCURVE('',#150,#306);
#306 = DEFINITIONAL_REPRESENTATION('',(#307),#311);
#307 = LINE('',#308,#309);
#308 = CARTESIAN_POINT('',(1.575,0.));
#309 = VECTOR('',#310,1.);
#310 = DIRECTION('',(0.,1.));
#311 = ( GEOMETRIC_REPRESENTATION_CONTEXT(2) 
PARAMETRIC_REPRESENTATION_CONTEXT() REPRESENTATION_CONTEXT('2D SPACE',''
  ) );
#312 = FACE_BOUND('',#313,.T.);
#313 = EDGE_LOOP('',(#314));
#314 = ORIENTED_EDGE('',*,*,#315,.T.);
#315 = EDGE_CURVE('',#316,#316,#318,.T.);
#316 = VERTEX_POINT('',#317);
#317 = CARTESIAN_POINT('',(-1.21325,1.71675,1.75));
#318 = SURFACE_CURVE('',#319,(#324,#335),.PCURVE_S1.);
#319 = CIRCLE('',#320,0.15);
#320 = AXIS2_PLACEMENT_3D('',#321,#322,#323);
#321 = CARTESIAN_POINT('',(-1.36325,1.71675,1.75));
#322 = DIRECTION('',(0.,0.,-1.));
#323 = DIRECTION('',(1.,0.,0.));
#324 = PCURVE('',#176,#325);
#325 = DEFINITIONAL_REPRESENTATION('',(#326),#334);
#326 = ( BOUNDED_CURVE() B_SPLINE_CURVE(2,(#327,#328,#329,#330,#331,#332
,#333),.UNSPECIFIED.,.T.,.F.) B_SPLINE_CURVE_WITH_KNOTS((1,2,2,2,2,1),(
    -2.094395102393,0.,2.094395102393,4.188790204786,6.28318530718,
8.377580409573),.UNSPECIFIED.) CURVE() GEOMETRIC_REPRESENTATION_ITEM() 
RATIONAL_B_SPLINE_CURVE((1.,0.5,1.,0.5,1.,0.5,1.)) REPRESENTATION_ITEM(
  '') );
#327 = CARTESIAN_POINT('',(0.73425,4.16925));
#328 = CARTESIAN_POINT('',(0.73425,3.909442378865));
#329 = CARTESIAN_POINT('',(0.50925,4.039346189432));
#330 = CARTESIAN_POINT('',(0.28425,4.16925));
#331 = CARTESIAN_POINT('',(0.50925,4.299153810568));
#332 = CARTESIAN_POINT('',(0.73425,4.429057621135));
#333 = CARTESIAN_POINT('',(0.73425,4.16925));
#334 = ( GEOMETRIC_REPRESENTATION_CONTEXT(2) 
PARAMETRIC_REPRESENTATION_CONTEXT() REPRESENTATION_CONTEXT('2D SPACE',''
  ) );
#335 = PCURVE('',#336,#341);
#336 = CYLINDRICAL_SURFACE('',#337,0.15);
#337 = AXIS2_PLACEMENT_3D('',#338,#339,#340);
#338 = CARTESIAN_POINT('',(-1.36325,1.71675,1.69));
#339 = DIRECTION('',(-0.,-0.,-1.));
#340 = DIRECTION('',(1.,0.,0.));
#341 = DEFINITIONAL_REPRESENTATION('',(#342),#346);
#342 = LINE('',#343,#344);
#343 = CARTESIAN_POINT('',(-6.28318530718,-6.E-02));
#344 = VECTOR('',#345,1.);
#345 = DIRECTION('',(1.,-0.));
#346 = ( GEOMETRIC_REPRESENTATION_CONTEXT(2) 
PARAMETRIC_REPRESENTATION_CONTEXT() REPRESENTATION_CONTEXT('2D SPACE',''
  ) );
#347 = ADVANCED_FACE('',(#348),#150,.T.);
#348 = FACE_BOUND('',#349,.T.);
#349 = EDGE_LOOP('',(#350,#373,#374,#375));
#350 = ORIENTED_EDGE('',*,*,#351,.F.);
#351 = EDGE_CURVE('',#107,#352,#354,.T.);
#352 = VERTEX_POINT('',#353);
#353 = CARTESIAN_POINT('',(1.9475,2.4525,0.175));
#354 = SURFACE_CURVE('',#355,(#359,#366),.PCURVE_S1.);
#355 = LINE('',#356,#357);
#356 = CARTESIAN_POINT('',(-1.9475,2.4525,0.175));
#357 = VECTOR('',#358,1.);
#358 = DIRECTION('',(1.,0.,0.));
#359 = PCURVE('',#150,#360);
#360 = DEFINITIONAL_REPRESENTATION('',(#361),#365);
#361 = LINE('',#362,#363);
#362 = CARTESIAN_POINT('',(0.,0.));
#363 = VECTOR('',#364,1.);
#364 = DIRECTION('',(0.,1.));
#365 = ( GEOMETRIC_REPRESENTATION_CONTEXT(2) 
PARAMETRIC_REPRESENTATION_CONTEXT() REPRESENTATION_CONTEXT('2D SPACE',''
  ) );
#366 = PCURVE('',#122,#367);
#367 = DEFINITIONAL_REPRESENTATION('',(#368),#372);
#368 = LINE('',#369,#370);
#369 = CARTESIAN_POINT('',(0.,4.905));
#370 = VECTOR('',#371,1.);
#371 = DIRECTION('',(1.,0.));
#372 = ( GEOMETRIC_REPRESENTATION_CONTEXT(2) 
PARAMETRIC_REPRESENTATION_CONTEXT() REPRESENTATION_CONTEXT('2D SPACE',''
  ) );
#373 = ORIENTED_EDGE('',*,*,#134,.T.);
#374 = ORIENTED_EDGE('',*,*,#292,.T.);
#375 = ORIENTED_EDGE('',*,*,#376,.F.);
#376 = EDGE_CURVE('',#352,#270,#377,.T.);
#377 = SURFACE_CURVE('',#378,(#382,#389),.PCURVE_S1.);
#378 = LINE('',#379,#380);
#379 = CARTESIAN_POINT('',(1.9475,2.4525,0.175));
#380 = VECTOR('',#381,1.);
#381 = DIRECTION('',(0.,0.,1.));
#382 = PCURVE('',#150,#383);
#383 = DEFINITIONAL_REPRESENTATION('',(#384),#388);
#384 = LINE('',#385,#386);
#385 = CARTESIAN_POINT('',(0.,3.895));
#386 = VECTOR('',#387,1.);
#387 = DIRECTION('',(1.,0.));
#388 = ( GEOMETRIC_REPRESENTATION_CONTEXT(2) 
PARAMETRIC_REPRESENTATION_CONTEXT() REPRESENTATION_CONTEXT('2D SPACE',''
  ) );
#389 = PCURVE('',#252,#390);
#390 = DEFINITIONAL_REPRESENTATION('',(#391),#395);
#391 = LINE('',#392,#393);
#392 = CARTESIAN_POINT('',(0.,-4.905));
#393 = VECTOR('',#394,1.);
#394 = DIRECTION('',(1.,0.));
#395 = ( GEOMETRIC_REPRESENTATION_CONTEXT(2) 
PARAMETRIC_REPRESENTATION_CONTEXT() REPRESENTATION_CONTEXT('2D SPACE',''
  ) );
#396 = ADVANCED_FACE('',(#397),#122,.F.);
#397 = FACE_BOUND('',#398,.F.);
#398 = EDGE_LOOP('',(#399,#400,#401,#422));
#399 = ORIENTED_EDGE('',*,*,#106,.F.);
#400 = ORIENTED_EDGE('',*,*,#191,.T.);
#401 = ORIENTED_EDGE('',*,*,#402,.T.);
#402 = EDGE_CURVE('',#192,#352,#403,.T.);
#403 = SURFACE_CURVE('',#404,(#408,#415),.PCURVE_S1.);
#404 = LINE('',#405,#406);
#405 = CARTESIAN_POINT('',(1.9475,-2.4525,0.175));
#406 = VECTOR('',#407,1.);
#407 = DIRECTION('',(0.,1.,0.));
#408 = PCURVE('',#122,#409);
#409 = DEFINITIONAL_REPRESENTATION('',(#410),#414);
#410 = LINE('',#411,#412);
#411 = CARTESIAN_POINT('',(3.895,0.));
#412 = VECTOR('',#413,1.);
#413 = DIRECTION('',(0.,1.));
#414 = ( GEOMETRIC_REPRESENTATION_CONTEXT(2) 
PARAMETRIC_REPRESENTATION_CONTEXT() REPRESENTATION_CONTEXT('2D SPACE',''
  ) );
#415 = PCURVE('',#252,#416);
#416 = DEFINITIONAL_REPRESENTATION('',(#417),#421);
#417 = LINE('',#418,#419);
#418 = CARTESIAN_POINT('',(0.,0.));
#419 = VECTOR('',#420,1.);
#420 = DIRECTION('',(0.,-1.));
#421 = ( GEOMETRIC_REPRESENTATION_CONTEXT(2) 
PARAMETRIC_REPRESENTATION_CONTEXT() REPRESENTATION_CONTEXT('2D SPACE',''
  ) );
#422 = ORIENTED_EDGE('',*,*,#351,.F.);
#423 = ADVANCED_FACE('',(#424),#252,.T.);
#424 = FACE_BOUND('',#425,.T.);
#425 = EDGE_LOOP('',(#426,#427,#428,#429));
#426 = ORIENTED_EDGE('',*,*,#238,.F.);
#427 = ORIENTED_EDGE('',*,*,#402,.T.);
#428 = ORIENTED_EDGE('',*,*,#376,.T.);
#429 = ORIENTED_EDGE('',*,*,#269,.F.);
#430 = ADVANCED_FACE('',(#431),#336,.F.);
#431 = FACE_BOUND('',#432,.T.);
#432 = EDGE_LOOP('',(#433,#462,#483,#484));
#433 = ORIENTED_EDGE('',*,*,#434,.F.);
#434 = EDGE_CURVE('',#435,#435,#437,.T.);
#435 = VERTEX_POINT('',#436);
#436 = CARTESIAN_POINT('',(-1.21325,1.71675,1.69));
#437 = SURFACE_CURVE('',#438,(#443,#450),.PCURVE_S1.);
#438 = CIRCLE('',#439,0.15);
#439 = AXIS2_PLACEMENT_3D('',#440,#441,#442);
#440 = CARTESIAN_POINT('',(-1.36325,1.71675,1.69));
#441 = DIRECTION('',(0.,0.,1.));
#442 = DIRECTION('',(1.,0.,0.));
#443 = PCURVE('',#336,#444);
#444 = DEFINITIONAL_REPRESENTATION('',(#445),#449);
#445 = LINE('',#446,#447);
#446 = CARTESIAN_POINT('',(-0.,0.));
#447 = VECTOR('',#448,1.);
#448 = DIRECTION('',(-1.,0.));
#449 = ( GEOMETRIC_REPRESENTATION_CONTEXT(2) 
PARAMETRIC_REPRESENTATION_CONTEXT() REPRESENTATION_CONTEXT('2D SPACE',''
  ) );
#450 = PCURVE('',#451,#456);
#451 = PLANE('',#452);
#452 = AXIS2_PLACEMENT_3D('',#453,#454,#455);
#453 = CARTESIAN_POINT('',(-1.36325,1.71675,1.69));
#454 = DIRECTION('',(0.,0.,1.));
#455 = DIRECTION('',(1.,0.,-0.));
#456 = DEFINITIONAL_REPRESENTATION('',(#457),#461);
#457 = CIRCLE('',#458,0.15);
#458 = AXIS2_PLACEMENT_2D('',#459,#460);
#459 = CARTESIAN_POINT('',(0.,0.));
#460 = DIRECTION('',(1.,0.));
#461 = ( GEOMETRIC_REPRESENTATION_CONTEXT(2) 
PARAMETRIC_REPRESENTATION_CONTEXT() REPRESENTATION_CONTEXT('2D SPACE',''
  ) );
#462 = ORIENTED_EDGE('',*,*,#463,.T.);
#463 = EDGE_CURVE('',#435,#316,#464,.T.);
#464 = SEAM_CURVE('',#465,(#469,#476),.PCURVE_S1.);
#465 = LINE('',#466,#467);
#466 = CARTESIAN_POINT('',(-1.21325,1.71675,1.69));
#467 = VECTOR('',#468,1.);
#468 = DIRECTION('',(0.,0.,1.));
#469 = PCURVE('',#336,#470);
#470 = DEFINITIONAL_REPRESENTATION('',(#471),#475);
#471 = LINE('',#472,#473);
#472 = CARTESIAN_POINT('',(-6.28318530718,0.));
#473 = VECTOR('',#474,1.);
#474 = DIRECTION('',(-0.,-1.));
#475 = ( GEOMETRIC_REPRESENTATION_CONTEXT(2) 
PARAMETRIC_REPRESENTATION_CONTEXT() REPRESENTATION_CONTEXT('2D SPACE',''
  ) );
#476 = PCURVE('',#336,#477);
#477 = DEFINITIONAL_REPRESENTATION('',(#478),#482);
#478 = LINE('',#479,#480);
#479 = CARTESIAN_POINT('',(-0.,0.));
#480 = VECTOR('',#481,1.);
#481 = DIRECTION('',(-0.,-1.));
#482 = ( GEOMETRIC_REPRESENTATION_CONTEXT(2) 
PARAMETRIC_REPRESENTATION_CONTEXT() REPRESENTATION_CONTEXT('2D SPACE',''
  ) );
#483 = ORIENTED_EDGE('',*,*,#315,.F.);
#484 = ORIENTED_EDGE('',*,*,#463,.F.);
#485 = ADVANCED_FACE('',(#486),#451,.T.);
#486 = FACE_BOUND('',#487,.T.);
#487 = EDGE_LOOP('',(#488));
#488 = ORIENTED_EDGE('',*,*,#434,.T.);
#489 = ( GEOMETRIC_REPRESENTATION_CONTEXT(3) 
GLOBAL_UNCERTAINTY_ASSIGNED_CONTEXT((#493)) GLOBAL_UNIT_ASSIGNED_CONTEXT
((#490,#491,#492)) REPRESENTATION_CONTEXT('Context #1',
  '3D Context with UNIT and UNCERTAINTY') );
#490 = ( LENGTH_UNIT() NAMED_UNIT(*) SI_UNIT(.MILLI.,.METRE.) );
#491 = ( NAMED_UNIT(*) PLANE_ANGLE_UNIT() SI_UNIT($,.RADIAN.) );
#492 = ( NAMED_UNIT(*) SI_UNIT($,.STERADIAN.) SOLID_ANGLE_UNIT() );
#493 = UNCERTAINTY_MEASURE_WITH_UNIT(LENGTH_MEASURE(1.E-07),#490,
  'distance_accuracy_value','confusion accuracy');
#494 = CONTEXT_DEPENDENT_SHAPE_REPRESENTATION(#495,#497);
#495 = ( REPRESENTATION_RELATIONSHIP('','',#64,#10) 
REPRESENTATION_RELATIONSHIP_WITH_TRANSFORMATION(#496) 
SHAPE_REPRESENTATION_RELATIONSHIP() );
#496 = ITEM_DEFINED_TRANSFORMATION('','',#11,#15);
#497 = PRODUCT_DEFINITION_SHAPE('Placement','Placement of an item',#498
  );
#498 = NEXT_ASSEMBLY_USAGE_OCCURRENCE('1','','',#5,#59,$);
#499 = PRODUCT_RELATED_PRODUCT_CATEGORY('part',$,(#61));
#500 = SHAPE_DEFINITION_REPRESENTATION(#501,#507);
#501 = PRODUCT_DEFINITION_SHAPE('','',#502);
#502 = PRODUCT_DEFINITION('design','',#503,#506);
#503 = PRODUCT_DEFINITION_FORMATION('','',#504);
#504 = PRODUCT('Open CASCADE STEP translator 7.9 1.2',
  'Open CASCADE STEP translator 7.9 1.2','',(#505));
#505 = PRODUCT_CONTEXT('',#2,'mechanical');
#506 = PRODUCT_DEFINITION_CONTEXT('part definition',#2,'design');
#507 = ADVANCED_BREP_SHAPE_REPRESENTATION('',(#11,#508),#1150);
#508 = MANIFOLD_SOLID_BREP('',#509);
#509 = CLOSED_SHELL('',(#510,#630,#706,#782,#858,#934,#1010,#1081,#1112,
    #1139));
#510 = ADVANCED_FACE('',(#511),#525,.T.);
#511 = FACE_BOUND('',#512,.T.);
#512 = EDGE_LOOP('',(#513,#548,#576,#604));
#513 = ORIENTED_EDGE('',*,*,#514,.T.);
#514 = EDGE_CURVE('',#515,#517,#519,.T.);
#515 = VERTEX_POINT('',#516);
#516 = CARTESIAN_POINT('',(-1.9475,2.11,0.65));
#517 = VERTEX_POINT('',#518);
#518 = CARTESIAN_POINT('',(-2.1575,2.11,0.65));
#519 = SURFACE_CURVE('',#520,(#524,#536),.PCURVE_S1.);
#520 = LINE('',#521,#522);
#521 = CARTESIAN_POINT('',(-1.9475,2.11,0.65));
#522 = VECTOR('',#523,1.);
#523 = DIRECTION('',(-1.,1.224646799147E-16,0.));
#524 = PCURVE('',#525,#530);
#525 = PLANE('',#526);
#526 = AXIS2_PLACEMENT_3D('',#527,#528,#529);
#527 = CARTESIAN_POINT('',(-1.9475,1.905,0.65));
#528 = DIRECTION('',(0.,0.,1.));
#529 = DIRECTION('',(-1.,1.224646799147E-16,0.));
#530 = DEFINITIONAL_REPRESENTATION('',(#531),#535);
#531 = LINE('',#532,#533);
#532 = CARTESIAN_POINT('',(2.510525938252E-17,-0.205));
#533 = VECTOR('',#534,1.);
#534 = DIRECTION('',(1.,0.));
#535 = ( GEOMETRIC_REPRESENTATION_CONTEXT(2) 
PARAMETRIC_REPRESENTATION_CONTEXT() REPRESENTATION_CONTEXT('2D SPACE',''
  ) );
#536 = PCURVE('',#537,#542);
#537 = PLANE('',#538);
#538 = AXIS2_PLACEMENT_3D('',#539,#540,#541);
#539 = CARTESIAN_POINT('',(-2.452245178208,2.11,0.276613501463));
#540 = DIRECTION('',(-1.224646799147E-16,-1.,0.));
#541 = DIRECTION('',(0.,0.,1.));
#542 = DEFINITIONAL_REPRESENTATION('',(#543),#547);
#543 = LINE('',#544,#545);
#544 = CARTESIAN_POINT('',(0.373386498537,-0.504745178208));
#545 = VECTOR('',#546,1.);
#546 = DIRECTION('',(0.,1.));
#547 = ( GEOMETRIC_REPRESENTATION_CONTEXT(2) 
PARAMETRIC_REPRESENTATION_CONTEXT() REPRESENTATION_CONTEXT('2D SPACE',''
  ) );
#548 = ORIENTED_EDGE('',*,*,#549,.T.);
#549 = EDGE_CURVE('',#517,#550,#552,.T.);
#550 = VERTEX_POINT('',#551);
#551 = CARTESIAN_POINT('',(-2.1575,1.7,0.65));
#552 = SURFACE_CURVE('',#553,(#557,#564),.PCURVE_S1.);
#553 = LINE('',#554,#555);
#554 = CARTESIAN_POINT('',(-2.1575,2.11,0.65));
#555 = VECTOR('',#556,1.);
#556 = DIRECTION('',(-1.224646799147E-16,-1.,0.));
#557 = PCURVE('',#525,#558);
#558 = DEFINITIONAL_REPRESENTATION('',(#559),#563);
#559 = LINE('',#560,#561);
#560 = CARTESIAN_POINT('',(0.21,-0.205));
#561 = VECTOR('',#562,1.);
#562 = DIRECTION('',(0.,1.));
#563 = ( GEOMETRIC_REPRESENTATION_CONTEXT(2) 
PARAMETRIC_REPRESENTATION_CONTEXT() REPRESENTATION_CONTEXT('2D SPACE',''
  ) );
#564 = PCURVE('',#565,#570);
#565 = PLANE('',#566);
#566 = AXIS2_PLACEMENT_3D('',#567,#568,#569);
#567 = CARTESIAN_POINT('',(-2.1575,1.905,0.65));
#568 = DIRECTION('',(-0.697565468278,8.542713179229E-17,0.716521051656)
  );
#569 = DIRECTION('',(-0.716521051656,8.774852124316E-17,-0.697565468278)
  );
#570 = DEFINITIONAL_REPRESENTATION('',(#571),#575);
#571 = LINE('',#572,#573);
#572 = CARTESIAN_POINT('',(1.798844685485E-17,-0.205));
#573 = VECTOR('',#574,1.);
#574 = DIRECTION('',(0.,1.));
#575 = ( GEOMETRIC_REPRESENTATION_CONTEXT(2) 
PARAMETRIC_REPRESENTATION_CONTEXT() REPRESENTATION_CONTEXT('2D SPACE',''
  ) );
#576 = ORIENTED_EDGE('',*,*,#577,.F.);
#577 = EDGE_CURVE('',#578,#550,#580,.T.);
#578 = VERTEX_POINT('',#579);
#579 = CARTESIAN_POINT('',(-1.9475,1.7,0.65));
#580 = SURFACE_CURVE('',#581,(#585,#592),.PCURVE_S1.);
#581 = LINE('',#582,#583);
#582 = CARTESIAN_POINT('',(-1.9475,1.7,0.65));
#583 = VECTOR('',#584,1.);
#584 = DIRECTION('',(-1.,1.224646799147E-16,0.));
#585 = PCURVE('',#525,#586);
#586 = DEFINITIONAL_REPRESENTATION('',(#587),#591);
#587 = LINE('',#588,#589);
#588 = CARTESIAN_POINT('',(-2.510525938252E-17,0.205));
#589 = VECTOR('',#590,1.);
#590 = DIRECTION('',(1.,0.));
#591 = ( GEOMETRIC_REPRESENTATION_CONTEXT(2) 
PARAMETRIC_REPRESENTATION_CONTEXT() REPRESENTATION_CONTEXT('2D SPACE',''
  ) );
#592 = PCURVE('',#593,#598);
#593 = PLANE('',#594);
#594 = AXIS2_PLACEMENT_3D('',#595,#596,#597);
#595 = CARTESIAN_POINT('',(-2.452245178208,1.7,0.276613501463));
#596 = DIRECTION('',(-1.224646799147E-16,-1.,0.));
#597 = DIRECTION('',(0.,0.,1.));
#598 = DEFINITIONAL_REPRESENTATION('',(#599),#603);
#599 = LINE('',#600,#601);
#600 = CARTESIAN_POINT('',(0.373386498537,-0.504745178208));
#601 = VECTOR('',#602,1.);
#602 = DIRECTION('',(0.,1.));
#603 = ( GEOMETRIC_REPRESENTATION_CONTEXT(2) 
PARAMETRIC_REPRESENTATION_CONTEXT() REPRESENTATION_CONTEXT('2D SPACE',''
  ) );
#604 = ORIENTED_EDGE('',*,*,#605,.T.);
#605 = EDGE_CURVE('',#578,#515,#606,.T.);
#606 = SURFACE_CURVE('',#607,(#611,#618),.PCURVE_S1.);
#607 = LINE('',#608,#609);
#608 = CARTESIAN_POINT('',(-1.9475,1.7,0.65));
#609 = VECTOR('',#610,1.);
#610 = DIRECTION('',(1.224646799147E-16,1.,0.));
#611 = PCURVE('',#525,#612);
#612 = DEFINITIONAL_REPRESENTATION('',(#613),#617);
#613 = LINE('',#614,#615);
#614 = CARTESIAN_POINT('',(-2.510525938252E-17,0.205));
#615 = VECTOR('',#616,1.);
#616 = DIRECTION('',(0.,-1.));
#617 = ( GEOMETRIC_REPRESENTATION_CONTEXT(2) 
PARAMETRIC_REPRESENTATION_CONTEXT() REPRESENTATION_CONTEXT('2D SPACE',''
  ) );
#618 = PCURVE('',#619,#624);
#619 = PLANE('',#620);
#620 = AXIS2_PLACEMENT_3D('',#621,#622,#623);
#621 = CARTESIAN_POINT('',(-1.9475,1.905,0.46));
#622 = DIRECTION('',(1.,-1.224646799147E-16,0.));
#623 = DIRECTION('',(0.,0.,1.));
#624 = DEFINITIONAL_REPRESENTATION('',(#625),#629);
#625 = LINE('',#626,#627);
#626 = CARTESIAN_POINT('',(0.19,0.205));
#627 = VECTOR('',#628,1.);
#628 = DIRECTION('',(0.,-1.));
#629 = ( GEOMETRIC_REPRESENTATION_CONTEXT(2) 
PARAMETRIC_REPRESENTATION_CONTEXT() REPRESENTATION_CONTEXT('2D SPACE',''
  ) );
#630 = ADVANCED_FACE('',(#631),#619,.T.);
#631 = FACE_BOUND('',#632,.T.);
#632 = EDGE_LOOP('',(#633,#656,#657,#680));
#633 = ORIENTED_EDGE('',*,*,#634,.T.);
#634 = EDGE_CURVE('',#635,#515,#637,.T.);
#635 = VERTEX_POINT('',#636);
#636 = CARTESIAN_POINT('',(-1.9475,2.11,0.46));
#637 = SURFACE_CURVE('',#638,(#642,#649),.PCURVE_S1.);
#638 = LINE('',#639,#640);
#639 = CARTESIAN_POINT('',(-1.9475,2.11,0.46));
#640 = VECTOR('',#641,1.);
#641 = DIRECTION('',(0.,0.,1.));
#642 = PCURVE('',#619,#643);
#643 = DEFINITIONAL_REPRESENTATION('',(#644),#648);
#644 = LINE('',#645,#646);
#645 = CARTESIAN_POINT('',(0.,-0.205));
#646 = VECTOR('',#647,1.);
#647 = DIRECTION('',(1.,0.));
#648 = ( GEOMETRIC_REPRESENTATION_CONTEXT(2) 
PARAMETRIC_REPRESENTATION_CONTEXT() REPRESENTATION_CONTEXT('2D SPACE',''
  ) );
#649 = PCURVE('',#537,#650);
#650 = DEFINITIONAL_REPRESENTATION('',(#651),#655);
#651 = LINE('',#652,#653);
#652 = CARTESIAN_POINT('',(0.183386498537,-0.504745178208));
#653 = VECTOR('',#654,1.);
#654 = DIRECTION('',(1.,0.));
#655 = ( GEOMETRIC_REPRESENTATION_CONTEXT(2) 
PARAMETRIC_REPRESENTATION_CONTEXT() REPRESENTATION_CONTEXT('2D SPACE',''
  ) );
#656 = ORIENTED_EDGE('',*,*,#605,.F.);
#657 = ORIENTED_EDGE('',*,*,#658,.F.);
#658 = EDGE_CURVE('',#659,#578,#661,.T.);
#659 = VERTEX_POINT('',#660);
#660 = CARTESIAN_POINT('',(-1.9475,1.7,0.46));
#661 = SURFACE_CURVE('',#662,(#666,#673),.PCURVE_S1.);
#662 = LINE('',#663,#664);
#663 = CARTESIAN_POINT('',(-1.9475,1.7,0.46));
#664 = VECTOR('',#665,1.);
#665 = DIRECTION('',(0.,0.,1.));
#666 = PCURVE('',#619,#667);
#667 = DEFINITIONAL_REPRESENTATION('',(#668),#672);
#668 = LINE('',#669,#670);
#669 = CARTESIAN_POINT('',(0.,0.205));
#670 = VECTOR('',#671,1.);
#671 = DIRECTION('',(1.,0.));
#672 = ( GEOMETRIC_REPRESENTATION_CONTEXT(2) 
PARAMETRIC_REPRESENTATION_CONTEXT() REPRESENTATION_CONTEXT('2D SPACE',''
  ) );
#673 = PCURVE('',#593,#674);
#674 = DEFINITIONAL_REPRESENTATION('',(#675),#679);
#675 = LINE('',#676,#677);
#676 = CARTESIAN_POINT('',(0.183386498537,-0.504745178208));
#677 = VECTOR('',#678,1.);
#678 = DIRECTION('',(1.,0.));
#679 = ( GEOMETRIC_REPRESENTATION_CONTEXT(2) 
PARAMETRIC_REPRESENTATION_CONTEXT() REPRESENTATION_CONTEXT('2D SPACE',''
  ) );
#680 = ORIENTED_EDGE('',*,*,#681,.T.);
#681 = EDGE_CURVE('',#659,#635,#682,.T.);
#682 = SURFACE_CURVE('',#683,(#687,#694),.PCURVE_S1.);
#683 = LINE('',#684,#685);
#684 = CARTESIAN_POINT('',(-1.9475,1.7,0.46));
#685 = VECTOR('',#686,1.);
#686 = DIRECTION('',(1.224646799147E-16,1.,0.));
#687 = PCURVE('',#619,#688);
#688 = DEFINITIONAL_REPRESENTATION('',(#689),#693);
#689 = LINE('',#690,#691);
#690 = CARTESIAN_POINT('',(0.,0.205));
#691 = VECTOR('',#692,1.);
#692 = DIRECTION('',(0.,-1.));
#693 = ( GEOMETRIC_REPRESENTATION_CONTEXT(2) 
PARAMETRIC_REPRESENTATION_CONTEXT() REPRESENTATION_CONTEXT('2D SPACE',''
  ) );
#694 = PCURVE('',#695,#700);
#695 = PLANE('',#696);
#696 = AXIS2_PLACEMENT_3D('',#697,#698,#699);
#697 = CARTESIAN_POINT('',(-2.0315,1.905,0.46));
#698 = DIRECTION('',(0.,0.,-1.));
#699 = DIRECTION('',(1.,-1.224646799147E-16,0.));
#700 = DEFINITIONAL_REPRESENTATION('',(#701),#705);
#701 = LINE('',#702,#703);
#702 = CARTESIAN_POINT('',(8.4E-02,0.205));
#703 = VECTOR('',#704,1.);
#704 = DIRECTION('',(0.,-1.));
#705 = ( GEOMETRIC_REPRESENTATION_CONTEXT(2) 
PARAMETRIC_REPRESENTATION_CONTEXT() REPRESENTATION_CONTEXT('2D SPACE',''
  ) );
#706 = ADVANCED_FACE('',(#707),#695,.T.);
#707 = FACE_BOUND('',#708,.T.);
#708 = EDGE_LOOP('',(#709,#732,#733,#756));
#709 = ORIENTED_EDGE('',*,*,#710,.T.);
#710 = EDGE_CURVE('',#711,#635,#713,.T.);
#711 = VERTEX_POINT('',#712);
#712 = CARTESIAN_POINT('',(-2.0315,2.11,0.46));
#713 = SURFACE_CURVE('',#714,(#718,#725),.PCURVE_S1.);
#714 = LINE('',#715,#716);
#715 = CARTESIAN_POINT('',(-2.0315,2.11,0.46));
#716 = VECTOR('',#717,1.);
#717 = DIRECTION('',(1.,-1.224646799147E-16,0.));
#718 = PCURVE('',#695,#719);
#719 = DEFINITIONAL_REPRESENTATION('',(#720),#724);
#720 = LINE('',#721,#722);
#721 = CARTESIAN_POINT('',(-2.510525938252E-17,-0.205));
#722 = VECTOR('',#723,1.);
#723 = DIRECTION('',(1.,0.));
#724 = ( GEOMETRIC_REPRESENTATION_CONTEXT(2) 
PARAMETRIC_REPRESENTATION_CONTEXT() REPRESENTATION_CONTEXT('2D SPACE',''
  ) );
#725 = PCURVE('',#537,#726);
#726 = DEFINITIONAL_REPRESENTATION('',(#727),#731);
#727 = LINE('',#728,#729);
#728 = CARTESIAN_POINT('',(0.183386498537,-0.420745178208));
#729 = VECTOR('',#730,1.);
#730 = DIRECTION('',(0.,-1.));
#731 = ( GEOMETRIC_REPRESENTATION_CONTEXT(2) 
PARAMETRIC_REPRESENTATION_CONTEXT() REPRESENTATION_CONTEXT('2D SPACE',''
  ) );
#732 = ORIENTED_EDGE('',*,*,#681,.F.);
#733 = ORIENTED_EDGE('',*,*,#734,.F.);
#734 = EDGE_CURVE('',#735,#659,#737,.T.);
#735 = VERTEX_POINT('',#736);
#736 = CARTESIAN_POINT('',(-2.0315,1.7,0.46));
#737 = SURFACE_CURVE('',#738,(#742,#749),.PCURVE_S1.);
#738 = LINE('',#739,#740);
#739 = CARTESIAN_POINT('',(-2.0315,1.7,0.46));
#740 = VECTOR('',#741,1.);
#741 = DIRECTION('',(1.,-1.224646799147E-16,0.));
#742 = PCURVE('',#695,#743);
#743 = DEFINITIONAL_REPRESENTATION('',(#744),#748);
#744 = LINE('',#745,#746);
#745 = CARTESIAN_POINT('',(2.510525938252E-17,0.205));
#746 = VECTOR('',#747,1.);
#747 = DIRECTION('',(1.,0.));
#748 = ( GEOMETRIC_REPRESENTATION_CONTEXT(2) 
PARAMETRIC_REPRESENTATION_CONTEXT() REPRESENTATION_CONTEXT('2D SPACE',''
  ) );
#749 = PCURVE('',#593,#750);
#750 = DEFINITIONAL_REPRESENTATION('',(#751),#755);
#751 = LINE('',#752,#753);
#752 = CARTESIAN_POINT('',(0.183386498537,-0.420745178208));
#753 = VECTOR('',#754,1.);
#754 = DIRECTION('',(0.,-1.));
#755 = ( GEOMETRIC_REPRESENTATION_CONTEXT(2) 
PARAMETRIC_REPRESENTATION_CONTEXT() REPRESENTATION_CONTEXT('2D SPACE',''
  ) );
#756 = ORIENTED_EDGE('',*,*,#757,.T.);
#757 = EDGE_CURVE('',#735,#711,#758,.T.);
#758 = SURFACE_CURVE('',#759,(#763,#770),.PCURVE_S1.);
#759 = LINE('',#760,#761);
#760 = CARTESIAN_POINT('',(-2.0315,1.7,0.46));
#761 = VECTOR('',#762,1.);
#762 = DIRECTION('',(1.224646799147E-16,1.,0.));
#763 = PCURVE('',#695,#764);
#764 = DEFINITIONAL_REPRESENTATION('',(#765),#769);
#765 = LINE('',#766,#767);
#766 = CARTESIAN_POINT('',(2.510525938252E-17,0.205));
#767 = VECTOR('',#768,1.);
#768 = DIRECTION('',(0.,-1.));
#769 = ( GEOMETRIC_REPRESENTATION_CONTEXT(2) 
PARAMETRIC_REPRESENTATION_CONTEXT() REPRESENTATION_CONTEXT('2D SPACE',''
  ) );
#770 = PCURVE('',#771,#776);
#771 = PLANE('',#772);
#772 = AXIS2_PLACEMENT_3D('',#773,#774,#775);
#773 = CARTESIAN_POINT('',(-2.4725,1.905,0.));
#774 = DIRECTION('',(0.721857539295,-8.840205249382E-17,-0.692041684411)
  );
#775 = DIRECTION('',(0.692041684411,-8.475066336908E-17,0.721857539295)
  );
#776 = DEFINITIONAL_REPRESENTATION('',(#777),#781);
#777 = LINE('',#778,#779);
#778 = CARTESIAN_POINT('',(0.637244850901,0.205));
#779 = VECTOR('',#780,1.);
#780 = DIRECTION('',(0.,-1.));
#781 = ( GEOMETRIC_REPRESENTATION_CONTEXT(2) 
PARAMETRIC_REPRESENTATION_CONTEXT() REPRESENTATION_CONTEXT('2D SPACE',''
  ) );
#782 = ADVANCED_FACE('',(#783),#771,.T.);
#783 = FACE_BOUND('',#784,.T.);
#784 = EDGE_LOOP('',(#785,#815,#836,#837));
#785 = ORIENTED_EDGE('',*,*,#786,.F.);
#786 = EDGE_CURVE('',#787,#789,#791,.T.);
#787 = VERTEX_POINT('',#788);
#788 = CARTESIAN_POINT('',(-2.4725,2.11,0.));
#789 = VERTEX_POINT('',#790);
#790 = CARTESIAN_POINT('',(-2.4725,1.7,0.));
#791 = SURFACE_CURVE('',#792,(#796,#803),.PCURVE_S1.);
#792 = LINE('',#793,#794);
#793 = CARTESIAN_POINT('',(-2.4725,2.11,0.));
#794 = VECTOR('',#795,1.);
#795 = DIRECTION('',(-1.224646799147E-16,-1.,0.));
#796 = PCURVE('',#771,#797);
#797 = DEFINITIONAL_REPRESENTATION('',(#798),#802);
#798 = LINE('',#799,#800);
#799 = CARTESIAN_POINT('',(-2.642704108933E-17,-0.205));
#800 = VECTOR('',#801,1.);
#801 = DIRECTION('',(0.,1.));
#802 = ( GEOMETRIC_REPRESENTATION_CONTEXT(2) 
PARAMETRIC_REPRESENTATION_CONTEXT() REPRESENTATION_CONTEXT('2D SPACE',''
  ) );
#803 = PCURVE('',#804,#809);
#804 = PLANE('',#805);
#805 = AXIS2_PLACEMENT_3D('',#806,#807,#808);
#806 = CARTESIAN_POINT('',(-2.9975,1.905,0.));
#807 = DIRECTION('',(0.,0.,-1.));
#808 = DIRECTION('',(1.,-1.224646799147E-16,0.));
#809 = DEFINITIONAL_REPRESENTATION('',(#810),#814);
#810 = LINE('',#811,#812);
#811 = CARTESIAN_POINT('',(0.525,-0.205));
#812 = VECTOR('',#813,1.);
#813 = DIRECTION('',(0.,1.));
#814 = ( GEOMETRIC_REPRESENTATION_CONTEXT(2) 
PARAMETRIC_REPRESENTATION_CONTEXT() REPRESENTATION_CONTEXT('2D SPACE',''
  ) );
#815 = ORIENTED_EDGE('',*,*,#816,.T.);
#816 = EDGE_CURVE('',#787,#711,#817,.T.);
#817 = SURFACE_CURVE('',#818,(#822,#829),.PCURVE_S1.);
#818 = LINE('',#819,#820);
#819 = CARTESIAN_POINT('',(-2.4725,2.11,0.));
#820 = VECTOR('',#821,1.);
#821 = DIRECTION('',(0.692041684411,-8.475066336908E-17,0.721857539295)
  );
#822 = PCURVE('',#771,#823);
#823 = DEFINITIONAL_REPRESENTATION('',(#824),#828);
#824 = LINE('',#825,#826);
#825 = CARTESIAN_POINT('',(-2.642704108933E-17,-0.205));
#826 = VECTOR('',#827,1.);
#827 = DIRECTION('',(1.,0.));
#828 = ( GEOMETRIC_REPRESENTATION_CONTEXT(2) 
PARAMETRIC_REPRESENTATION_CONTEXT() REPRESENTATION_CONTEXT('2D SPACE',''
  ) );
#829 = PCURVE('',#537,#830);
#830 = DEFINITIONAL_REPRESENTATION('',(#831),#835);
#831 = LINE('',#832,#833);
#832 = CARTESIAN_POINT('',(-0.276613501463,2.025482179178E-02));
#833 = VECTOR('',#834,1.);
#834 = DIRECTION('',(0.721857539295,-0.692041684411));
#835 = ( GEOMETRIC_REPRESENTATION_CONTEXT(2) 
PARAMETRIC_REPRESENTATION_CONTEXT() REPRESENTATION_CONTEXT('2D SPACE',''
  ) );
#836 = ORIENTED_EDGE('',*,*,#757,.F.);
#837 = ORIENTED_EDGE('',*,*,#838,.F.);
#838 = EDGE_CURVE('',#789,#735,#839,.T.);
#839 = SURFACE_CURVE('',#840,(#844,#851),.PCURVE_S1.);
#840 = LINE('',#841,#842);
#841 = CARTESIAN_POINT('',(-2.4725,1.7,0.));
#842 = VECTOR('',#843,1.);
#843 = DIRECTION('',(0.692041684411,-8.475066336908E-17,0.721857539295)
  );
#844 = PCURVE('',#771,#845);
#845 = DEFINITIONAL_REPRESENTATION('',(#846),#850);
#846 = LINE('',#847,#848);
#847 = CARTESIAN_POINT('',(2.642704108933E-17,0.205));
#848 = VECTOR('',#849,1.);
#849 = DIRECTION('',(1.,0.));
#850 = ( GEOMETRIC_REPRESENTATION_CONTEXT(2) 
PARAMETRIC_REPRESENTATION_CONTEXT() REPRESENTATION_CONTEXT('2D SPACE',''
  ) );
#851 = PCURVE('',#593,#852);
#852 = DEFINITIONAL_REPRESENTATION('',(#853),#857);
#853 = LINE('',#854,#855);
#854 = CARTESIAN_POINT('',(-0.276613501463,2.025482179178E-02));
#855 = VECTOR('',#856,1.);
#856 = DIRECTION('',(0.721857539295,-0.692041684411));
#857 = ( GEOMETRIC_REPRESENTATION_CONTEXT(2) 
PARAMETRIC_REPRESENTATION_CONTEXT() REPRESENTATION_CONTEXT('2D SPACE',''
  ) );
#858 = ADVANCED_FACE('',(#859),#804,.T.);
#859 = FACE_BOUND('',#860,.T.);
#860 = EDGE_LOOP('',(#861,#891,#912,#913));
#861 = ORIENTED_EDGE('',*,*,#862,.F.);
#862 = EDGE_CURVE('',#863,#865,#867,.T.);
#863 = VERTEX_POINT('',#864);
#864 = CARTESIAN_POINT('',(-2.9975,2.11,0.));
#865 = VERTEX_POINT('',#866);
#866 = CARTESIAN_POINT('',(-2.9975,1.7,0.));
#867 = SURFACE_CURVE('',#868,(#872,#879),.PCURVE_S1.);
#868 = LINE('',#869,#870);
#869 = CARTESIAN_POINT('',(-2.9975,2.11,0.));
#870 = VECTOR('',#871,1.);
#871 = DIRECTION('',(-1.224646799147E-16,-1.,0.));
#872 = PCURVE('',#804,#873);
#873 = DEFINITIONAL_REPRESENTATION('',(#874),#878);
#874 = LINE('',#875,#876);
#875 = CARTESIAN_POINT('',(-2.510525938252E-17,-0.205));
#876 = VECTOR('',#877,1.);
#877 = DIRECTION('',(0.,1.));
#878 = ( GEOMETRIC_REPRESENTATION_CONTEXT(2) 
PARAMETRIC_REPRESENTATION_CONTEXT() REPRESENTATION_CONTEXT('2D SPACE',''
  ) );
#879 = PCURVE('',#880,#885);
#880 = PLANE('',#881);
#881 = AXIS2_PLACEMENT_3D('',#882,#883,#884);
#882 = CARTESIAN_POINT('',(-2.9975,1.905,0.19));
#883 = DIRECTION('',(-1.,1.224646799147E-16,0.));
#884 = DIRECTION('',(-0.,0.,-1.));
#885 = DEFINITIONAL_REPRESENTATION('',(#886),#890);
#886 = LINE('',#887,#888);
#887 = CARTESIAN_POINT('',(0.19,-0.205));
#888 = VECTOR('',#889,1.);
#889 = DIRECTION('',(0.,1.));
#890 = ( GEOMETRIC_REPRESENTATION_CONTEXT(2) 
PARAMETRIC_REPRESENTATION_CONTEXT() REPRESENTATION_CONTEXT('2D SPACE',''
  ) );
#891 = ORIENTED_EDGE('',*,*,#892,.T.);
#892 = EDGE_CURVE('',#863,#787,#893,.T.);
#893 = SURFACE_CURVE('',#894,(#898,#905),.PCURVE_S1.);
#894 = LINE('',#895,#896);
#895 = CARTESIAN_POINT('',(-2.9975,2.11,0.));
#896 = VECTOR('',#897,1.);
#897 = DIRECTION('',(1.,-1.224646799147E-16,0.));
#898 = PCURVE('',#804,#899);
#899 = DEFINITIONAL_REPRESENTATION('',(#900),#904);
#900 = LINE('',#901,#902);
#901 = CARTESIAN_POINT('',(-2.510525938252E-17,-0.205));
#902 = VECTOR('',#903,1.);
#903 = DIRECTION('',(1.,0.));
#904 = ( GEOMETRIC_REPRESENTATION_CONTEXT(2) 
PARAMETRIC_REPRESENTATION_CONTEXT() REPRESENTATION_CONTEXT('2D SPACE',''
  ) );
#905 = PCURVE('',#537,#906);
#906 = DEFINITIONAL_REPRESENTATION('',(#907),#911);
#907 = LINE('',#908,#909);
#908 = CARTESIAN_POINT('',(-0.276613501463,0.545254821792));
#909 = VECTOR('',#910,1.);
#910 = DIRECTION('',(0.,-1.));
#911 = ( GEOMETRIC_REPRESENTATION_CONTEXT(2) 
PARAMETRIC_REPRESENTATION_CONTEXT() REPRESENTATION_CONTEXT('2D SPACE',''
  ) );
#912 = ORIENTED_EDGE('',*,*,#786,.T.);
#913 = ORIENTED_EDGE('',*,*,#914,.F.);
#914 = EDGE_CURVE('',#865,#789,#915,.T.);
#915 = SURFACE_CURVE('',#916,(#920,#927),.PCURVE_S1.);
#916 = LINE('',#917,#918);
#917 = CARTESIAN_POINT('',(-2.9975,1.7,0.));
#918 = VECTOR('',#919,1.);
#919 = DIRECTION('',(1.,-1.224646799147E-16,0.));
#920 = PCURVE('',#804,#921);
#921 = DEFINITIONAL_REPRESENTATION('',(#922),#926);
#922 = LINE('',#923,#924);
#923 = CARTESIAN_POINT('',(2.510525938252E-17,0.205));
#924 = VECTOR('',#925,1.);
#925 = DIRECTION('',(1.,0.));
#926 = ( GEOMETRIC_REPRESENTATION_CONTEXT(2) 
PARAMETRIC_REPRESENTATION_CONTEXT() REPRESENTATION_CONTEXT('2D SPACE',''
  ) );
#927 = PCURVE('',#593,#928);
#928 = DEFINITIONAL_REPRESENTATION('',(#929),#933);
#929 = LINE('',#930,#931);
#930 = CARTESIAN_POINT('',(-0.276613501463,0.545254821792));
#931 = VECTOR('',#932,1.);
#932 = DIRECTION('',(0.,-1.));
#933 = ( GEOMETRIC_REPRESENTATION_CONTEXT(2) 
PARAMETRIC_REPRESENTATION_CONTEXT() REPRESENTATION_CONTEXT('2D SPACE',''
  ) );
#934 = ADVANCED_FACE('',(#935),#880,.T.);
#935 = FACE_BOUND('',#936,.T.);
#936 = EDGE_LOOP('',(#937,#967,#988,#989));
#937 = ORIENTED_EDGE('',*,*,#938,.F.);
#938 = EDGE_CURVE('',#939,#941,#943,.T.);
#939 = VERTEX_POINT('',#940);
#940 = CARTESIAN_POINT('',(-2.9975,2.11,0.19));
#941 = VERTEX_POINT('',#942);
#942 = CARTESIAN_POINT('',(-2.9975,1.7,0.19));
#943 = SURFACE_CURVE('',#944,(#948,#955),.PCURVE_S1.);
#944 = LINE('',#945,#946);
#945 = CARTESIAN_POINT('',(-2.9975,2.11,0.19));
#946 = VECTOR('',#947,1.);
#947 = DIRECTION('',(-1.224646799147E-16,-1.,0.));
#948 = PCURVE('',#880,#949);
#949 = DEFINITIONAL_REPRESENTATION('',(#950),#954);
#950 = LINE('',#951,#952);
#951 = CARTESIAN_POINT('',(0.,-0.205));
#952 = VECTOR('',#953,1.);
#953 = DIRECTION('',(0.,1.));
#954 = ( GEOMETRIC_REPRESENTATION_CONTEXT(2) 
PARAMETRIC_REPRESENTATION_CONTEXT() REPRESENTATION_CONTEXT('2D SPACE',''
  ) );
#955 = PCURVE('',#956,#961);
#956 = PLANE('',#957);
#957 = AXIS2_PLACEMENT_3D('',#958,#959,#960);
#958 = CARTESIAN_POINT('',(-2.63,1.905,0.19));
#959 = DIRECTION('',(0.,0.,1.));
#960 = DIRECTION('',(-1.,1.224646799147E-16,0.));
#961 = DEFINITIONAL_REPRESENTATION('',(#962),#966);
#962 = LINE('',#963,#964);
#963 = CARTESIAN_POINT('',(0.3675,-0.205));
#964 = VECTOR('',#965,1.);
#965 = DIRECTION('',(0.,1.));
#966 = ( GEOMETRIC_REPRESENTATION_CONTEXT(2) 
PARAMETRIC_REPRESENTATION_CONTEXT() REPRESENTATION_CONTEXT('2D SPACE',''
  ) );
#967 = ORIENTED_EDGE('',*,*,#968,.T.);
#968 = EDGE_CURVE('',#939,#863,#969,.T.);
#969 = SURFACE_CURVE('',#970,(#974,#981),.PCURVE_S1.);
#970 = LINE('',#971,#972);
#971 = CARTESIAN_POINT('',(-2.9975,2.11,0.19));
#972 = VECTOR('',#973,1.);
#973 = DIRECTION('',(-0.,0.,-1.));
#974 = PCURVE('',#880,#975);
#975 = DEFINITIONAL_REPRESENTATION('',(#976),#980);
#976 = LINE('',#977,#978);
#977 = CARTESIAN_POINT('',(0.,-0.205));
#978 = VECTOR('',#979,1.);
#979 = DIRECTION('',(1.,-0.));
#980 = ( GEOMETRIC_REPRESENTATION_CONTEXT(2) 
PARAMETRIC_REPRESENTATION_CONTEXT() REPRESENTATION_CONTEXT('2D SPACE',''
  ) );
#981 = PCURVE('',#537,#982);
#982 = DEFINITIONAL_REPRESENTATION('',(#983),#987);
#983 = LINE('',#984,#985);
#984 = CARTESIAN_POINT('',(-8.661350146282E-02,0.545254821792));
#985 = VECTOR('',#986,1.);
#986 = DIRECTION('',(-1.,0.));
#987 = ( GEOMETRIC_REPRESENTATION_CONTEXT(2) 
PARAMETRIC_REPRESENTATION_CONTEXT() REPRESENTATION_CONTEXT('2D SPACE',''
  ) );
#988 = ORIENTED_EDGE('',*,*,#862,.T.);
#989 = ORIENTED_EDGE('',*,*,#990,.F.);
#990 = EDGE_CURVE('',#941,#865,#991,.T.);
#991 = SURFACE_CURVE('',#992,(#996,#1003),.PCURVE_S1.);
#992 = LINE('',#993,#994);
#993 = CARTESIAN_POINT('',(-2.9975,1.7,0.19));
#994 = VECTOR('',#995,1.);
#995 = DIRECTION('',(-0.,0.,-1.));
#996 = PCURVE('',#880,#997);
#997 = DEFINITIONAL_REPRESENTATION('',(#998),#1002);
#998 = LINE('',#999,#1000);
#999 = CARTESIAN_POINT('',(-0.,0.205));
#1000 = VECTOR('',#1001,1.);
#1001 = DIRECTION('',(1.,-0.));
#1002 = ( GEOMETRIC_REPRESENTATION_CONTEXT(2) 
PARAMETRIC_REPRESENTATION_CONTEXT() REPRESENTATION_CONTEXT('2D SPACE',''
  ) );
#1003 = PCURVE('',#593,#1004);
#1004 = DEFINITIONAL_REPRESENTATION('',(#1005),#1009);
#1005 = LINE('',#1006,#1007);
#1006 = CARTESIAN_POINT('',(-8.661350146282E-02,0.545254821792));
#1007 = VECTOR('',#1008,1.);
#1008 = DIRECTION('',(-1.,0.));
#1009 = ( GEOMETRIC_REPRESENTATION_CONTEXT(2) 
PARAMETRIC_REPRESENTATION_CONTEXT() REPRESENTATION_CONTEXT('2D SPACE',''
  ) );
#1010 = ADVANCED_FACE('',(#1011),#956,.T.);
#1011 = FACE_BOUND('',#1012,.T.);
#1012 = EDGE_LOOP('',(#1013,#1038,#1059,#1060));
#1013 = ORIENTED_EDGE('',*,*,#1014,.F.);
#1014 = EDGE_CURVE('',#1015,#1017,#1019,.T.);
#1015 = VERTEX_POINT('',#1016);
#1016 = CARTESIAN_POINT('',(-2.63,2.11,0.19));
#1017 = VERTEX_POINT('',#1018);
#1018 = CARTESIAN_POINT('',(-2.63,1.7,0.19));
#1019 = SURFACE_CURVE('',#1020,(#1024,#1031),.PCURVE_S1.);
#1020 = LINE('',#1021,#1022);
#1021 = CARTESIAN_POINT('',(-2.63,2.11,0.19));
#1022 = VECTOR('',#1023,1.);
#1023 = DIRECTION('',(-1.224646799147E-16,-1.,0.));
#1024 = PCURVE('',#956,#1025);
#1025 = DEFINITIONAL_REPRESENTATION('',(#1026),#1030);
#1026 = LINE('',#1027,#1028);
#1027 = CARTESIAN_POINT('',(2.510525938252E-17,-0.205));
#1028 = VECTOR('',#1029,1.);
#1029 = DIRECTION('',(0.,1.));
#1030 = ( GEOMETRIC_REPRESENTATION_CONTEXT(2) 
PARAMETRIC_REPRESENTATION_CONTEXT() REPRESENTATION_CONTEXT('2D SPACE',''
  ) );
#1031 = PCURVE('',#565,#1032);
#1032 = DEFINITIONAL_REPRESENTATION('',(#1033),#1037);
#1033 = LINE('',#1034,#1035);
#1034 = CARTESIAN_POINT('',(0.659436312315,-0.205));
#1035 = VECTOR('',#1036,1.);
#1036 = DIRECTION('',(0.,1.));
#1037 = ( GEOMETRIC_REPRESENTATION_CONTEXT(2) 
PARAMETRIC_REPRESENTATION_CONTEXT() REPRESENTATION_CONTEXT('2D SPACE',''
  ) );
#1038 = ORIENTED_EDGE('',*,*,#1039,.T.);
#1039 = EDGE_CURVE('',#1015,#939,#1040,.T.);
#1040 = SURFACE_CURVE('',#1041,(#1045,#1052),.PCURVE_S1.);
#1041 = LINE('',#1042,#1043);
#1042 = CARTESIAN_POINT('',(-2.63,2.11,0.19));
#1043 = VECTOR('',#1044,1.);
#1044 = DIRECTION('',(-1.,1.224646799147E-16,0.));
#1045 = PCURVE('',#956,#1046);
#1046 = DEFINITIONAL_REPRESENTATION('',(#1047),#1051);
#1047 = LINE('',#1048,#1049);
#1048 = CARTESIAN_POINT('',(2.510525938252E-17,-0.205));
#1049 = VECTOR('',#1050,1.);
#1050 = DIRECTION('',(1.,0.));
#1051 = ( GEOMETRIC_REPRESENTATION_CONTEXT(2) 
PARAMETRIC_REPRESENTATION_CONTEXT() REPRESENTATION_CONTEXT('2D SPACE',''
  ) );
#1052 = PCURVE('',#537,#1053);
#1053 = DEFINITIONAL_REPRESENTATION('',(#1054),#1058);
#1054 = LINE('',#1055,#1056);
#1055 = CARTESIAN_POINT('',(-8.661350146282E-02,0.177754821792));
#1056 = VECTOR('',#1057,1.);
#1057 = DIRECTION('',(0.,1.));
#1058 = ( GEOMETRIC_REPRESENTATION_CONTEXT(2) 
PARAMETRIC_REPRESENTATION_CONTEXT() REPRESENTATION_CONTEXT('2D SPACE',''
  ) );
#1059 = ORIENTED_EDGE('',*,*,#938,.T.);
#1060 = ORIENTED_EDGE('',*,*,#1061,.F.);
#1061 = EDGE_CURVE('',#1017,#941,#1062,.T.);
#1062 = SURFACE_CURVE('',#1063,(#1067,#1074),.PCURVE_S1.);
#1063 = LINE('',#1064,#1065);
#1064 = CARTESIAN_POINT('',(-2.63,1.7,0.19));
#1065 = VECTOR('',#1066,1.);
#1066 = DIRECTION('',(-1.,1.224646799147E-16,0.));
#1067 = PCURVE('',#956,#1068);
#1068 = DEFINITIONAL_REPRESENTATION('',(#1069),#1073);
#1069 = LINE('',#1070,#1071);
#1070 = CARTESIAN_POINT('',(-2.510525938252E-17,0.205));
#1071 = VECTOR('',#1072,1.);
#1072 = DIRECTION('',(1.,0.));
#1073 = ( GEOMETRIC_REPRESENTATION_CONTEXT(2) 
PARAMETRIC_REPRESENTATION_CONTEXT() REPRESENTATION_CONTEXT('2D SPACE',''
  ) );
#1074 = PCURVE('',#593,#1075);
#1075 = DEFINITIONAL_REPRESENTATION('',(#1076),#1080);
#1076 = LINE('',#1077,#1078);
#1077 = CARTESIAN_POINT('',(-8.661350146282E-02,0.177754821792));
#1078 = VECTOR('',#1079,1.);
#1079 = DIRECTION('',(0.,1.));
#1080 = ( GEOMETRIC_REPRESENTATION_CONTEXT(2) 
PARAMETRIC_REPRESENTATION_CONTEXT() REPRESENTATION_CONTEXT('2D SPACE',''
  ) );
#1081 = ADVANCED_FACE('',(#1082),#593,.T.);
#1082 = FACE_BOUND('',#1083,.T.);
#1083 = EDGE_LOOP('',(#1084,#1085,#1106,#1107,#1108,#1109,#1110,#1111));
#1084 = ORIENTED_EDGE('',*,*,#577,.T.);
#1085 = ORIENTED_EDGE('',*,*,#1086,.T.);
#1086 = EDGE_CURVE('',#550,#1017,#1087,.T.);
#1087 = SURFACE_CURVE('',#1088,(#1092,#1099),.PCURVE_S1.);
#1088 = LINE('',#1089,#1090);
#1089 = CARTESIAN_POINT('',(-2.1575,1.7,0.65));
#1090 = VECTOR('',#1091,1.);
#1091 = DIRECTION('',(-0.716521051656,8.774852124316E-17,-0.697565468278
    ));
#1092 = PCURVE('',#593,#1093);
#1093 = DEFINITIONAL_REPRESENTATION('',(#1094),#1098);
#1094 = LINE('',#1095,#1096);
#1095 = CARTESIAN_POINT('',(0.373386498537,-0.294745178208));
#1096 = VECTOR('',#1097,1.);
#1097 = DIRECTION('',(-0.697565468278,0.716521051656));
#1098 = ( GEOMETRIC_REPRESENTATION_CONTEXT(2) 
PARAMETRIC_REPRESENTATION_CONTEXT() REPRESENTATION_CONTEXT('2D SPACE',''
  ) );
#1099 = PCURVE('',#565,#1100);
#1100 = DEFINITIONAL_REPRESENTATION('',(#1101),#1105);
#1101 = LINE('',#1102,#1103);
#1102 = CARTESIAN_POINT('',(-1.798844685485E-17,0.205));
#1103 = VECTOR('',#1104,1.);
#1104 = DIRECTION('',(1.,0.));
#1105 = ( GEOMETRIC_REPRESENTATION_CONTEXT(2) 
PARAMETRIC_REPRESENTATION_CONTEXT() REPRESENTATION_CONTEXT('2D SPACE',''
  ) );
#1106 = ORIENTED_EDGE('',*,*,#1061,.T.);
#1107 = ORIENTED_EDGE('',*,*,#990,.T.);
#1108 = ORIENTED_EDGE('',*,*,#914,.T.);
#1109 = ORIENTED_EDGE('',*,*,#838,.T.);
#1110 = ORIENTED_EDGE('',*,*,#734,.T.);
#1111 = ORIENTED_EDGE('',*,*,#658,.T.);
#1112 = ADVANCED_FACE('',(#1113),#565,.T.);
#1113 = FACE_BOUND('',#1114,.T.);
#1114 = EDGE_LOOP('',(#1115,#1116,#1137,#1138));
#1115 = ORIENTED_EDGE('',*,*,#549,.F.);
#1116 = ORIENTED_EDGE('',*,*,#1117,.T.);
#1117 = EDGE_CURVE('',#517,#1015,#1118,.T.);
#1118 = SURFACE_CURVE('',#1119,(#1123,#1130),.PCURVE_S1.);
#1119 = LINE('',#1120,#1121);
#1120 = CARTESIAN_POINT('',(-2.1575,2.11,0.65));
#1121 = VECTOR('',#1122,1.);
#1122 = DIRECTION('',(-0.716521051656,8.774852124316E-17,-0.697565468278
    ));
#1123 = PCURVE('',#565,#1124);
#1124 = DEFINITIONAL_REPRESENTATION('',(#1125),#1129);
#1125 = LINE('',#1126,#1127);
#1126 = CARTESIAN_POINT('',(1.798844685485E-17,-0.205));
#1127 = VECTOR('',#1128,1.);
#1128 = DIRECTION('',(1.,0.));
#1129 = ( GEOMETRIC_REPRESENTATION_CONTEXT(2) 
PARAMETRIC_REPRESENTATION_CONTEXT() REPRESENTATION_CONTEXT('2D SPACE',''
  ) );
#1130 = PCURVE('',#537,#1131);
#1131 = DEFINITIONAL_REPRESENTATION('',(#1132),#1136);
#1132 = LINE('',#1133,#1134);
#1133 = CARTESIAN_POINT('',(0.373386498537,-0.294745178208));
#1134 = VECTOR('',#1135,1.);
#1135 = DIRECTION('',(-0.697565468278,0.716521051656));
#1136 = ( GEOMETRIC_REPRESENTATION_CONTEXT(2) 
PARAMETRIC_REPRESENTATION_CONTEXT() REPRESENTATION_CONTEXT('2D SPACE',''
  ) );
#1137 = ORIENTED_EDGE('',*,*,#1014,.T.);
#1138 = ORIENTED_EDGE('',*,*,#1086,.F.);
#1139 = ADVANCED_FACE('',(#1140),#537,.F.);
#1140 = FACE_BOUND('',#1141,.F.);
#1141 = EDGE_LOOP('',(#1142,#1143,#1144,#1145,#1146,#1147,#1148,#1149));
#1142 = ORIENTED_EDGE('',*,*,#514,.T.);
#1143 = ORIENTED_EDGE('',*,*,#1117,.T.);
#1144 = ORIENTED_EDGE('',*,*,#1039,.T.);
#1145 = ORIENTED_EDGE('',*,*,#968,.T.);
#1146 = ORIENTED_EDGE('',*,*,#892,.T.);
#1147 = ORIENTED_EDGE('',*,*,#816,.T.);
#1148 = ORIENTED_EDGE('',*,*,#710,.T.);
#1149 = ORIENTED_EDGE('',*,*,#634,.T.);
#1150 = ( GEOMETRIC_REPRESENTATION_CONTEXT(3) 
GLOBAL_UNCERTAINTY_ASSIGNED_CONTEXT((#1154)) 
GLOBAL_UNIT_ASSIGNED_CONTEXT((#1151,#1152,#1153)) REPRESENTATION_CONTEXT
('Context #1','3D Context with UNIT and UNCERTAINTY') );
#1151 = ( LENGTH_UNIT() NAMED_UNIT(*) SI_UNIT(.MILLI.,.METRE.) );
#1152 = ( NAMED_UNIT(*) PLANE_ANGLE_UNIT() SI_UNIT($,.RADIAN.) );
#1153 = ( NAMED_UNIT(*) SI_UNIT($,.STERADIAN.) SOLID_ANGLE_UNIT() );
#1154 = UNCERTAINTY_MEASURE_WITH_UNIT(LENGTH_MEASURE(1.E-07),#1151,
  'distance_accuracy_value','confusion accuracy');
#1155 = CONTEXT_DEPENDENT_SHAPE_REPRESENTATION(#1156,#1158);
#1156 = ( REPRESENTATION_RELATIONSHIP('','',#507,#10) 
REPRESENTATION_RELATIONSHIP_WITH_TRANSFORMATION(#1157) 
SHAPE_REPRESENTATION_RELATIONSHIP() );
#1157 = ITEM_DEFINED_TRANSFORMATION('','',#11,#19);
#1158 = PRODUCT_DEFINITION_SHAPE('Placement','Placement of an item',
  #1159);
#1159 = NEXT_ASSEMBLY_USAGE_OCCURRENCE('2','','',#5,#502,$);
#1160 = PRODUCT_RELATED_PRODUCT_CATEGORY('part',$,(#504));
#1161 = SHAPE_DEFINITION_REPRESENTATION(#1162,#1168);
#1162 = PRODUCT_DEFINITION_SHAPE('','',#1163);
#1163 = PRODUCT_DEFINITION('design','',#1164,#1167);
#1164 = PRODUCT_DEFINITION_FORMATION('','',#1165);
#1165 = PRODUCT('Open CASCADE STEP translator 7.9 1.3',
  'Open CASCADE STEP translator 7.9 1.3','',(#1166));
#1166 = PRODUCT_CONTEXT('',#2,'mechanical');
#1167 = PRODUCT_DEFINITION_CONTEXT('part definition',#2,'design');
#1168 = ADVANCED_BREP_SHAPE_REPRESENTATION('',(#11,#1169),#1811);
#1169 = MANIFOLD_SOLID_BREP('',#1170);
#1170 = CLOSED_SHELL('',(#1171,#1291,#1367,#1443,#1519,#1595,#1671,#1742
    ,#1773,#1800));
#1171 = ADVANCED_FACE('',(#1172),#1186,.T.);
#1172 = FACE_BOUND('',#1173,.T.);
#1173 = EDGE_LOOP('',(#1174,#1209,#1237,#1265));
#1174 = ORIENTED_EDGE('',*,*,#1175,.T.);
#1175 = EDGE_CURVE('',#1176,#1178,#1180,.T.);
#1176 = VERTEX_POINT('',#1177);
#1177 = CARTESIAN_POINT('',(-1.9475,0.84,0.65));
#1178 = VERTEX_POINT('',#1179);
#1179 = CARTESIAN_POINT('',(-2.1575,0.84,0.65));
#1180 = SURFACE_CURVE('',#1181,(#1185,#1197),.PCURVE_S1.);
#1181 = LINE('',#1182,#1183);
#1182 = CARTESIAN_POINT('',(-1.9475,0.84,0.65));
#1183 = VECTOR('',#1184,1.);
#1184 = DIRECTION('',(-1.,1.224646799147E-16,0.));
#1185 = PCURVE('',#1186,#1191);
#1186 = PLANE('',#1187);
#1187 = AXIS2_PLACEMENT_3D('',#1188,#1189,#1190);
#1188 = CARTESIAN_POINT('',(-1.9475,0.635,0.65));
#1189 = DIRECTION('',(0.,0.,1.));
#1190 = DIRECTION('',(-1.,1.224646799147E-16,0.));
#1191 = DEFINITIONAL_REPRESENTATION('',(#1192),#1196);
#1192 = LINE('',#1193,#1194);
#1193 = CARTESIAN_POINT('',(2.510525938252E-17,-0.205));
#1194 = VECTOR('',#1195,1.);
#1195 = DIRECTION('',(1.,0.));
#1196 = ( GEOMETRIC_REPRESENTATION_CONTEXT(2) 
PARAMETRIC_REPRESENTATION_CONTEXT() REPRESENTATION_CONTEXT('2D SPACE',''
  ) );
#1197 = PCURVE('',#1198,#1203);
#1198 = PLANE('',#1199);
#1199 = AXIS2_PLACEMENT_3D('',#1200,#1201,#1202);
#1200 = CARTESIAN_POINT('',(-2.452245178208,0.84,0.276613501463));
#1201 = DIRECTION('',(-1.224646799147E-16,-1.,0.));
#1202 = DIRECTION('',(0.,0.,1.));
#1203 = DEFINITIONAL_REPRESENTATION('',(#1204),#1208);
#1204 = LINE('',#1205,#1206);
#1205 = CARTESIAN_POINT('',(0.373386498537,-0.504745178208));
#1206 = VECTOR('',#1207,1.);
#1207 = DIRECTION('',(0.,1.));
#1208 = ( GEOMETRIC_REPRESENTATION_CONTEXT(2) 
PARAMETRIC_REPRESENTATION_CONTEXT() REPRESENTATION_CONTEXT('2D SPACE',''
  ) );
#1209 = ORIENTED_EDGE('',*,*,#1210,.T.);
#1210 = EDGE_CURVE('',#1178,#1211,#1213,.T.);
#1211 = VERTEX_POINT('',#1212);
#1212 = CARTESIAN_POINT('',(-2.1575,0.43,0.65));
#1213 = SURFACE_CURVE('',#1214,(#1218,#1225),.PCURVE_S1.);
#1214 = LINE('',#1215,#1216);
#1215 = CARTESIAN_POINT('',(-2.1575,0.84,0.65));
#1216 = VECTOR('',#1217,1.);
#1217 = DIRECTION('',(-1.224646799147E-16,-1.,0.));
#1218 = PCURVE('',#1186,#1219);
#1219 = DEFINITIONAL_REPRESENTATION('',(#1220),#1224);
#1220 = LINE('',#1221,#1222);
#1221 = CARTESIAN_POINT('',(0.21,-0.205));
#1222 = VECTOR('',#1223,1.);
#1223 = DIRECTION('',(0.,1.));
#1224 = ( GEOMETRIC_REPRESENTATION_CONTEXT(2) 
PARAMETRIC_REPRESENTATION_CONTEXT() REPRESENTATION_CONTEXT('2D SPACE',''
  ) );
#1225 = PCURVE('',#1226,#1231);
#1226 = PLANE('',#1227);
#1227 = AXIS2_PLACEMENT_3D('',#1228,#1229,#1230);
#1228 = CARTESIAN_POINT('',(-2.1575,0.635,0.65));
#1229 = DIRECTION('',(-0.697565468278,8.542713179229E-17,0.716521051656)
  );
#1230 = DIRECTION('',(-0.716521051656,8.774852124316E-17,-0.697565468278
    ));
#1231 = DEFINITIONAL_REPRESENTATION('',(#1232),#1236);
#1232 = LINE('',#1233,#1234);
#1233 = CARTESIAN_POINT('',(1.798844685485E-17,-0.205));
#1234 = VECTOR('',#1235,1.);
#1235 = DIRECTION('',(0.,1.));
#1236 = ( GEOMETRIC_REPRESENTATION_CONTEXT(2) 
PARAMETRIC_REPRESENTATION_CONTEXT() REPRESENTATION_CONTEXT('2D SPACE',''
  ) );
#1237 = ORIENTED_EDGE('',*,*,#1238,.F.);
#1238 = EDGE_CURVE('',#1239,#1211,#1241,.T.);
#1239 = VERTEX_POINT('',#1240);
#1240 = CARTESIAN_POINT('',(-1.9475,0.43,0.65));
#1241 = SURFACE_CURVE('',#1242,(#1246,#1253),.PCURVE_S1.);
#1242 = LINE('',#1243,#1244);
#1243 = CARTESIAN_POINT('',(-1.9475,0.43,0.65));
#1244 = VECTOR('',#1245,1.);
#1245 = DIRECTION('',(-1.,1.224646799147E-16,0.));
#1246 = PCURVE('',#1186,#1247);
#1247 = DEFINITIONAL_REPRESENTATION('',(#1248),#1252);
#1248 = LINE('',#1249,#1250);
#1249 = CARTESIAN_POINT('',(-2.510525938252E-17,0.205));
#1250 = VECTOR('',#1251,1.);
#1251 = DIRECTION('',(1.,0.));
#1252 = ( GEOMETRIC_REPRESENTATION_CONTEXT(2) 
PARAMETRIC_REPRESENTATION_CONTEXT() REPRESENTATION_CONTEXT('2D SPACE',''
  ) );
#1253 = PCURVE('',#1254,#1259);
#1254 = PLANE('',#1255);
#1255 = AXIS2_PLACEMENT_3D('',#1256,#1257,#1258);
#1256 = CARTESIAN_POINT('',(-2.452245178208,0.43,0.276613501463));
#1257 = DIRECTION('',(-1.224646799147E-16,-1.,0.));
#1258 = DIRECTION('',(0.,0.,1.));
#1259 = DEFINITIONAL_REPRESENTATION('',(#1260),#1264);
#1260 = LINE('',#1261,#1262);
#1261 = CARTESIAN_POINT('',(0.373386498537,-0.504745178208));
#1262 = VECTOR('',#1263,1.);
#1263 = DIRECTION('',(0.,1.));
#1264 = ( GEOMETRIC_REPRESENTATION_CONTEXT(2) 
PARAMETRIC_REPRESENTATION_CONTEXT() REPRESENTATION_CONTEXT('2D SPACE',''
  ) );
#1265 = ORIENTED_EDGE('',*,*,#1266,.T.);
#1266 = EDGE_CURVE('',#1239,#1176,#1267,.T.);
#1267 = SURFACE_CURVE('',#1268,(#1272,#1279),.PCURVE_S1.);
#1268 = LINE('',#1269,#1270);
#1269 = CARTESIAN_POINT('',(-1.9475,0.43,0.65));
#1270 = VECTOR('',#1271,1.);
#1271 = DIRECTION('',(1.224646799147E-16,1.,0.));
#1272 = PCURVE('',#1186,#1273);
#1273 = DEFINITIONAL_REPRESENTATION('',(#1274),#1278);
#1274 = LINE('',#1275,#1276);
#1275 = CARTESIAN_POINT('',(-2.510525938252E-17,0.205));
#1276 = VECTOR('',#1277,1.);
#1277 = DIRECTION('',(0.,-1.));
#1278 = ( GEOMETRIC_REPRESENTATION_CONTEXT(2) 
PARAMETRIC_REPRESENTATION_CONTEXT() REPRESENTATION_CONTEXT('2D SPACE',''
  ) );
#1279 = PCURVE('',#1280,#1285);
#1280 = PLANE('',#1281);
#1281 = AXIS2_PLACEMENT_3D('',#1282,#1283,#1284);
#1282 = CARTESIAN_POINT('',(-1.9475,0.635,0.46));
#1283 = DIRECTION('',(1.,-1.224646799147E-16,0.));
#1284 = DIRECTION('',(0.,0.,1.));
#1285 = DEFINITIONAL_REPRESENTATION('',(#1286),#1290);
#1286 = LINE('',#1287,#1288);
#1287 = CARTESIAN_POINT('',(0.19,0.205));
#1288 = VECTOR('',#1289,1.);
#1289 = DIRECTION('',(0.,-1.));
#1290 = ( GEOMETRIC_REPRESENTATION_CONTEXT(2) 
PARAMETRIC_REPRESENTATION_CONTEXT() REPRESENTATION_CONTEXT('2D SPACE',''
  ) );
#1291 = ADVANCED_FACE('',(#1292),#1280,.T.);
#1292 = FACE_BOUND('',#1293,.T.);
#1293 = EDGE_LOOP('',(#1294,#1317,#1318,#1341));
#1294 = ORIENTED_EDGE('',*,*,#1295,.T.);
#1295 = EDGE_CURVE('',#1296,#1176,#1298,.T.);
#1296 = VERTEX_POINT('',#1297);
#1297 = CARTESIAN_POINT('',(-1.9475,0.84,0.46));
#1298 = SURFACE_CURVE('',#1299,(#1303,#1310),.PCURVE_S1.);
#1299 = LINE('',#1300,#1301);
#1300 = CARTESIAN_POINT('',(-1.9475,0.84,0.46));
#1301 = VECTOR('',#1302,1.);
#1302 = DIRECTION('',(0.,0.,1.));
#1303 = PCURVE('',#1280,#1304);
#1304 = DEFINITIONAL_REPRESENTATION('',(#1305),#1309);
#1305 = LINE('',#1306,#1307);
#1306 = CARTESIAN_POINT('',(0.,-0.205));
#1307 = VECTOR('',#1308,1.);
#1308 = DIRECTION('',(1.,0.));
#1309 = ( GEOMETRIC_REPRESENTATION_CONTEXT(2) 
PARAMETRIC_REPRESENTATION_CONTEXT() REPRESENTATION_CONTEXT('2D SPACE',''
  ) );
#1310 = PCURVE('',#1198,#1311);
#1311 = DEFINITIONAL_REPRESENTATION('',(#1312),#1316);
#1312 = LINE('',#1313,#1314);
#1313 = CARTESIAN_POINT('',(0.183386498537,-0.504745178208));
#1314 = VECTOR('',#1315,1.);
#1315 = DIRECTION('',(1.,0.));
#1316 = ( GEOMETRIC_REPRESENTATION_CONTEXT(2) 
PARAMETRIC_REPRESENTATION_CONTEXT() REPRESENTATION_CONTEXT('2D SPACE',''
  ) );
#1317 = ORIENTED_EDGE('',*,*,#1266,.F.);
#1318 = ORIENTED_EDGE('',*,*,#1319,.F.);
#1319 = EDGE_CURVE('',#1320,#1239,#1322,.T.);
#1320 = VERTEX_POINT('',#1321);
#1321 = CARTESIAN_POINT('',(-1.9475,0.43,0.46));
#1322 = SURFACE_CURVE('',#1323,(#1327,#1334),.PCURVE_S1.);
#1323 = LINE('',#1324,#1325);
#1324 = CARTESIAN_POINT('',(-1.9475,0.43,0.46));
#1325 = VECTOR('',#1326,1.);
#1326 = DIRECTION('',(0.,0.,1.));
#1327 = PCURVE('',#1280,#1328);
#1328 = DEFINITIONAL_REPRESENTATION('',(#1329),#1333);
#1329 = LINE('',#1330,#1331);
#1330 = CARTESIAN_POINT('',(0.,0.205));
#1331 = VECTOR('',#1332,1.);
#1332 = DIRECTION('',(1.,0.));
#1333 = ( GEOMETRIC_REPRESENTATION_CONTEXT(2) 
PARAMETRIC_REPRESENTATION_CONTEXT() REPRESENTATION_CONTEXT('2D SPACE',''
  ) );
#1334 = PCURVE('',#1254,#1335);
#1335 = DEFINITIONAL_REPRESENTATION('',(#1336),#1340);
#1336 = LINE('',#1337,#1338);
#1337 = CARTESIAN_POINT('',(0.183386498537,-0.504745178208));
#1338 = VECTOR('',#1339,1.);
#1339 = DIRECTION('',(1.,0.));
#1340 = ( GEOMETRIC_REPRESENTATION_CONTEXT(2) 
PARAMETRIC_REPRESENTATION_CONTEXT() REPRESENTATION_CONTEXT('2D SPACE',''
  ) );
#1341 = ORIENTED_EDGE('',*,*,#1342,.T.);
#1342 = EDGE_CURVE('',#1320,#1296,#1343,.T.);
#1343 = SURFACE_CURVE('',#1344,(#1348,#1355),.PCURVE_S1.);
#1344 = LINE('',#1345,#1346);
#1345 = CARTESIAN_POINT('',(-1.9475,0.43,0.46));
#1346 = VECTOR('',#1347,1.);
#1347 = DIRECTION('',(1.224646799147E-16,1.,0.));
#1348 = PCURVE('',#1280,#1349);
#1349 = DEFINITIONAL_REPRESENTATION('',(#1350),#1354);
#1350 = LINE('',#1351,#1352);
#1351 = CARTESIAN_POINT('',(0.,0.205));
#1352 = VECTOR('',#1353,1.);
#1353 = DIRECTION('',(0.,-1.));
#1354 = ( GEOMETRIC_REPRESENTATION_CONTEXT(2) 
PARAMETRIC_REPRESENTATION_CONTEXT() REPRESENTATION_CONTEXT('2D SPACE',''
  ) );
#1355 = PCURVE('',#1356,#1361);
#1356 = PLANE('',#1357);
#1357 = AXIS2_PLACEMENT_3D('',#1358,#1359,#1360);
#1358 = CARTESIAN_POINT('',(-2.0315,0.635,0.46));
#1359 = DIRECTION('',(0.,0.,-1.));
#1360 = DIRECTION('',(1.,-1.224646799147E-16,0.));
#1361 = DEFINITIONAL_REPRESENTATION('',(#1362),#1366);
#1362 = LINE('',#1363,#1364);
#1363 = CARTESIAN_POINT('',(8.4E-02,0.205));
#1364 = VECTOR('',#1365,1.);
#1365 = DIRECTION('',(0.,-1.));
#1366 = ( GEOMETRIC_REPRESENTATION_CONTEXT(2) 
PARAMETRIC_REPRESENTATION_CONTEXT() REPRESENTATION_CONTEXT('2D SPACE',''
  ) );
#1367 = ADVANCED_FACE('',(#1368),#1356,.T.);
#1368 = FACE_BOUND('',#1369,.T.);
#1369 = EDGE_LOOP('',(#1370,#1393,#1394,#1417));
#1370 = ORIENTED_EDGE('',*,*,#1371,.T.);
#1371 = EDGE_CURVE('',#1372,#1296,#1374,.T.);
#1372 = VERTEX_POINT('',#1373);
#1373 = CARTESIAN_POINT('',(-2.0315,0.84,0.46));
#1374 = SURFACE_CURVE('',#1375,(#1379,#1386),.PCURVE_S1.);
#1375 = LINE('',#1376,#1377);
#1376 = CARTESIAN_POINT('',(-2.0315,0.84,0.46));
#1377 = VECTOR('',#1378,1.);
#1378 = DIRECTION('',(1.,-1.224646799147E-16,0.));
#1379 = PCURVE('',#1356,#1380);
#1380 = DEFINITIONAL_REPRESENTATION('',(#1381),#1385);
#1381 = LINE('',#1382,#1383);
#1382 = CARTESIAN_POINT('',(-2.510525938252E-17,-0.205));
#1383 = VECTOR('',#1384,1.);
#1384 = DIRECTION('',(1.,0.));
#1385 = ( GEOMETRIC_REPRESENTATION_CONTEXT(2) 
PARAMETRIC_REPRESENTATION_CONTEXT() REPRESENTATION_CONTEXT('2D SPACE',''
  ) );
#1386 = PCURVE('',#1198,#1387);
#1387 = DEFINITIONAL_REPRESENTATION('',(#1388),#1392);
#1388 = LINE('',#1389,#1390);
#1389 = CARTESIAN_POINT('',(0.183386498537,-0.420745178208));
#1390 = VECTOR('',#1391,1.);
#1391 = DIRECTION('',(0.,-1.));
#1392 = ( GEOMETRIC_REPRESENTATION_CONTEXT(2) 
PARAMETRIC_REPRESENTATION_CONTEXT() REPRESENTATION_CONTEXT('2D SPACE',''
  ) );
#1393 = ORIENTED_EDGE('',*,*,#1342,.F.);
#1394 = ORIENTED_EDGE('',*,*,#1395,.F.);
#1395 = EDGE_CURVE('',#1396,#1320,#1398,.T.);
#1396 = VERTEX_POINT('',#1397);
#1397 = CARTESIAN_POINT('',(-2.0315,0.43,0.46));
#1398 = SURFACE_CURVE('',#1399,(#1403,#1410),.PCURVE_S1.);
#1399 = LINE('',#1400,#1401);
#1400 = CARTESIAN_POINT('',(-2.0315,0.43,0.46));
#1401 = VECTOR('',#1402,1.);
#1402 = DIRECTION('',(1.,-1.224646799147E-16,0.));
#1403 = PCURVE('',#1356,#1404);
#1404 = DEFINITIONAL_REPRESENTATION('',(#1405),#1409);
#1405 = LINE('',#1406,#1407);
#1406 = CARTESIAN_POINT('',(2.510525938252E-17,0.205));
#1407 = VECTOR('',#1408,1.);
#1408 = DIRECTION('',(1.,0.));
#1409 = ( GEOMETRIC_REPRESENTATION_CONTEXT(2) 
PARAMETRIC_REPRESENTATION_CONTEXT() REPRESENTATION_CONTEXT('2D SPACE',''
  ) );
#1410 = PCURVE('',#1254,#1411);
#1411 = DEFINITIONAL_REPRESENTATION('',(#1412),#1416);
#1412 = LINE('',#1413,#1414);
#1413 = CARTESIAN_POINT('',(0.183386498537,-0.420745178208));
#1414 = VECTOR('',#1415,1.);
#1415 = DIRECTION('',(0.,-1.));
#1416 = ( GEOMETRIC_REPRESENTATION_CONTEXT(2) 
PARAMETRIC_REPRESENTATION_CONTEXT() REPRESENTATION_CONTEXT('2D SPACE',''
  ) );
#1417 = ORIENTED_EDGE('',*,*,#1418,.T.);
#1418 = EDGE_CURVE('',#1396,#1372,#1419,.T.);
#1419 = SURFACE_CURVE('',#1420,(#1424,#1431),.PCURVE_S1.);
#1420 = LINE('',#1421,#1422);
#1421 = CARTESIAN_POINT('',(-2.0315,0.43,0.46));
#1422 = VECTOR('',#1423,1.);
#1423 = DIRECTION('',(1.224646799147E-16,1.,0.));
#1424 = PCURVE('',#1356,#1425);
#1425 = DEFINITIONAL_REPRESENTATION('',(#1426),#1430);
#1426 = LINE('',#1427,#1428);
#1427 = CARTESIAN_POINT('',(2.510525938252E-17,0.205));
#1428 = VECTOR('',#1429,1.);
#1429 = DIRECTION('',(0.,-1.));
#1430 = ( GEOMETRIC_REPRESENTATION_CONTEXT(2) 
PARAMETRIC_REPRESENTATION_CONTEXT() REPRESENTATION_CONTEXT('2D SPACE',''
  ) );
#1431 = PCURVE('',#1432,#1437);
#1432 = PLANE('',#1433);
#1433 = AXIS2_PLACEMENT_3D('',#1434,#1435,#1436);
#1434 = CARTESIAN_POINT('',(-2.4725,0.635,0.));
#1435 = DIRECTION('',(0.721857539295,-8.840205249382E-17,-0.692041684411
    ));
#1436 = DIRECTION('',(0.692041684411,-8.475066336908E-17,0.721857539295)
  );
#1437 = DEFINITIONAL_REPRESENTATION('',(#1438),#1442);
#1438 = LINE('',#1439,#1440);
#1439 = CARTESIAN_POINT('',(0.637244850901,0.205));
#1440 = VECTOR('',#1441,1.);
#1441 = DIRECTION('',(0.,-1.));
#1442 = ( GEOMETRIC_REPRESENTATION_CONTEXT(2) 
PARAMETRIC_REPRESENTATION_CONTEXT() REPRESENTATION_CONTEXT('2D SPACE',''
  ) );
#1443 = ADVANCED_FACE('',(#1444),#1432,.T.);
#1444 = FACE_BOUND('',#1445,.T.);
#1445 = EDGE_LOOP('',(#1446,#1476,#1497,#1498));
#1446 = ORIENTED_EDGE('',*,*,#1447,.F.);
#1447 = EDGE_CURVE('',#1448,#1450,#1452,.T.);
#1448 = VERTEX_POINT('',#1449);
#1449 = CARTESIAN_POINT('',(-2.4725,0.84,0.));
#1450 = VERTEX_POINT('',#1451);
#1451 = CARTESIAN_POINT('',(-2.4725,0.43,0.));
#1452 = SURFACE_CURVE('',#1453,(#1457,#1464),.PCURVE_S1.);
#1453 = LINE('',#1454,#1455);
#1454 = CARTESIAN_POINT('',(-2.4725,0.84,0.));
#1455 = VECTOR('',#1456,1.);
#1456 = DIRECTION('',(-1.224646799147E-16,-1.,0.));
#1457 = PCURVE('',#1432,#1458);
#1458 = DEFINITIONAL_REPRESENTATION('',(#1459),#1463);
#1459 = LINE('',#1460,#1461);
#1460 = CARTESIAN_POINT('',(-2.642704108933E-17,-0.205));
#1461 = VECTOR('',#1462,1.);
#1462 = DIRECTION('',(0.,1.));
#1463 = ( GEOMETRIC_REPRESENTATION_CONTEXT(2) 
PARAMETRIC_REPRESENTATION_CONTEXT() REPRESENTATION_CONTEXT('2D SPACE',''
  ) );
#1464 = PCURVE('',#1465,#1470);
#1465 = PLANE('',#1466);
#1466 = AXIS2_PLACEMENT_3D('',#1467,#1468,#1469);
#1467 = CARTESIAN_POINT('',(-2.9975,0.635,0.));
#1468 = DIRECTION('',(0.,0.,-1.));
#1469 = DIRECTION('',(1.,-1.224646799147E-16,0.));
#1470 = DEFINITIONAL_REPRESENTATION('',(#1471),#1475);
#1471 = LINE('',#1472,#1473);
#1472 = CARTESIAN_POINT('',(0.525,-0.205));
#1473 = VECTOR('',#1474,1.);
#1474 = DIRECTION('',(0.,1.));
#1475 = ( GEOMETRIC_REPRESENTATION_CONTEXT(2) 
PARAMETRIC_REPRESENTATION_CONTEXT() REPRESENTATION_CONTEXT('2D SPACE',''
  ) );
#1476 = ORIENTED_EDGE('',*,*,#1477,.T.);
#1477 = EDGE_CURVE('',#1448,#1372,#1478,.T.);
#1478 = SURFACE_CURVE('',#1479,(#1483,#1490),.PCURVE_S1.);
#1479 = LINE('',#1480,#1481);
#1480 = CARTESIAN_POINT('',(-2.4725,0.84,0.));
#1481 = VECTOR('',#1482,1.);
#1482 = DIRECTION('',(0.692041684411,-8.475066336908E-17,0.721857539295)
  );
#1483 = PCURVE('',#1432,#1484);
#1484 = DEFINITIONAL_REPRESENTATION('',(#1485),#1489);
#1485 = LINE('',#1486,#1487);
#1486 = CARTESIAN_POINT('',(-2.642704108933E-17,-0.205));
#1487 = VECTOR('',#1488,1.);
#1488 = DIRECTION('',(1.,0.));
#1489 = ( GEOMETRIC_REPRESENTATION_CONTEXT(2) 
PARAMETRIC_REPRESENTATION_CONTEXT() REPRESENTATION_CONTEXT('2D SPACE',''
  ) );
#1490 = PCURVE('',#1198,#1491);
#1491 = DEFINITIONAL_REPRESENTATION('',(#1492),#1496);
#1492 = LINE('',#1493,#1494);
#1493 = CARTESIAN_POINT('',(-0.276613501463,2.025482179178E-02));
#1494 = VECTOR('',#1495,1.);
#1495 = DIRECTION('',(0.721857539295,-0.692041684411));
#1496 = ( GEOMETRIC_REPRESENTATION_CONTEXT(2) 
PARAMETRIC_REPRESENTATION_CONTEXT() REPRESENTATION_CONTEXT('2D SPACE',''
  ) );
#1497 = ORIENTED_EDGE('',*,*,#1418,.F.);
#1498 = ORIENTED_EDGE('',*,*,#1499,.F.);
#1499 = EDGE_CURVE('',#1450,#1396,#1500,.T.);
#1500 = SURFACE_CURVE('',#1501,(#1505,#1512),.PCURVE_S1.);
#1501 = LINE('',#1502,#1503);
#1502 = CARTESIAN_POINT('',(-2.4725,0.43,0.));
#1503 = VECTOR('',#1504,1.);
#1504 = DIRECTION('',(0.692041684411,-8.475066336908E-17,0.721857539295)
  );
#1505 = PCURVE('',#1432,#1506);
#1506 = DEFINITIONAL_REPRESENTATION('',(#1507),#1511);
#1507 = LINE('',#1508,#1509);
#1508 = CARTESIAN_POINT('',(2.642704108933E-17,0.205));
#1509 = VECTOR('',#1510,1.);
#1510 = DIRECTION('',(1.,0.));
#1511 = ( GEOMETRIC_REPRESENTATION_CONTEXT(2) 
PARAMETRIC_REPRESENTATION_CONTEXT() REPRESENTATION_CONTEXT('2D SPACE',''
  ) );
#1512 = PCURVE('',#1254,#1513);
#1513 = DEFINITIONAL_REPRESENTATION('',(#1514),#1518);
#1514 = LINE('',#1515,#1516);
#1515 = CARTESIAN_POINT('',(-0.276613501463,2.025482179178E-02));
#1516 = VECTOR('',#1517,1.);
#1517 = DIRECTION('',(0.721857539295,-0.692041684411));
#1518 = ( GEOMETRIC_REPRESENTATION_CONTEXT(2) 
PARAMETRIC_REPRESENTATION_CONTEXT() REPRESENTATION_CONTEXT('2D SPACE',''
  ) );
#1519 = ADVANCED_FACE('',(#1520),#1465,.T.);
#1520 = FACE_BOUND('',#1521,.T.);
#1521 = EDGE_LOOP('',(#1522,#1552,#1573,#1574));
#1522 = ORIENTED_EDGE('',*,*,#1523,.F.);
#1523 = EDGE_CURVE('',#1524,#1526,#1528,.T.);
#1524 = VERTEX_POINT('',#1525);
#1525 = CARTESIAN_POINT('',(-2.9975,0.84,0.));
#1526 = VERTEX_POINT('',#1527);
#1527 = CARTESIAN_POINT('',(-2.9975,0.43,0.));
#1528 = SURFACE_CURVE('',#1529,(#1533,#1540),.PCURVE_S1.);
#1529 = LINE('',#1530,#1531);
#1530 = CARTESIAN_POINT('',(-2.9975,0.84,0.));
#1531 = VECTOR('',#1532,1.);
#1532 = DIRECTION('',(-1.224646799147E-16,-1.,0.));
#1533 = PCURVE('',#1465,#1534);
#1534 = DEFINITIONAL_REPRESENTATION('',(#1535),#1539);
#1535 = LINE('',#1536,#1537);
#1536 = CARTESIAN_POINT('',(-2.510525938252E-17,-0.205));
#1537 = VECTOR('',#1538,1.);
#1538 = DIRECTION('',(0.,1.));
#1539 = ( GEOMETRIC_REPRESENTATION_CONTEXT(2) 
PARAMETRIC_REPRESENTATION_CONTEXT() REPRESENTATION_CONTEXT('2D SPACE',''
  ) );
#1540 = PCURVE('',#1541,#1546);
#1541 = PLANE('',#1542);
#1542 = AXIS2_PLACEMENT_3D('',#1543,#1544,#1545);
#1543 = CARTESIAN_POINT('',(-2.9975,0.635,0.19));
#1544 = DIRECTION('',(-1.,1.224646799147E-16,0.));
#1545 = DIRECTION('',(-0.,0.,-1.));
#1546 = DEFINITIONAL_REPRESENTATION('',(#1547),#1551);
#1547 = LINE('',#1548,#1549);
#1548 = CARTESIAN_POINT('',(0.19,-0.205));
#1549 = VECTOR('',#1550,1.);
#1550 = DIRECTION('',(0.,1.));
#1551 = ( GEOMETRIC_REPRESENTATION_CONTEXT(2) 
PARAMETRIC_REPRESENTATION_CONTEXT() REPRESENTATION_CONTEXT('2D SPACE',''
  ) );
#1552 = ORIENTED_EDGE('',*,*,#1553,.T.);
#1553 = EDGE_CURVE('',#1524,#1448,#1554,.T.);
#1554 = SURFACE_CURVE('',#1555,(#1559,#1566),.PCURVE_S1.);
#1555 = LINE('',#1556,#1557);
#1556 = CARTESIAN_POINT('',(-2.9975,0.84,0.));
#1557 = VECTOR('',#1558,1.);
#1558 = DIRECTION('',(1.,-1.224646799147E-16,0.));
#1559 = PCURVE('',#1465,#1560);
#1560 = DEFINITIONAL_REPRESENTATION('',(#1561),#1565);
#1561 = LINE('',#1562,#1563);
#1562 = CARTESIAN_POINT('',(-2.510525938252E-17,-0.205));
#1563 = VECTOR('',#1564,1.);
#1564 = DIRECTION('',(1.,0.));
#1565 = ( GEOMETRIC_REPRESENTATION_CONTEXT(2) 
PARAMETRIC_REPRESENTATION_CONTEXT() REPRESENTATION_CONTEXT('2D SPACE',''
  ) );
#1566 = PCURVE('',#1198,#1567);
#1567 = DEFINITIONAL_REPRESENTATION('',(#1568),#1572);
#1568 = LINE('',#1569,#1570);
#1569 = CARTESIAN_POINT('',(-0.276613501463,0.545254821792));
#1570 = VECTOR('',#1571,1.);
#1571 = DIRECTION('',(0.,-1.));
#1572 = ( GEOMETRIC_REPRESENTATION_CONTEXT(2) 
PARAMETRIC_REPRESENTATION_CONTEXT() REPRESENTATION_CONTEXT('2D SPACE',''
  ) );
#1573 = ORIENTED_EDGE('',*,*,#1447,.T.);
#1574 = ORIENTED_EDGE('',*,*,#1575,.F.);
#1575 = EDGE_CURVE('',#1526,#1450,#1576,.T.);
#1576 = SURFACE_CURVE('',#1577,(#1581,#1588),.PCURVE_S1.);
#1577 = LINE('',#1578,#1579);
#1578 = CARTESIAN_POINT('',(-2.9975,0.43,0.));
#1579 = VECTOR('',#1580,1.);
#1580 = DIRECTION('',(1.,-1.224646799147E-16,0.));
#1581 = PCURVE('',#1465,#1582);
#1582 = DEFINITIONAL_REPRESENTATION('',(#1583),#1587);
#1583 = LINE('',#1584,#1585);
#1584 = CARTESIAN_POINT('',(2.510525938252E-17,0.205));
#1585 = VECTOR('',#1586,1.);
#1586 = DIRECTION('',(1.,0.));
#1587 = ( GEOMETRIC_REPRESENTATION_CONTEXT(2) 
PARAMETRIC_REPRESENTATION_CONTEXT() REPRESENTATION_CONTEXT('2D SPACE',''
  ) );
#1588 = PCURVE('',#1254,#1589);
#1589 = DEFINITIONAL_REPRESENTATION('',(#1590),#1594);
#1590 = LINE('',#1591,#1592);
#1591 = CARTESIAN_POINT('',(-0.276613501463,0.545254821792));
#1592 = VECTOR('',#1593,1.);
#1593 = DIRECTION('',(0.,-1.));
#1594 = ( GEOMETRIC_REPRESENTATION_CONTEXT(2) 
PARAMETRIC_REPRESENTATION_CONTEXT() REPRESENTATION_CONTEXT('2D SPACE',''
  ) );
#1595 = ADVANCED_FACE('',(#1596),#1541,.T.);
#1596 = FACE_BOUND('',#1597,.T.);
#1597 = EDGE_LOOP('',(#1598,#1628,#1649,#1650));
#1598 = ORIENTED_EDGE('',*,*,#1599,.F.);
#1599 = EDGE_CURVE('',#1600,#1602,#1604,.T.);
#1600 = VERTEX_POINT('',#1601);
#1601 = CARTESIAN_POINT('',(-2.9975,0.84,0.19));
#1602 = VERTEX_POINT('',#1603);
#1603 = CARTESIAN_POINT('',(-2.9975,0.43,0.19));
#1604 = SURFACE_CURVE('',#1605,(#1609,#1616),.PCURVE_S1.);
#1605 = LINE('',#1606,#1607);
#1606 = CARTESIAN_POINT('',(-2.9975,0.84,0.19));
#1607 = VECTOR('',#1608,1.);
#1608 = DIRECTION('',(-1.224646799147E-16,-1.,0.));
#1609 = PCURVE('',#1541,#1610);
#1610 = DEFINITIONAL_REPRESENTATION('',(#1611),#1615);
#1611 = LINE('',#1612,#1613);
#1612 = CARTESIAN_POINT('',(0.,-0.205));
#1613 = VECTOR('',#1614,1.);
#1614 = DIRECTION('',(0.,1.));
#1615 = ( GEOMETRIC_REPRESENTATION_CONTEXT(2) 
PARAMETRIC_REPRESENTATION_CONTEXT() REPRESENTATION_CONTEXT('2D SPACE',''
  ) );
#1616 = PCURVE('',#1617,#1622);
#1617 = PLANE('',#1618);
#1618 = AXIS2_PLACEMENT_3D('',#1619,#1620,#1621);
#1619 = CARTESIAN_POINT('',(-2.63,0.635,0.19));
#1620 = DIRECTION('',(0.,0.,1.));
#1621 = DIRECTION('',(-1.,1.224646799147E-16,0.));
#1622 = DEFINITIONAL_REPRESENTATION('',(#1623),#1627);
#1623 = LINE('',#1624,#1625);
#1624 = CARTESIAN_POINT('',(0.3675,-0.205));
#1625 = VECTOR('',#1626,1.);
#1626 = DIRECTION('',(0.,1.));
#1627 = ( GEOMETRIC_REPRESENTATION_CONTEXT(2) 
PARAMETRIC_REPRESENTATION_CONTEXT() REPRESENTATION_CONTEXT('2D SPACE',''
  ) );
#1628 = ORIENTED_EDGE('',*,*,#1629,.T.);
#1629 = EDGE_CURVE('',#1600,#1524,#1630,.T.);
#1630 = SURFACE_CURVE('',#1631,(#1635,#1642),.PCURVE_S1.);
#1631 = LINE('',#1632,#1633);
#1632 = CARTESIAN_POINT('',(-2.9975,0.84,0.19));
#1633 = VECTOR('',#1634,1.);
#1634 = DIRECTION('',(-0.,0.,-1.));
#1635 = PCURVE('',#1541,#1636);
#1636 = DEFINITIONAL_REPRESENTATION('',(#1637),#1641);
#1637 = LINE('',#1638,#1639);
#1638 = CARTESIAN_POINT('',(0.,-0.205));
#1639 = VECTOR('',#1640,1.);
#1640 = DIRECTION('',(1.,-0.));
#1641 = ( GEOMETRIC_REPRESENTATION_CONTEXT(2) 
PARAMETRIC_REPRESENTATION_CONTEXT() REPRESENTATION_CONTEXT('2D SPACE',''
  ) );
#1642 = PCURVE('',#1198,#1643);
#1643 = DEFINITIONAL_REPRESENTATION('',(#1644),#1648);
#1644 = LINE('',#1645,#1646);
#1645 = CARTESIAN_POINT('',(-8.661350146282E-02,0.545254821792));
#1646 = VECTOR('',#1647,1.);
#1647 = DIRECTION('',(-1.,0.));
#1648 = ( GEOMETRIC_REPRESENTATION_CONTEXT(2) 
PARAMETRIC_REPRESENTATION_CONTEXT() REPRESENTATION_CONTEXT('2D SPACE',''
  ) );
#1649 = ORIENTED_EDGE('',*,*,#1523,.T.);
#1650 = ORIENTED_EDGE('',*,*,#1651,.F.);
#1651 = EDGE_CURVE('',#1602,#1526,#1652,.T.);
#1652 = SURFACE_CURVE('',#1653,(#1657,#1664),.PCURVE_S1.);
#1653 = LINE('',#1654,#1655);
#1654 = CARTESIAN_POINT('',(-2.9975,0.43,0.19));
#1655 = VECTOR('',#1656,1.);
#1656 = DIRECTION('',(-0.,0.,-1.));
#1657 = PCURVE('',#1541,#1658);
#1658 = DEFINITIONAL_REPRESENTATION('',(#1659),#1663);
#1659 = LINE('',#1660,#1661);
#1660 = CARTESIAN_POINT('',(-0.,0.205));
#1661 = VECTOR('',#1662,1.);
#1662 = DIRECTION('',(1.,-0.));
#1663 = ( GEOMETRIC_REPRESENTATION_CONTEXT(2) 
PARAMETRIC_REPRESENTATION_CONTEXT() REPRESENTATION_CONTEXT('2D SPACE',''
  ) );
#1664 = PCURVE('',#1254,#1665);
#1665 = DEFINITIONAL_REPRESENTATION('',(#1666),#1670);
#1666 = LINE('',#1667,#1668);
#1667 = CARTESIAN_POINT('',(-8.661350146282E-02,0.545254821792));
#1668 = VECTOR('',#1669,1.);
#1669 = DIRECTION('',(-1.,0.));
#1670 = ( GEOMETRIC_REPRESENTATION_CONTEXT(2) 
PARAMETRIC_REPRESENTATION_CONTEXT() REPRESENTATION_CONTEXT('2D SPACE',''
  ) );
#1671 = ADVANCED_FACE('',(#1672),#1617,.T.);
#1672 = FACE_BOUND('',#1673,.T.);
#1673 = EDGE_LOOP('',(#1674,#1699,#1720,#1721));
#1674 = ORIENTED_EDGE('',*,*,#1675,.F.);
#1675 = EDGE_CURVE('',#1676,#1678,#1680,.T.);
#1676 = VERTEX_POINT('',#1677);
#1677 = CARTESIAN_POINT('',(-2.63,0.84,0.19));
#1678 = VERTEX_POINT('',#1679);
#1679 = CARTESIAN_POINT('',(-2.63,0.43,0.19));
#1680 = SURFACE_CURVE('',#1681,(#1685,#1692),.PCURVE_S1.);
#1681 = LINE('',#1682,#1683);
#1682 = CARTESIAN_POINT('',(-2.63,0.84,0.19));
#1683 = VECTOR('',#1684,1.);
#1684 = DIRECTION('',(-1.224646799147E-16,-1.,0.));
#1685 = PCURVE('',#1617,#1686);
#1686 = DEFINITIONAL_REPRESENTATION('',(#1687),#1691);
#1687 = LINE('',#1688,#1689);
#1688 = CARTESIAN_POINT('',(2.510525938252E-17,-0.205));
#1689 = VECTOR('',#1690,1.);
#1690 = DIRECTION('',(0.,1.));
#1691 = ( GEOMETRIC_REPRESENTATION_CONTEXT(2) 
PARAMETRIC_REPRESENTATION_CONTEXT() REPRESENTATION_CONTEXT('2D SPACE',''
  ) );
#1692 = PCURVE('',#1226,#1693);
#1693 = DEFINITIONAL_REPRESENTATION('',(#1694),#1698);
#1694 = LINE('',#1695,#1696);
#1695 = CARTESIAN_POINT('',(0.659436312315,-0.205));
#1696 = VECTOR('',#1697,1.);
#1697 = DIRECTION('',(0.,1.));
#1698 = ( GEOMETRIC_REPRESENTATION_CONTEXT(2) 
PARAMETRIC_REPRESENTATION_CONTEXT() REPRESENTATION_CONTEXT('2D SPACE',''
  ) );
#1699 = ORIENTED_EDGE('',*,*,#1700,.T.);
#1700 = EDGE_CURVE('',#1676,#1600,#1701,.T.);
#1701 = SURFACE_CURVE('',#1702,(#1706,#1713),.PCURVE_S1.);
#1702 = LINE('',#1703,#1704);
#1703 = CARTESIAN_POINT('',(-2.63,0.84,0.19));
#1704 = VECTOR('',#1705,1.);
#1705 = DIRECTION('',(-1.,1.224646799147E-16,0.));
#1706 = PCURVE('',#1617,#1707);
#1707 = DEFINITIONAL_REPRESENTATION('',(#1708),#1712);
#1708 = LINE('',#1709,#1710);
#1709 = CARTESIAN_POINT('',(2.510525938252E-17,-0.205));
#1710 = VECTOR('',#1711,1.);
#1711 = DIRECTION('',(1.,0.));
#1712 = ( GEOMETRIC_REPRESENTATION_CONTEXT(2) 
PARAMETRIC_REPRESENTATION_CONTEXT() REPRESENTATION_CONTEXT('2D SPACE',''
  ) );
#1713 = PCURVE('',#1198,#1714);
#1714 = DEFINITIONAL_REPRESENTATION('',(#1715),#1719);
#1715 = LINE('',#1716,#1717);
#1716 = CARTESIAN_POINT('',(-8.661350146282E-02,0.177754821792));
#1717 = VECTOR('',#1718,1.);
#1718 = DIRECTION('',(0.,1.));
#1719 = ( GEOMETRIC_REPRESENTATION_CONTEXT(2) 
PARAMETRIC_REPRESENTATION_CONTEXT() REPRESENTATION_CONTEXT('2D SPACE',''
  ) );
#1720 = ORIENTED_EDGE('',*,*,#1599,.T.);
#1721 = ORIENTED_EDGE('',*,*,#1722,.F.);
#1722 = EDGE_CURVE('',#1678,#1602,#1723,.T.);
#1723 = SURFACE_CURVE('',#1724,(#1728,#1735),.PCURVE_S1.);
#1724 = LINE('',#1725,#1726);
#1725 = CARTESIAN_POINT('',(-2.63,0.43,0.19));
#1726 = VECTOR('',#1727,1.);
#1727 = DIRECTION('',(-1.,1.224646799147E-16,0.));
#1728 = PCURVE('',#1617,#1729);
#1729 = DEFINITIONAL_REPRESENTATION('',(#1730),#1734);
#1730 = LINE('',#1731,#1732);
#1731 = CARTESIAN_POINT('',(-2.510525938252E-17,0.205));
#1732 = VECTOR('',#1733,1.);
#1733 = DIRECTION('',(1.,0.));
#1734 = ( GEOMETRIC_REPRESENTATION_CONTEXT(2) 
PARAMETRIC_REPRESENTATION_CONTEXT() REPRESENTATION_CONTEXT('2D SPACE',''
  ) );
#1735 = PCURVE('',#1254,#1736);
#1736 = DEFINITIONAL_REPRESENTATION('',(#1737),#1741);
#1737 = LINE('',#1738,#1739);
#1738 = CARTESIAN_POINT('',(-8.661350146282E-02,0.177754821792));
#1739 = VECTOR('',#1740,1.);
#1740 = DIRECTION('',(0.,1.));
#1741 = ( GEOMETRIC_REPRESENTATION_CONTEXT(2) 
PARAMETRIC_REPRESENTATION_CONTEXT() REPRESENTATION_CONTEXT('2D SPACE',''
  ) );
#1742 = ADVANCED_FACE('',(#1743),#1254,.T.);
#1743 = FACE_BOUND('',#1744,.T.);
#1744 = EDGE_LOOP('',(#1745,#1746,#1767,#1768,#1769,#1770,#1771,#1772));
#1745 = ORIENTED_EDGE('',*,*,#1238,.T.);
#1746 = ORIENTED_EDGE('',*,*,#1747,.T.);
#1747 = EDGE_CURVE('',#1211,#1678,#1748,.T.);
#1748 = SURFACE_CURVE('',#1749,(#1753,#1760),.PCURVE_S1.);
#1749 = LINE('',#1750,#1751);
#1750 = CARTESIAN_POINT('',(-2.1575,0.43,0.65));
#1751 = VECTOR('',#1752,1.);
#1752 = DIRECTION('',(-0.716521051656,8.774852124316E-17,-0.697565468278
    ));
#1753 = PCURVE('',#1254,#1754);
#1754 = DEFINITIONAL_REPRESENTATION('',(#1755),#1759);
#1755 = LINE('',#1756,#1757);
#1756 = CARTESIAN_POINT('',(0.373386498537,-0.294745178208));
#1757 = VECTOR('',#1758,1.);
#1758 = DIRECTION('',(-0.697565468278,0.716521051656));
#1759 = ( GEOMETRIC_REPRESENTATION_CONTEXT(2) 
PARAMETRIC_REPRESENTATION_CONTEXT() REPRESENTATION_CONTEXT('2D SPACE',''
  ) );
#1760 = PCURVE('',#1226,#1761);
#1761 = DEFINITIONAL_REPRESENTATION('',(#1762),#1766);
#1762 = LINE('',#1763,#1764);
#1763 = CARTESIAN_POINT('',(-1.798844685485E-17,0.205));
#1764 = VECTOR('',#1765,1.);
#1765 = DIRECTION('',(1.,0.));
#1766 = ( GEOMETRIC_REPRESENTATION_CONTEXT(2) 
PARAMETRIC_REPRESENTATION_CONTEXT() REPRESENTATION_CONTEXT('2D SPACE',''
  ) );
#1767 = ORIENTED_EDGE('',*,*,#1722,.T.);
#1768 = ORIENTED_EDGE('',*,*,#1651,.T.);
#1769 = ORIENTED_EDGE('',*,*,#1575,.T.);
#1770 = ORIENTED_EDGE('',*,*,#1499,.T.);
#1771 = ORIENTED_EDGE('',*,*,#1395,.T.);
#1772 = ORIENTED_EDGE('',*,*,#1319,.T.);
#1773 = ADVANCED_FACE('',(#1774),#1226,.T.);
#1774 = FACE_BOUND('',#1775,.T.);
#1775 = EDGE_LOOP('',(#1776,#1777,#1798,#1799));
#1776 = ORIENTED_EDGE('',*,*,#1210,.F.);
#1777 = ORIENTED_EDGE('',*,*,#1778,.T.);
#1778 = EDGE_CURVE('',#1178,#1676,#1779,.T.);
#1779 = SURFACE_CURVE('',#1780,(#1784,#1791),.PCURVE_S1.);
#1780 = LINE('',#1781,#1782);
#1781 = CARTESIAN_POINT('',(-2.1575,0.84,0.65));
#1782 = VECTOR('',#1783,1.);
#1783 = DIRECTION('',(-0.716521051656,8.774852124316E-17,-0.697565468278
    ));
#1784 = PCURVE('',#1226,#1785);
#1785 = DEFINITIONAL_REPRESENTATION('',(#1786),#1790);
#1786 = LINE('',#1787,#1788);
#1787 = CARTESIAN_POINT('',(1.798844685485E-17,-0.205));
#1788 = VECTOR('',#1789,1.);
#1789 = DIRECTION('',(1.,0.));
#1790 = ( GEOMETRIC_REPRESENTATION_CONTEXT(2) 
PARAMETRIC_REPRESENTATION_CONTEXT() REPRESENTATION_CONTEXT('2D SPACE',''
  ) );
#1791 = PCURVE('',#1198,#1792);
#1792 = DEFINITIONAL_REPRESENTATION('',(#1793),#1797);
#1793 = LINE('',#1794,#1795);
#1794 = CARTESIAN_POINT('',(0.373386498537,-0.294745178208));
#1795 = VECTOR('',#1796,1.);
#1796 = DIRECTION('',(-0.697565468278,0.716521051656));
#1797 = ( GEOMETRIC_REPRESENTATION_CONTEXT(2) 
PARAMETRIC_REPRESENTATION_CONTEXT() REPRESENTATION_CONTEXT('2D SPACE',''
  ) );
#1798 = ORIENTED_EDGE('',*,*,#1675,.T.);
#1799 = ORIENTED_EDGE('',*,*,#1747,.F.);
#1800 = ADVANCED_FACE('',(#1801),#1198,.F.);
#1801 = FACE_BOUND('',#1802,.F.);
#1802 = EDGE_LOOP('',(#1803,#1804,#1805,#1806,#1807,#1808,#1809,#1810));
#1803 = ORIENTED_EDGE('',*,*,#1175,.T.);
#1804 = ORIENTED_EDGE('',*,*,#1778,.T.);
#1805 = ORIENTED_EDGE('',*,*,#1700,.T.);
#1806 = ORIENTED_EDGE('',*,*,#1629,.T.);
#1807 = ORIENTED_EDGE('',*,*,#1553,.T.);
#1808 = ORIENTED_EDGE('',*,*,#1477,.T.);
#1809 = ORIENTED_EDGE('',*,*,#1371,.T.);
#1810 = ORIENTED_EDGE('',*,*,#1295,.T.);
#1811 = ( GEOMETRIC_REPRESENTATION_CONTEXT(3) 
GLOBAL_UNCERTAINTY_ASSIGNED_CONTEXT((#1815)) 
GLOBAL_UNIT_ASSIGNED_CONTEXT((#1812,#1813,#1814)) REPRESENTATION_CONTEXT
('Context #1','3D Context with UNIT and UNCERTAINTY') );
#1812 = ( LENGTH_UNIT() NAMED_UNIT(*) SI_UNIT(.MILLI.,.METRE.) );
#1813 = ( NAMED_UNIT(*) PLANE_ANGLE_UNIT() SI_UNIT($,.RADIAN.) );
#1814 = ( NAMED_UNIT(*) SI_UNIT($,.STERADIAN.) SOLID_ANGLE_UNIT() );
#1815 = UNCERTAINTY_MEASURE_WITH_UNIT(LENGTH_MEASURE(1.E-07),#1812,
  'distance_accuracy_value','confusion accuracy');
#1816 = CONTEXT_DEPENDENT_SHAPE_REPRESENTATION(#1817,#1819);
#1817 = ( REPRESENTATION_RELATIONSHIP('','',#1168,#10) 
REPRESENTATION_RELATIONSHIP_WITH_TRANSFORMATION(#1818) 
SHAPE_REPRESENTATION_RELATIONSHIP() );
#1818 = ITEM_DEFINED_TRANSFORMATION('','',#11,#23);
#1819 = PRODUCT_DEFINITION_SHAPE('Placement','Placement of an item',
  #1820);
#1820 = NEXT_ASSEMBLY_USAGE_OCCURRENCE('3','','',#5,#1163,$);
#1821 = PRODUCT_RELATED_PRODUCT_CATEGORY('part',$,(#1165));
#1822 = SHAPE_DEFINITION_REPRESENTATION(#1823,#1829);
#1823 = PRODUCT_DEFINITION_SHAPE('','',#1824);
#1824 = PRODUCT_DEFINITION('design','',#1825,#1828);
#1825 = PRODUCT_DEFINITION_FORMATION('','',#1826);
#1826 = PRODUCT('Open CASCADE STEP translator 7.9 1.4',
  'Open CASCADE STEP translator 7.9 1.4','',(#1827));
#1827 = PRODUCT_CONTEXT('',#2,'mechanical');
#1828 = PRODUCT_DEFINITION_CONTEXT('part definition',#2,'design');
#1829 = ADVANCED_BREP_SHAPE_REPRESENTATION('',(#11,#1830),#2472);
#1830 = MANIFOLD_SOLID_BREP('',#1831);
#1831 = CLOSED_SHELL('',(#1832,#1952,#2028,#2104,#2180,#2256,#2332,#2403
    ,#2434,#2461));
#1832 = ADVANCED_FACE('',(#1833),#1847,.T.);
#1833 = FACE_BOUND('',#1834,.T.);
#1834 = EDGE_LOOP('',(#1835,#1870,#1898,#1926));
#1835 = ORIENTED_EDGE('',*,*,#1836,.T.);
#1836 = EDGE_CURVE('',#1837,#1839,#1841,.T.);
#1837 = VERTEX_POINT('',#1838);
#1838 = CARTESIAN_POINT('',(-1.9475,-0.43,0.65));
#1839 = VERTEX_POINT('',#1840);
#1840 = CARTESIAN_POINT('',(-2.1575,-0.43,0.65));
#1841 = SURFACE_CURVE('',#1842,(#1846,#1858),.PCURVE_S1.);
#1842 = LINE('',#1843,#1844);
#1843 = CARTESIAN_POINT('',(-1.9475,-0.43,0.65));
#1844 = VECTOR('',#1845,1.);
#1845 = DIRECTION('',(-1.,1.224646799147E-16,0.));
#1846 = PCURVE('',#1847,#1852);
#1847 = PLANE('',#1848);
#1848 = AXIS2_PLACEMENT_3D('',#1849,#1850,#1851);
#1849 = CARTESIAN_POINT('',(-1.9475,-0.635,0.65));
#1850 = DIRECTION('',(0.,0.,1.));
#1851 = DIRECTION('',(-1.,1.224646799147E-16,0.));
#1852 = DEFINITIONAL_REPRESENTATION('',(#1853),#1857);
#1853 = LINE('',#1854,#1855);
#1854 = CARTESIAN_POINT('',(2.510525938252E-17,-0.205));
#1855 = VECTOR('',#1856,1.);
#1856 = DIRECTION('',(1.,0.));
#1857 = ( GEOMETRIC_REPRESENTATION_CONTEXT(2) 
PARAMETRIC_REPRESENTATION_CONTEXT() REPRESENTATION_CONTEXT('2D SPACE',''
  ) );
#1858 = PCURVE('',#1859,#1864);
#1859 = PLANE('',#1860);
#1860 = AXIS2_PLACEMENT_3D('',#1861,#1862,#1863);
#1861 = CARTESIAN_POINT('',(-2.452245178208,-0.43,0.276613501463));
#1862 = DIRECTION('',(-1.224646799147E-16,-1.,0.));
#1863 = DIRECTION('',(0.,0.,1.));
#1864 = DEFINITIONAL_REPRESENTATION('',(#1865),#1869);
#1865 = LINE('',#1866,#1867);
#1866 = CARTESIAN_POINT('',(0.373386498537,-0.504745178208));
#1867 = VECTOR('',#1868,1.);
#1868 = DIRECTION('',(0.,1.));
#1869 = ( GEOMETRIC_REPRESENTATION_CONTEXT(2) 
PARAMETRIC_REPRESENTATION_CONTEXT() REPRESENTATION_CONTEXT('2D SPACE',''
  ) );
#1870 = ORIENTED_EDGE('',*,*,#1871,.T.);
#1871 = EDGE_CURVE('',#1839,#1872,#1874,.T.);
#1872 = VERTEX_POINT('',#1873);
#1873 = CARTESIAN_POINT('',(-2.1575,-0.84,0.65));
#1874 = SURFACE_CURVE('',#1875,(#1879,#1886),.PCURVE_S1.);
#1875 = LINE('',#1876,#1877);
#1876 = CARTESIAN_POINT('',(-2.1575,-0.43,0.65));
#1877 = VECTOR('',#1878,1.);
#1878 = DIRECTION('',(-1.224646799147E-16,-1.,0.));
#1879 = PCURVE('',#1847,#1880);
#1880 = DEFINITIONAL_REPRESENTATION('',(#1881),#1885);
#1881 = LINE('',#1882,#1883);
#1882 = CARTESIAN_POINT('',(0.21,-0.205));
#1883 = VECTOR('',#1884,1.);
#1884 = DIRECTION('',(0.,1.));
#1885 = ( GEOMETRIC_REPRESENTATION_CONTEXT(2) 
PARAMETRIC_REPRESENTATION_CONTEXT() REPRESENTATION_CONTEXT('2D SPACE',''
  ) );
#1886 = PCURVE('',#1887,#1892);
#1887 = PLANE('',#1888);
#1888 = AXIS2_PLACEMENT_3D('',#1889,#1890,#1891);
#1889 = CARTESIAN_POINT('',(-2.1575,-0.635,0.65));
#1890 = DIRECTION('',(-0.697565468278,8.542713179229E-17,0.716521051656)
  );
#1891 = DIRECTION('',(-0.716521051656,8.774852124316E-17,-0.697565468278
    ));
#1892 = DEFINITIONAL_REPRESENTATION('',(#1893),#1897);
#1893 = LINE('',#1894,#1895);
#1894 = CARTESIAN_POINT('',(1.798844685485E-17,-0.205));
#1895 = VECTOR('',#1896,1.);
#1896 = DIRECTION('',(0.,1.));
#1897 = ( GEOMETRIC_REPRESENTATION_CONTEXT(2) 
PARAMETRIC_REPRESENTATION_CONTEXT() REPRESENTATION_CONTEXT('2D SPACE',''
  ) );
#1898 = ORIENTED_EDGE('',*,*,#1899,.F.);
#1899 = EDGE_CURVE('',#1900,#1872,#1902,.T.);
#1900 = VERTEX_POINT('',#1901);
#1901 = CARTESIAN_POINT('',(-1.9475,-0.84,0.65));
#1902 = SURFACE_CURVE('',#1903,(#1907,#1914),.PCURVE_S1.);
#1903 = LINE('',#1904,#1905);
#1904 = CARTESIAN_POINT('',(-1.9475,-0.84,0.65));
#1905 = VECTOR('',#1906,1.);
#1906 = DIRECTION('',(-1.,1.224646799147E-16,0.));
#1907 = PCURVE('',#1847,#1908);
#1908 = DEFINITIONAL_REPRESENTATION('',(#1909),#1913);
#1909 = LINE('',#1910,#1911);
#1910 = CARTESIAN_POINT('',(-2.510525938252E-17,0.205));
#1911 = VECTOR('',#1912,1.);
#1912 = DIRECTION('',(1.,0.));
#1913 = ( GEOMETRIC_REPRESENTATION_CONTEXT(2) 
PARAMETRIC_REPRESENTATION_CONTEXT() REPRESENTATION_CONTEXT('2D SPACE',''
  ) );
#1914 = PCURVE('',#1915,#1920);
#1915 = PLANE('',#1916);
#1916 = AXIS2_PLACEMENT_3D('',#1917,#1918,#1919);
#1917 = CARTESIAN_POINT('',(-2.452245178208,-0.84,0.276613501463));
#1918 = DIRECTION('',(-1.224646799147E-16,-1.,0.));
#1919 = DIRECTION('',(0.,0.,1.));
#1920 = DEFINITIONAL_REPRESENTATION('',(#1921),#1925);
#1921 = LINE('',#1922,#1923);
#1922 = CARTESIAN_POINT('',(0.373386498537,-0.504745178208));
#1923 = VECTOR('',#1924,1.);
#1924 = DIRECTION('',(0.,1.));
#1925 = ( GEOMETRIC_REPRESENTATION_CONTEXT(2) 
PARAMETRIC_REPRESENTATION_CONTEXT() REPRESENTATION_CONTEXT('2D SPACE',''
  ) );
#1926 = ORIENTED_EDGE('',*,*,#1927,.T.);
#1927 = EDGE_CURVE('',#1900,#1837,#1928,.T.);
#1928 = SURFACE_CURVE('',#1929,(#1933,#1940),.PCURVE_S1.);
#1929 = LINE('',#1930,#1931);
#1930 = CARTESIAN_POINT('',(-1.9475,-0.84,0.65));
#1931 = VECTOR('',#1932,1.);
#1932 = DIRECTION('',(1.224646799147E-16,1.,0.));
#1933 = PCURVE('',#1847,#1934);
#1934 = DEFINITIONAL_REPRESENTATION('',(#1935),#1939);
#1935 = LINE('',#1936,#1937);
#1936 = CARTESIAN_POINT('',(-2.510525938252E-17,0.205));
#1937 = VECTOR('',#1938,1.);
#1938 = DIRECTION('',(0.,-1.));
#1939 = ( GEOMETRIC_REPRESENTATION_CONTEXT(2) 
PARAMETRIC_REPRESENTATION_CONTEXT() REPRESENTATION_CONTEXT('2D SPACE',''
  ) );
#1940 = PCURVE('',#1941,#1946);
#1941 = PLANE('',#1942);
#1942 = AXIS2_PLACEMENT_3D('',#1943,#1944,#1945);
#1943 = CARTESIAN_POINT('',(-1.9475,-0.635,0.46));
#1944 = DIRECTION('',(1.,-1.224646799147E-16,0.));
#1945 = DIRECTION('',(0.,0.,1.));
#1946 = DEFINITIONAL_REPRESENTATION('',(#1947),#1951);
#1947 = LINE('',#1948,#1949);
#1948 = CARTESIAN_POINT('',(0.19,0.205));
#1949 = VECTOR('',#1950,1.);
#1950 = DIRECTION('',(0.,-1.));
#1951 = ( GEOMETRIC_REPRESENTATION_CONTEXT(2) 
PARAMETRIC_REPRESENTATION_CONTEXT() REPRESENTATION_CONTEXT('2D SPACE',''
  ) );
#1952 = ADVANCED_FACE('',(#1953),#1941,.T.);
#1953 = FACE_BOUND('',#1954,.T.);
#1954 = EDGE_LOOP('',(#1955,#1978,#1979,#2002));
#1955 = ORIENTED_EDGE('',*,*,#1956,.T.);
#1956 = EDGE_CURVE('',#1957,#1837,#1959,.T.);
#1957 = VERTEX_POINT('',#1958);
#1958 = CARTESIAN_POINT('',(-1.9475,-0.43,0.46));
#1959 = SURFACE_CURVE('',#1960,(#1964,#1971),.PCURVE_S1.);
#1960 = LINE('',#1961,#1962);
#1961 = CARTESIAN_POINT('',(-1.9475,-0.43,0.46));
#1962 = VECTOR('',#1963,1.);
#1963 = DIRECTION('',(0.,0.,1.));
#1964 = PCURVE('',#1941,#1965);
#1965 = DEFINITIONAL_REPRESENTATION('',(#1966),#1970);
#1966 = LINE('',#1967,#1968);
#1967 = CARTESIAN_POINT('',(0.,-0.205));
#1968 = VECTOR('',#1969,1.);
#1969 = DIRECTION('',(1.,0.));
#1970 = ( GEOMETRIC_REPRESENTATION_CONTEXT(2) 
PARAMETRIC_REPRESENTATION_CONTEXT() REPRESENTATION_CONTEXT('2D SPACE',''
  ) );
#1971 = PCURVE('',#1859,#1972);
#1972 = DEFINITIONAL_REPRESENTATION('',(#1973),#1977);
#1973 = LINE('',#1974,#1975);
#1974 = CARTESIAN_POINT('',(0.183386498537,-0.504745178208));
#1975 = VECTOR('',#1976,1.);
#1976 = DIRECTION('',(1.,0.));
#1977 = ( GEOMETRIC_REPRESENTATION_CONTEXT(2) 
PARAMETRIC_REPRESENTATION_CONTEXT() REPRESENTATION_CONTEXT('2D SPACE',''
  ) );
#1978 = ORIENTED_EDGE('',*,*,#1927,.F.);
#1979 = ORIENTED_EDGE('',*,*,#1980,.F.);
#1980 = EDGE_CURVE('',#1981,#1900,#1983,.T.);
#1981 = VERTEX_POINT('',#1982);
#1982 = CARTESIAN_POINT('',(-1.9475,-0.84,0.46));
#1983 = SURFACE_CURVE('',#1984,(#1988,#1995),.PCURVE_S1.);
#1984 = LINE('',#1985,#1986);
#1985 = CARTESIAN_POINT('',(-1.9475,-0.84,0.46));
#1986 = VECTOR('',#1987,1.);
#1987 = DIRECTION('',(0.,0.,1.));
#1988 = PCURVE('',#1941,#1989);
#1989 = DEFINITIONAL_REPRESENTATION('',(#1990),#1994);
#1990 = LINE('',#1991,#1992);
#1991 = CARTESIAN_POINT('',(0.,0.205));
#1992 = VECTOR('',#1993,1.);
#1993 = DIRECTION('',(1.,0.));
#1994 = ( GEOMETRIC_REPRESENTATION_CONTEXT(2) 
PARAMETRIC_REPRESENTATION_CONTEXT() REPRESENTATION_CONTEXT('2D SPACE',''
  ) );
#1995 = PCURVE('',#1915,#1996);
#1996 = DEFINITIONAL_REPRESENTATION('',(#1997),#2001);
#1997 = LINE('',#1998,#1999);
#1998 = CARTESIAN_POINT('',(0.183386498537,-0.504745178208));
#1999 = VECTOR('',#2000,1.);
#2000 = DIRECTION('',(1.,0.));
#2001 = ( GEOMETRIC_REPRESENTATION_CONTEXT(2) 
PARAMETRIC_REPRESENTATION_CONTEXT() REPRESENTATION_CONTEXT('2D SPACE',''
  ) );
#2002 = ORIENTED_EDGE('',*,*,#2003,.T.);
#2003 = EDGE_CURVE('',#1981,#1957,#2004,.T.);
#2004 = SURFACE_CURVE('',#2005,(#2009,#2016),.PCURVE_S1.);
#2005 = LINE('',#2006,#2007);
#2006 = CARTESIAN_POINT('',(-1.9475,-0.84,0.46));
#2007 = VECTOR('',#2008,1.);
#2008 = DIRECTION('',(1.224646799147E-16,1.,0.));
#2009 = PCURVE('',#1941,#2010);
#2010 = DEFINITIONAL_REPRESENTATION('',(#2011),#2015);
#2011 = LINE('',#2012,#2013);
#2012 = CARTESIAN_POINT('',(0.,0.205));
#2013 = VECTOR('',#2014,1.);
#2014 = DIRECTION('',(0.,-1.));
#2015 = ( GEOMETRIC_REPRESENTATION_CONTEXT(2) 
PARAMETRIC_REPRESENTATION_CONTEXT() REPRESENTATION_CONTEXT('2D SPACE',''
  ) );
#2016 = PCURVE('',#2017,#2022);
#2017 = PLANE('',#2018);
#2018 = AXIS2_PLACEMENT_3D('',#2019,#2020,#2021);
#2019 = CARTESIAN_POINT('',(-2.0315,-0.635,0.46));
#2020 = DIRECTION('',(0.,0.,-1.));
#2021 = DIRECTION('',(1.,-1.224646799147E-16,0.));
#2022 = DEFINITIONAL_REPRESENTATION('',(#2023),#2027);
#2023 = LINE('',#2024,#2025);
#2024 = CARTESIAN_POINT('',(8.4E-02,0.205));
#2025 = VECTOR('',#2026,1.);
#2026 = DIRECTION('',(0.,-1.));
#2027 = ( GEOMETRIC_REPRESENTATION_CONTEXT(2) 
PARAMETRIC_REPRESENTATION_CONTEXT() REPRESENTATION_CONTEXT('2D SPACE',''
  ) );
#2028 = ADVANCED_FACE('',(#2029),#2017,.T.);
#2029 = FACE_BOUND('',#2030,.T.);
#2030 = EDGE_LOOP('',(#2031,#2054,#2055,#2078));
#2031 = ORIENTED_EDGE('',*,*,#2032,.T.);
#2032 = EDGE_CURVE('',#2033,#1957,#2035,.T.);
#2033 = VERTEX_POINT('',#2034);
#2034 = CARTESIAN_POINT('',(-2.0315,-0.43,0.46));
#2035 = SURFACE_CURVE('',#2036,(#2040,#2047),.PCURVE_S1.);
#2036 = LINE('',#2037,#2038);
#2037 = CARTESIAN_POINT('',(-2.0315,-0.43,0.46));
#2038 = VECTOR('',#2039,1.);
#2039 = DIRECTION('',(1.,-1.224646799147E-16,0.));
#2040 = PCURVE('',#2017,#2041);
#2041 = DEFINITIONAL_REPRESENTATION('',(#2042),#2046);
#2042 = LINE('',#2043,#2044);
#2043 = CARTESIAN_POINT('',(-2.510525938252E-17,-0.205));
#2044 = VECTOR('',#2045,1.);
#2045 = DIRECTION('',(1.,0.));
#2046 = ( GEOMETRIC_REPRESENTATION_CONTEXT(2) 
PARAMETRIC_REPRESENTATION_CONTEXT() REPRESENTATION_CONTEXT('2D SPACE',''
  ) );
#2047 = PCURVE('',#1859,#2048);
#2048 = DEFINITIONAL_REPRESENTATION('',(#2049),#2053);
#2049 = LINE('',#2050,#2051);
#2050 = CARTESIAN_POINT('',(0.183386498537,-0.420745178208));
#2051 = VECTOR('',#2052,1.);
#2052 = DIRECTION('',(0.,-1.));
#2053 = ( GEOMETRIC_REPRESENTATION_CONTEXT(2) 
PARAMETRIC_REPRESENTATION_CONTEXT() REPRESENTATION_CONTEXT('2D SPACE',''
  ) );
#2054 = ORIENTED_EDGE('',*,*,#2003,.F.);
#2055 = ORIENTED_EDGE('',*,*,#2056,.F.);
#2056 = EDGE_CURVE('',#2057,#1981,#2059,.T.);
#2057 = VERTEX_POINT('',#2058);
#2058 = CARTESIAN_POINT('',(-2.0315,-0.84,0.46));
#2059 = SURFACE_CURVE('',#2060,(#2064,#2071),.PCURVE_S1.);
#2060 = LINE('',#2061,#2062);
#2061 = CARTESIAN_POINT('',(-2.0315,-0.84,0.46));
#2062 = VECTOR('',#2063,1.);
#2063 = DIRECTION('',(1.,-1.224646799147E-16,0.));
#2064 = PCURVE('',#2017,#2065);
#2065 = DEFINITIONAL_REPRESENTATION('',(#2066),#2070);
#2066 = LINE('',#2067,#2068);
#2067 = CARTESIAN_POINT('',(2.510525938252E-17,0.205));
#2068 = VECTOR('',#2069,1.);
#2069 = DIRECTION('',(1.,0.));
#2070 = ( GEOMETRIC_REPRESENTATION_CONTEXT(2) 
PARAMETRIC_REPRESENTATION_CONTEXT() REPRESENTATION_CONTEXT('2D SPACE',''
  ) );
#2071 = PCURVE('',#1915,#2072);
#2072 = DEFINITIONAL_REPRESENTATION('',(#2073),#2077);
#2073 = LINE('',#2074,#2075);
#2074 = CARTESIAN_POINT('',(0.183386498537,-0.420745178208));
#2075 = VECTOR('',#2076,1.);
#2076 = DIRECTION('',(0.,-1.));
#2077 = ( GEOMETRIC_REPRESENTATION_CONTEXT(2) 
PARAMETRIC_REPRESENTATION_CONTEXT() REPRESENTATION_CONTEXT('2D SPACE',''
  ) );
#2078 = ORIENTED_EDGE('',*,*,#2079,.T.);
#2079 = EDGE_CURVE('',#2057,#2033,#2080,.T.);
#2080 = SURFACE_CURVE('',#2081,(#2085,#2092),.PCURVE_S1.);
#2081 = LINE('',#2082,#2083);
#2082 = CARTESIAN_POINT('',(-2.0315,-0.84,0.46));
#2083 = VECTOR('',#2084,1.);
#2084 = DIRECTION('',(1.224646799147E-16,1.,0.));
#2085 = PCURVE('',#2017,#2086);
#2086 = DEFINITIONAL_REPRESENTATION('',(#2087),#2091);
#2087 = LINE('',#2088,#2089);
#2088 = CARTESIAN_POINT('',(2.510525938252E-17,0.205));
#2089 = VECTOR('',#2090,1.);
#2090 = DIRECTION('',(0.,-1.));
#2091 = ( GEOMETRIC_REPRESENTATION_CONTEXT(2) 
PARAMETRIC_REPRESENTATION_CONTEXT() REPRESENTATION_CONTEXT('2D SPACE',''
  ) );
#2092 = PCURVE('',#2093,#2098);
#2093 = PLANE('',#2094);
#2094 = AXIS2_PLACEMENT_3D('',#2095,#2096,#2097);
#2095 = CARTESIAN_POINT('',(-2.4725,-0.635,0.));
#2096 = DIRECTION('',(0.721857539295,-8.840205249382E-17,-0.692041684411
    ));
#2097 = DIRECTION('',(0.692041684411,-8.475066336908E-17,0.721857539295)
  );
#2098 = DEFINITIONAL_REPRESENTATION('',(#2099),#2103);
#2099 = LINE('',#2100,#2101);
#2100 = CARTESIAN_POINT('',(0.637244850901,0.205));
#2101 = VECTOR('',#2102,1.);
#2102 = DIRECTION('',(0.,-1.));
#2103 = ( GEOMETRIC_REPRESENTATION_CONTEXT(2) 
PARAMETRIC_REPRESENTATION_CONTEXT() REPRESENTATION_CONTEXT('2D SPACE',''
  ) );
#2104 = ADVANCED_FACE('',(#2105),#2093,.T.);
#2105 = FACE_BOUND('',#2106,.T.);
#2106 = EDGE_LOOP('',(#2107,#2137,#2158,#2159));
#2107 = ORIENTED_EDGE('',*,*,#2108,.F.);
#2108 = EDGE_CURVE('',#2109,#2111,#2113,.T.);
#2109 = VERTEX_POINT('',#2110);
#2110 = CARTESIAN_POINT('',(-2.4725,-0.43,0.));
#2111 = VERTEX_POINT('',#2112);
#2112 = CARTESIAN_POINT('',(-2.4725,-0.84,0.));
#2113 = SURFACE_CURVE('',#2114,(#2118,#2125),.PCURVE_S1.);
#2114 = LINE('',#2115,#2116);
#2115 = CARTESIAN_POINT('',(-2.4725,-0.43,0.));
#2116 = VECTOR('',#2117,1.);
#2117 = DIRECTION('',(-1.224646799147E-16,-1.,0.));
#2118 = PCURVE('',#2093,#2119);
#2119 = DEFINITIONAL_REPRESENTATION('',(#2120),#2124);
#2120 = LINE('',#2121,#2122);
#2121 = CARTESIAN_POINT('',(-2.642704108933E-17,-0.205));
#2122 = VECTOR('',#2123,1.);
#2123 = DIRECTION('',(0.,1.));
#2124 = ( GEOMETRIC_REPRESENTATION_CONTEXT(2) 
PARAMETRIC_REPRESENTATION_CONTEXT() REPRESENTATION_CONTEXT('2D SPACE',''
  ) );
#2125 = PCURVE('',#2126,#2131);
#2126 = PLANE('',#2127);
#2127 = AXIS2_PLACEMENT_3D('',#2128,#2129,#2130);
#2128 = CARTESIAN_POINT('',(-2.9975,-0.635,0.));
#2129 = DIRECTION('',(0.,0.,-1.));
#2130 = DIRECTION('',(1.,-1.224646799147E-16,0.));
#2131 = DEFINITIONAL_REPRESENTATION('',(#2132),#2136);
#2132 = LINE('',#2133,#2134);
#2133 = CARTESIAN_POINT('',(0.525,-0.205));
#2134 = VECTOR('',#2135,1.);
#2135 = DIRECTION('',(0.,1.));
#2136 = ( GEOMETRIC_REPRESENTATION_CONTEXT(2) 
PARAMETRIC_REPRESENTATION_CONTEXT() REPRESENTATION_CONTEXT('2D SPACE',''
  ) );
#2137 = ORIENTED_EDGE('',*,*,#2138,.T.);
#2138 = EDGE_CURVE('',#2109,#2033,#2139,.T.);
#2139 = SURFACE_CURVE('',#2140,(#2144,#2151),.PCURVE_S1.);
#2140 = LINE('',#2141,#2142);
#2141 = CARTESIAN_POINT('',(-2.4725,-0.43,0.));
#2142 = VECTOR('',#2143,1.);
#2143 = DIRECTION('',(0.692041684411,-8.475066336908E-17,0.721857539295)
  );
#2144 = PCURVE('',#2093,#2145);
#2145 = DEFINITIONAL_REPRESENTATION('',(#2146),#2150);
#2146 = LINE('',#2147,#2148);
#2147 = CARTESIAN_POINT('',(-2.642704108933E-17,-0.205));
#2148 = VECTOR('',#2149,1.);
#2149 = DIRECTION('',(1.,0.));
#2150 = ( GEOMETRIC_REPRESENTATION_CONTEXT(2) 
PARAMETRIC_REPRESENTATION_CONTEXT() REPRESENTATION_CONTEXT('2D SPACE',''
  ) );
#2151 = PCURVE('',#1859,#2152);
#2152 = DEFINITIONAL_REPRESENTATION('',(#2153),#2157);
#2153 = LINE('',#2154,#2155);
#2154 = CARTESIAN_POINT('',(-0.276613501463,2.025482179178E-02));
#2155 = VECTOR('',#2156,1.);
#2156 = DIRECTION('',(0.721857539295,-0.692041684411));
#2157 = ( GEOMETRIC_REPRESENTATION_CONTEXT(2) 
PARAMETRIC_REPRESENTATION_CONTEXT() REPRESENTATION_CONTEXT('2D SPACE',''
  ) );
#2158 = ORIENTED_EDGE('',*,*,#2079,.F.);
#2159 = ORIENTED_EDGE('',*,*,#2160,.F.);
#2160 = EDGE_CURVE('',#2111,#2057,#2161,.T.);
#2161 = SURFACE_CURVE('',#2162,(#2166,#2173),.PCURVE_S1.);
#2162 = LINE('',#2163,#2164);
#2163 = CARTESIAN_POINT('',(-2.4725,-0.84,0.));
#2164 = VECTOR('',#2165,1.);
#2165 = DIRECTION('',(0.692041684411,-8.475066336908E-17,0.721857539295)
  );
#2166 = PCURVE('',#2093,#2167);
#2167 = DEFINITIONAL_REPRESENTATION('',(#2168),#2172);
#2168 = LINE('',#2169,#2170);
#2169 = CARTESIAN_POINT('',(2.642704108933E-17,0.205));
#2170 = VECTOR('',#2171,1.);
#2171 = DIRECTION('',(1.,0.));
#2172 = ( GEOMETRIC_REPRESENTATION_CONTEXT(2) 
PARAMETRIC_REPRESENTATION_CONTEXT() REPRESENTATION_CONTEXT('2D SPACE',''
  ) );
#2173 = PCURVE('',#1915,#2174);
#2174 = DEFINITIONAL_REPRESENTATION('',(#2175),#2179);
#2175 = LINE('',#2176,#2177);
#2176 = CARTESIAN_POINT('',(-0.276613501463,2.025482179178E-02));
#2177 = VECTOR('',#2178,1.);
#2178 = DIRECTION('',(0.721857539295,-0.692041684411));
#2179 = ( GEOMETRIC_REPRESENTATION_CONTEXT(2) 
PARAMETRIC_REPRESENTATION_CONTEXT() REPRESENTATION_CONTEXT('2D SPACE',''
  ) );
#2180 = ADVANCED_FACE('',(#2181),#2126,.T.);
#2181 = FACE_BOUND('',#2182,.T.);
#2182 = EDGE_LOOP('',(#2183,#2213,#2234,#2235));
#2183 = ORIENTED_EDGE('',*,*,#2184,.F.);
#2184 = EDGE_CURVE('',#2185,#2187,#2189,.T.);
#2185 = VERTEX_POINT('',#2186);
#2186 = CARTESIAN_POINT('',(-2.9975,-0.43,0.));
#2187 = VERTEX_POINT('',#2188);
#2188 = CARTESIAN_POINT('',(-2.9975,-0.84,0.));
#2189 = SURFACE_CURVE('',#2190,(#2194,#2201),.PCURVE_S1.);
#2190 = LINE('',#2191,#2192);
#2191 = CARTESIAN_POINT('',(-2.9975,-0.43,0.));
#2192 = VECTOR('',#2193,1.);
#2193 = DIRECTION('',(-1.224646799147E-16,-1.,0.));
#2194 = PCURVE('',#2126,#2195);
#2195 = DEFINITIONAL_REPRESENTATION('',(#2196),#2200);
#2196 = LINE('',#2197,#2198);
#2197 = CARTESIAN_POINT('',(-2.510525938252E-17,-0.205));
#2198 = VECTOR('',#2199,1.);
#2199 = DIRECTION('',(0.,1.));
#2200 = ( GEOMETRIC_REPRESENTATION_CONTEXT(2) 
PARAMETRIC_REPRESENTATION_CONTEXT() REPRESENTATION_CONTEXT('2D SPACE',''
  ) );
#2201 = PCURVE('',#2202,#2207);
#2202 = PLANE('',#2203);
#2203 = AXIS2_PLACEMENT_3D('',#2204,#2205,#2206);
#2204 = CARTESIAN_POINT('',(-2.9975,-0.635,0.19));
#2205 = DIRECTION('',(-1.,1.224646799147E-16,0.));
#2206 = DIRECTION('',(-0.,0.,-1.));
#2207 = DEFINITIONAL_REPRESENTATION('',(#2208),#2212);
#2208 = LINE('',#2209,#2210);
#2209 = CARTESIAN_POINT('',(0.19,-0.205));
#2210 = VECTOR('',#2211,1.);
#2211 = DIRECTION('',(0.,1.));
#2212 = ( GEOMETRIC_REPRESENTATION_CONTEXT(2) 
PARAMETRIC_REPRESENTATION_CONTEXT() REPRESENTATION_CONTEXT('2D SPACE',''
  ) );
#2213 = ORIENTED_EDGE('',*,*,#2214,.T.);
#2214 = EDGE_CURVE('',#2185,#2109,#2215,.T.);
#2215 = SURFACE_CURVE('',#2216,(#2220,#2227),.PCURVE_S1.);
#2216 = LINE('',#2217,#2218);
#2217 = CARTESIAN_POINT('',(-2.9975,-0.43,0.));
#2218 = VECTOR('',#2219,1.);
#2219 = DIRECTION('',(1.,-1.224646799147E-16,0.));
#2220 = PCURVE('',#2126,#2221);
#2221 = DEFINITIONAL_REPRESENTATION('',(#2222),#2226);
#2222 = LINE('',#2223,#2224);
#2223 = CARTESIAN_POINT('',(-2.510525938252E-17,-0.205));
#2224 = VECTOR('',#2225,1.);
#2225 = DIRECTION('',(1.,0.));
#2226 = ( GEOMETRIC_REPRESENTATION_CONTEXT(2) 
PARAMETRIC_REPRESENTATION_CONTEXT() REPRESENTATION_CONTEXT('2D SPACE',''
  ) );
#2227 = PCURVE('',#1859,#2228);
#2228 = DEFINITIONAL_REPRESENTATION('',(#2229),#2233);
#2229 = LINE('',#2230,#2231);
#2230 = CARTESIAN_POINT('',(-0.276613501463,0.545254821792));
#2231 = VECTOR('',#2232,1.);
#2232 = DIRECTION('',(0.,-1.));
#2233 = ( GEOMETRIC_REPRESENTATION_CONTEXT(2) 
PARAMETRIC_REPRESENTATION_CONTEXT() REPRESENTATION_CONTEXT('2D SPACE',''
  ) );
#2234 = ORIENTED_EDGE('',*,*,#2108,.T.);
#2235 = ORIENTED_EDGE('',*,*,#2236,.F.);
#2236 = EDGE_CURVE('',#2187,#2111,#2237,.T.);
#2237 = SURFACE_CURVE('',#2238,(#2242,#2249),.PCURVE_S1.);
#2238 = LINE('',#2239,#2240);
#2239 = CARTESIAN_POINT('',(-2.9975,-0.84,0.));
#2240 = VECTOR('',#2241,1.);
#2241 = DIRECTION('',(1.,-1.224646799147E-16,0.));
#2242 = PCURVE('',#2126,#2243);
#2243 = DEFINITIONAL_REPRESENTATION('',(#2244),#2248);
#2244 = LINE('',#2245,#2246);
#2245 = CARTESIAN_POINT('',(2.510525938252E-17,0.205));
#2246 = VECTOR('',#2247,1.);
#2247 = DIRECTION('',(1.,0.));
#2248 = ( GEOMETRIC_REPRESENTATION_CONTEXT(2) 
PARAMETRIC_REPRESENTATION_CONTEXT() REPRESENTATION_CONTEXT('2D SPACE',''
  ) );
#2249 = PCURVE('',#1915,#2250);
#2250 = DEFINITIONAL_REPRESENTATION('',(#2251),#2255);
#2251 = LINE('',#2252,#2253);
#2252 = CARTESIAN_POINT('',(-0.276613501463,0.545254821792));
#2253 = VECTOR('',#2254,1.);
#2254 = DIRECTION('',(0.,-1.));
#2255 = ( GEOMETRIC_REPRESENTATION_CONTEXT(2) 
PARAMETRIC_REPRESENTATION_CONTEXT() REPRESENTATION_CONTEXT('2D SPACE',''
  ) );
#2256 = ADVANCED_FACE('',(#2257),#2202,.T.);
#2257 = FACE_BOUND('',#2258,.T.);
#2258 = EDGE_LOOP('',(#2259,#2289,#2310,#2311));
#2259 = ORIENTED_EDGE('',*,*,#2260,.F.);
#2260 = EDGE_CURVE('',#2261,#2263,#2265,.T.);
#2261 = VERTEX_POINT('',#2262);
#2262 = CARTESIAN_POINT('',(-2.9975,-0.43,0.19));
#2263 = VERTEX_POINT('',#2264);
#2264 = CARTESIAN_POINT('',(-2.9975,-0.84,0.19));
#2265 = SURFACE_CURVE('',#2266,(#2270,#2277),.PCURVE_S1.);
#2266 = LINE('',#2267,#2268);
#2267 = CARTESIAN_POINT('',(-2.9975,-0.43,0.19));
#2268 = VECTOR('',#2269,1.);
#2269 = DIRECTION('',(-1.224646799147E-16,-1.,0.));
#2270 = PCURVE('',#2202,#2271);
#2271 = DEFINITIONAL_REPRESENTATION('',(#2272),#2276);
#2272 = LINE('',#2273,#2274);
#2273 = CARTESIAN_POINT('',(0.,-0.205));
#2274 = VECTOR('',#2275,1.);
#2275 = DIRECTION('',(0.,1.));
#2276 = ( GEOMETRIC_REPRESENTATION_CONTEXT(2) 
PARAMETRIC_REPRESENTATION_CONTEXT() REPRESENTATION_CONTEXT('2D SPACE',''
  ) );
#2277 = PCURVE('',#2278,#2283);
#2278 = PLANE('',#2279);
#2279 = AXIS2_PLACEMENT_3D('',#2280,#2281,#2282);
#2280 = CARTESIAN_POINT('',(-2.63,-0.635,0.19));
#2281 = DIRECTION('',(0.,0.,1.));
#2282 = DIRECTION('',(-1.,1.224646799147E-16,0.));
#2283 = DEFINITIONAL_REPRESENTATION('',(#2284),#2288);
#2284 = LINE('',#2285,#2286);
#2285 = CARTESIAN_POINT('',(0.3675,-0.205));
#2286 = VECTOR('',#2287,1.);
#2287 = DIRECTION('',(0.,1.));
#2288 = ( GEOMETRIC_REPRESENTATION_CONTEXT(2) 
PARAMETRIC_REPRESENTATION_CONTEXT() REPRESENTATION_CONTEXT('2D SPACE',''
  ) );
#2289 = ORIENTED_EDGE('',*,*,#2290,.T.);
#2290 = EDGE_CURVE('',#2261,#2185,#2291,.T.);
#2291 = SURFACE_CURVE('',#2292,(#2296,#2303),.PCURVE_S1.);
#2292 = LINE('',#2293,#2294);
#2293 = CARTESIAN_POINT('',(-2.9975,-0.43,0.19));
#2294 = VECTOR('',#2295,1.);
#2295 = DIRECTION('',(-0.,0.,-1.));
#2296 = PCURVE('',#2202,#2297);
#2297 = DEFINITIONAL_REPRESENTATION('',(#2298),#2302);
#2298 = LINE('',#2299,#2300);
#2299 = CARTESIAN_POINT('',(0.,-0.205));
#2300 = VECTOR('',#2301,1.);
#2301 = DIRECTION('',(1.,-0.));
#2302 = ( GEOMETRIC_REPRESENTATION_CONTEXT(2) 
PARAMETRIC_REPRESENTATION_CONTEXT() REPRESENTATION_CONTEXT('2D SPACE',''
  ) );
#2303 = PCURVE('',#1859,#2304);
#2304 = DEFINITIONAL_REPRESENTATION('',(#2305),#2309);
#2305 = LINE('',#2306,#2307);
#2306 = CARTESIAN_POINT('',(-8.661350146282E-02,0.545254821792));
#2307 = VECTOR('',#2308,1.);
#2308 = DIRECTION('',(-1.,0.));
#2309 = ( GEOMETRIC_REPRESENTATION_CONTEXT(2) 
PARAMETRIC_REPRESENTATION_CONTEXT() REPRESENTATION_CONTEXT('2D SPACE',''
  ) );
#2310 = ORIENTED_EDGE('',*,*,#2184,.T.);
#2311 = ORIENTED_EDGE('',*,*,#2312,.F.);
#2312 = EDGE_CURVE('',#2263,#2187,#2313,.T.);
#2313 = SURFACE_CURVE('',#2314,(#2318,#2325),.PCURVE_S1.);
#2314 = LINE('',#2315,#2316);
#2315 = CARTESIAN_POINT('',(-2.9975,-0.84,0.19));
#2316 = VECTOR('',#2317,1.);
#2317 = DIRECTION('',(-0.,0.,-1.));
#2318 = PCURVE('',#2202,#2319);
#2319 = DEFINITIONAL_REPRESENTATION('',(#2320),#2324);
#2320 = LINE('',#2321,#2322);
#2321 = CARTESIAN_POINT('',(-0.,0.205));
#2322 = VECTOR('',#2323,1.);
#2323 = DIRECTION('',(1.,-0.));
#2324 = ( GEOMETRIC_REPRESENTATION_CONTEXT(2) 
PARAMETRIC_REPRESENTATION_CONTEXT() REPRESENTATION_CONTEXT('2D SPACE',''
  ) );
#2325 = PCURVE('',#1915,#2326);
#2326 = DEFINITIONAL_REPRESENTATION('',(#2327),#2331);
#2327 = LINE('',#2328,#2329);
#2328 = CARTESIAN_POINT('',(-8.661350146282E-02,0.545254821792));
#2329 = VECTOR('',#2330,1.);
#2330 = DIRECTION('',(-1.,0.));
#2331 = ( GEOMETRIC_REPRESENTATION_CONTEXT(2) 
PARAMETRIC_REPRESENTATION_CONTEXT() REPRESENTATION_CONTEXT('2D SPACE',''
  ) );
#2332 = ADVANCED_FACE('',(#2333),#2278,.T.);
#2333 = FACE_BOUND('',#2334,.T.);
#2334 = EDGE_LOOP('',(#2335,#2360,#2381,#2382));
#2335 = ORIENTED_EDGE('',*,*,#2336,.F.);
#2336 = EDGE_CURVE('',#2337,#2339,#2341,.T.);
#2337 = VERTEX_POINT('',#2338);
#2338 = CARTESIAN_POINT('',(-2.63,-0.43,0.19));
#2339 = VERTEX_POINT('',#2340);
#2340 = CARTESIAN_POINT('',(-2.63,-0.84,0.19));
#2341 = SURFACE_CURVE('',#2342,(#2346,#2353),.PCURVE_S1.);
#2342 = LINE('',#2343,#2344);
#2343 = CARTESIAN_POINT('',(-2.63,-0.43,0.19));
#2344 = VECTOR('',#2345,1.);
#2345 = DIRECTION('',(-1.224646799147E-16,-1.,0.));
#2346 = PCURVE('',#2278,#2347);
#2347 = DEFINITIONAL_REPRESENTATION('',(#2348),#2352);
#2348 = LINE('',#2349,#2350);
#2349 = CARTESIAN_POINT('',(2.510525938252E-17,-0.205));
#2350 = VECTOR('',#2351,1.);
#2351 = DIRECTION('',(0.,1.));
#2352 = ( GEOMETRIC_REPRESENTATION_CONTEXT(2) 
PARAMETRIC_REPRESENTATION_CONTEXT() REPRESENTATION_CONTEXT('2D SPACE',''
  ) );
#2353 = PCURVE('',#1887,#2354);
#2354 = DEFINITIONAL_REPRESENTATION('',(#2355),#2359);
#2355 = LINE('',#2356,#2357);
#2356 = CARTESIAN_POINT('',(0.659436312315,-0.205));
#2357 = VECTOR('',#2358,1.);
#2358 = DIRECTION('',(0.,1.));
#2359 = ( GEOMETRIC_REPRESENTATION_CONTEXT(2) 
PARAMETRIC_REPRESENTATION_CONTEXT() REPRESENTATION_CONTEXT('2D SPACE',''
  ) );
#2360 = ORIENTED_EDGE('',*,*,#2361,.T.);
#2361 = EDGE_CURVE('',#2337,#2261,#2362,.T.);
#2362 = SURFACE_CURVE('',#2363,(#2367,#2374),.PCURVE_S1.);
#2363 = LINE('',#2364,#2365);
#2364 = CARTESIAN_POINT('',(-2.63,-0.43,0.19));
#2365 = VECTOR('',#2366,1.);
#2366 = DIRECTION('',(-1.,1.224646799147E-16,0.));
#2367 = PCURVE('',#2278,#2368);
#2368 = DEFINITIONAL_REPRESENTATION('',(#2369),#2373);
#2369 = LINE('',#2370,#2371);
#2370 = CARTESIAN_POINT('',(2.510525938252E-17,-0.205));
#2371 = VECTOR('',#2372,1.);
#2372 = DIRECTION('',(1.,0.));
#2373 = ( GEOMETRIC_REPRESENTATION_CONTEXT(2) 
PARAMETRIC_REPRESENTATION_CONTEXT() REPRESENTATION_CONTEXT('2D SPACE',''
  ) );
#2374 = PCURVE('',#1859,#2375);
#2375 = DEFINITIONAL_REPRESENTATION('',(#2376),#2380);
#2376 = LINE('',#2377,#2378);
#2377 = CARTESIAN_POINT('',(-8.661350146282E-02,0.177754821792));
#2378 = VECTOR('',#2379,1.);
#2379 = DIRECTION('',(0.,1.));
#2380 = ( GEOMETRIC_REPRESENTATION_CONTEXT(2) 
PARAMETRIC_REPRESENTATION_CONTEXT() REPRESENTATION_CONTEXT('2D SPACE',''
  ) );
#2381 = ORIENTED_EDGE('',*,*,#2260,.T.);
#2382 = ORIENTED_EDGE('',*,*,#2383,.F.);
#2383 = EDGE_CURVE('',#2339,#2263,#2384,.T.);
#2384 = SURFACE_CURVE('',#2385,(#2389,#2396),.PCURVE_S1.);
#2385 = LINE('',#2386,#2387);
#2386 = CARTESIAN_POINT('',(-2.63,-0.84,0.19));
#2387 = VECTOR('',#2388,1.);
#2388 = DIRECTION('',(-1.,1.224646799147E-16,0.));
#2389 = PCURVE('',#2278,#2390);
#2390 = DEFINITIONAL_REPRESENTATION('',(#2391),#2395);
#2391 = LINE('',#2392,#2393);
#2392 = CARTESIAN_POINT('',(-2.510525938252E-17,0.205));
#2393 = VECTOR('',#2394,1.);
#2394 = DIRECTION('',(1.,0.));
#2395 = ( GEOMETRIC_REPRESENTATION_CONTEXT(2) 
PARAMETRIC_REPRESENTATION_CONTEXT() REPRESENTATION_CONTEXT('2D SPACE',''
  ) );
#2396 = PCURVE('',#1915,#2397);
#2397 = DEFINITIONAL_REPRESENTATION('',(#2398),#2402);
#2398 = LINE('',#2399,#2400);
#2399 = CARTESIAN_POINT('',(-8.661350146282E-02,0.177754821792));
#2400 = VECTOR('',#2401,1.);
#2401 = DIRECTION('',(0.,1.));
#2402 = ( GEOMETRIC_REPRESENTATION_CONTEXT(2) 
PARAMETRIC_REPRESENTATION_CONTEXT() REPRESENTATION_CONTEXT('2D SPACE',''
  ) );
#2403 = ADVANCED_FACE('',(#2404),#1915,.T.);
#2404 = FACE_BOUND('',#2405,.T.);
#2405 = EDGE_LOOP('',(#2406,#2407,#2428,#2429,#2430,#2431,#2432,#2433));
#2406 = ORIENTED_EDGE('',*,*,#1899,.T.);
#2407 = ORIENTED_EDGE('',*,*,#2408,.T.);
#2408 = EDGE_CURVE('',#1872,#2339,#2409,.T.);
#2409 = SURFACE_CURVE('',#2410,(#2414,#2421),.PCURVE_S1.);
#2410 = LINE('',#2411,#2412);
#2411 = CARTESIAN_POINT('',(-2.1575,-0.84,0.65));
#2412 = VECTOR('',#2413,1.);
#2413 = DIRECTION('',(-0.716521051656,8.774852124316E-17,-0.697565468278
    ));
#2414 = PCURVE('',#1915,#2415);
#2415 = DEFINITIONAL_REPRESENTATION('',(#2416),#2420);
#2416 = LINE('',#2417,#2418);
#2417 = CARTESIAN_POINT('',(0.373386498537,-0.294745178208));
#2418 = VECTOR('',#2419,1.);
#2419 = DIRECTION('',(-0.697565468278,0.716521051656));
#2420 = ( GEOMETRIC_REPRESENTATION_CONTEXT(2) 
PARAMETRIC_REPRESENTATION_CONTEXT() REPRESENTATION_CONTEXT('2D SPACE',''
  ) );
#2421 = PCURVE('',#1887,#2422);
#2422 = DEFINITIONAL_REPRESENTATION('',(#2423),#2427);
#2423 = LINE('',#2424,#2425);
#2424 = CARTESIAN_POINT('',(-1.798844685485E-17,0.205));
#2425 = VECTOR('',#2426,1.);
#2426 = DIRECTION('',(1.,0.));
#2427 = ( GEOMETRIC_REPRESENTATION_CONTEXT(2) 
PARAMETRIC_REPRESENTATION_CONTEXT() REPRESENTATION_CONTEXT('2D SPACE',''
  ) );
#2428 = ORIENTED_EDGE('',*,*,#2383,.T.);
#2429 = ORIENTED_EDGE('',*,*,#2312,.T.);
#2430 = ORIENTED_EDGE('',*,*,#2236,.T.);
#2431 = ORIENTED_EDGE('',*,*,#2160,.T.);
#2432 = ORIENTED_EDGE('',*,*,#2056,.T.);
#2433 = ORIENTED_EDGE('',*,*,#1980,.T.);
#2434 = ADVANCED_FACE('',(#2435),#1887,.T.);
#2435 = FACE_BOUND('',#2436,.T.);
#2436 = EDGE_LOOP('',(#2437,#2438,#2459,#2460));
#2437 = ORIENTED_EDGE('',*,*,#1871,.F.);
#2438 = ORIENTED_EDGE('',*,*,#2439,.T.);
#2439 = EDGE_CURVE('',#1839,#2337,#2440,.T.);
#2440 = SURFACE_CURVE('',#2441,(#2445,#2452),.PCURVE_S1.);
#2441 = LINE('',#2442,#2443);
#2442 = CARTESIAN_POINT('',(-2.1575,-0.43,0.65));
#2443 = VECTOR('',#2444,1.);
#2444 = DIRECTION('',(-0.716521051656,8.774852124316E-17,-0.697565468278
    ));
#2445 = PCURVE('',#1887,#2446);
#2446 = DEFINITIONAL_REPRESENTATION('',(#2447),#2451);
#2447 = LINE('',#2448,#2449);
#2448 = CARTESIAN_POINT('',(1.798844685485E-17,-0.205));
#2449 = VECTOR('',#2450,1.);
#2450 = DIRECTION('',(1.,0.));
#2451 = ( GEOMETRIC_REPRESENTATION_CONTEXT(2) 
PARAMETRIC_REPRESENTATION_CONTEXT() REPRESENTATION_CONTEXT('2D SPACE',''
  ) );
#2452 = PCURVE('',#1859,#2453);
#2453 = DEFINITIONAL_REPRESENTATION('',(#2454),#2458);
#2454 = LINE('',#2455,#2456);
#2455 = CARTESIAN_POINT('',(0.373386498537,-0.294745178208));
#2456 = VECTOR('',#2457,1.);
#2457 = DIRECTION('',(-0.697565468278,0.716521051656));
#2458 = ( GEOMETRIC_REPRESENTATION_CONTEXT(2) 
PARAMETRIC_REPRESENTATION_CONTEXT() REPRESENTATION_CONTEXT('2D SPACE',''
  ) );
#2459 = ORIENTED_EDGE('',*,*,#2336,.T.);
#2460 = ORIENTED_EDGE('',*,*,#2408,.F.);
#2461 = ADVANCED_FACE('',(#2462),#1859,.F.);
#2462 = FACE_BOUND('',#2463,.F.);
#2463 = EDGE_LOOP('',(#2464,#2465,#2466,#2467,#2468,#2469,#2470,#2471));
#2464 = ORIENTED_EDGE('',*,*,#1836,.T.);
#2465 = ORIENTED_EDGE('',*,*,#2439,.T.);
#2466 = ORIENTED_EDGE('',*,*,#2361,.T.);
#2467 = ORIENTED_EDGE('',*,*,#2290,.T.);
#2468 = ORIENTED_EDGE('',*,*,#2214,.T.);
#2469 = ORIENTED_EDGE('',*,*,#2138,.T.);
#2470 = ORIENTED_EDGE('',*,*,#2032,.T.);
#2471 = ORIENTED_EDGE('',*,*,#1956,.T.);
#2472 = ( GEOMETRIC_REPRESENTATION_CONTEXT(3) 
GLOBAL_UNCERTAINTY_ASSIGNED_CONTEXT((#2476)) 
GLOBAL_UNIT_ASSIGNED_CONTEXT((#2473,#2474,#2475)) REPRESENTATION_CONTEXT
('Context #1','3D Context with UNIT and UNCERTAINTY') );
#2473 = ( LENGTH_UNIT() NAMED_UNIT(*) SI_UNIT(.MILLI.,.METRE.) );
#2474 = ( NAMED_UNIT(*) PLANE_ANGLE_UNIT() SI_UNIT($,.RADIAN.) );
#2475 = ( NAMED_UNIT(*) SI_UNIT($,.STERADIAN.) SOLID_ANGLE_UNIT() );
#2476 = UNCERTAINTY_MEASURE_WITH_UNIT(LENGTH_MEASURE(1.E-07),#2473,
  'distance_accuracy_value','confusion accuracy');
#2477 = CONTEXT_DEPENDENT_SHAPE_REPRESENTATION(#2478,#2480);
#2478 = ( REPRESENTATION_RELATIONSHIP('','',#1829,#10) 
REPRESENTATION_RELATIONSHIP_WITH_TRANSFORMATION(#2479) 
SHAPE_REPRESENTATION_RELATIONSHIP() );
#2479 = ITEM_DEFINED_TRANSFORMATION('','',#11,#27);
#2480 = PRODUCT_DEFINITION_SHAPE('Placement','Placement of an item',
  #2481);
#2481 = NEXT_ASSEMBLY_USAGE_OCCURRENCE('4','','',#5,#1824,$);
#2482 = PRODUCT_RELATED_PRODUCT_CATEGORY('part',$,(#1826));
#2483 = SHAPE_DEFINITION_REPRESENTATION(#2484,#2490);
#2484 = PRODUCT_DEFINITION_SHAPE('','',#2485);
#2485 = PRODUCT_DEFINITION('design','',#2486,#2489);
#2486 = PRODUCT_DEFINITION_FORMATION('','',#2487);
#2487 = PRODUCT('Open CASCADE STEP translator 7.9 1.5',
  'Open CASCADE STEP translator 7.9 1.5','',(#2488));
#2488 = PRODUCT_CONTEXT('',#2,'mechanical');
#2489 = PRODUCT_DEFINITION_CONTEXT('part definition',#2,'design');
#2490 = ADVANCED_BREP_SHAPE_REPRESENTATION('',(#11,#2491),#3133);
#2491 = MANIFOLD_SOLID_BREP('',#2492);
#2492 = CLOSED_SHELL('',(#2493,#2613,#2689,#2765,#2841,#2917,#2993,#3064
    ,#3095,#3122));
#2493 = ADVANCED_FACE('',(#2494),#2508,.T.);
#2494 = FACE_BOUND('',#2495,.T.);
#2495 = EDGE_LOOP('',(#2496,#2531,#2559,#2587));
#2496 = ORIENTED_EDGE('',*,*,#2497,.T.);
#2497 = EDGE_CURVE('',#2498,#2500,#2502,.T.);
#2498 = VERTEX_POINT('',#2499);
#2499 = CARTESIAN_POINT('',(-1.9475,-1.7,0.65));
#2500 = VERTEX_POINT('',#2501);
#2501 = CARTESIAN_POINT('',(-2.1575,-1.7,0.65));
#2502 = SURFACE_CURVE('',#2503,(#2507,#2519),.PCURVE_S1.);
#2503 = LINE('',#2504,#2505);
#2504 = CARTESIAN_POINT('',(-1.9475,-1.7,0.65));
#2505 = VECTOR('',#2506,1.);
#2506 = DIRECTION('',(-1.,1.224646799147E-16,0.));
#2507 = PCURVE('',#2508,#2513);
#2508 = PLANE('',#2509);
#2509 = AXIS2_PLACEMENT_3D('',#2510,#2511,#2512);
#2510 = CARTESIAN_POINT('',(-1.9475,-1.905,0.65));
#2511 = DIRECTION('',(0.,0.,1.));
#2512 = DIRECTION('',(-1.,1.224646799147E-16,0.));
#2513 = DEFINITIONAL_REPRESENTATION('',(#2514),#2518);
#2514 = LINE('',#2515,#2516);
#2515 = CARTESIAN_POINT('',(2.510525938252E-17,-0.205));
#2516 = VECTOR('',#2517,1.);
#2517 = DIRECTION('',(1.,0.));
#2518 = ( GEOMETRIC_REPRESENTATION_CONTEXT(2) 
PARAMETRIC_REPRESENTATION_CONTEXT() REPRESENTATION_CONTEXT('2D SPACE',''
  ) );
#2519 = PCURVE('',#2520,#2525);
#2520 = PLANE('',#2521);
#2521 = AXIS2_PLACEMENT_3D('',#2522,#2523,#2524);
#2522 = CARTESIAN_POINT('',(-2.452245178208,-1.7,0.276613501463));
#2523 = DIRECTION('',(-1.224646799147E-16,-1.,0.));
#2524 = DIRECTION('',(0.,0.,1.));
#2525 = DEFINITIONAL_REPRESENTATION('',(#2526),#2530);
#2526 = LINE('',#2527,#2528);
#2527 = CARTESIAN_POINT('',(0.373386498537,-0.504745178208));
#2528 = VECTOR('',#2529,1.);
#2529 = DIRECTION('',(0.,1.));
#2530 = ( GEOMETRIC_REPRESENTATION_CONTEXT(2) 
PARAMETRIC_REPRESENTATION_CONTEXT() REPRESENTATION_CONTEXT('2D SPACE',''
  ) );
#2531 = ORIENTED_EDGE('',*,*,#2532,.T.);
#2532 = EDGE_CURVE('',#2500,#2533,#2535,.T.);
#2533 = VERTEX_POINT('',#2534);
#2534 = CARTESIAN_POINT('',(-2.1575,-2.11,0.65));
#2535 = SURFACE_CURVE('',#2536,(#2540,#2547),.PCURVE_S1.);
#2536 = LINE('',#2537,#2538);
#2537 = CARTESIAN_POINT('',(-2.1575,-1.7,0.65));
#2538 = VECTOR('',#2539,1.);
#2539 = DIRECTION('',(-1.224646799147E-16,-1.,0.));
#2540 = PCURVE('',#2508,#2541);
#2541 = DEFINITIONAL_REPRESENTATION('',(#2542),#2546);
#2542 = LINE('',#2543,#2544);
#2543 = CARTESIAN_POINT('',(0.21,-0.205));
#2544 = VECTOR('',#2545,1.);
#2545 = DIRECTION('',(0.,1.));
#2546 = ( GEOMETRIC_REPRESENTATION_CONTEXT(2) 
PARAMETRIC_REPRESENTATION_CONTEXT() REPRESENTATION_CONTEXT('2D SPACE',''
  ) );
#2547 = PCURVE('',#2548,#2553);
#2548 = PLANE('',#2549);
#2549 = AXIS2_PLACEMENT_3D('',#2550,#2551,#2552);
#2550 = CARTESIAN_POINT('',(-2.1575,-1.905,0.65));
#2551 = DIRECTION('',(-0.697565468278,8.542713179229E-17,0.716521051656)
  );
#2552 = DIRECTION('',(-0.716521051656,8.774852124316E-17,-0.697565468278
    ));
#2553 = DEFINITIONAL_REPRESENTATION('',(#2554),#2558);
#2554 = LINE('',#2555,#2556);
#2555 = CARTESIAN_POINT('',(1.798844685485E-17,-0.205));
#2556 = VECTOR('',#2557,1.);
#2557 = DIRECTION('',(0.,1.));
#2558 = ( GEOMETRIC_REPRESENTATION_CONTEXT(2) 
PARAMETRIC_REPRESENTATION_CONTEXT() REPRESENTATION_CONTEXT('2D SPACE',''
  ) );
#2559 = ORIENTED_EDGE('',*,*,#2560,.F.);
#2560 = EDGE_CURVE('',#2561,#2533,#2563,.T.);
#2561 = VERTEX_POINT('',#2562);
#2562 = CARTESIAN_POINT('',(-1.9475,-2.11,0.65));
#2563 = SURFACE_CURVE('',#2564,(#2568,#2575),.PCURVE_S1.);
#2564 = LINE('',#2565,#2566);
#2565 = CARTESIAN_POINT('',(-1.9475,-2.11,0.65));
#2566 = VECTOR('',#2567,1.);
#2567 = DIRECTION('',(-1.,1.224646799147E-16,0.));
#2568 = PCURVE('',#2508,#2569);
#2569 = DEFINITIONAL_REPRESENTATION('',(#2570),#2574);
#2570 = LINE('',#2571,#2572);
#2571 = CARTESIAN_POINT('',(-2.510525938252E-17,0.205));
#2572 = VECTOR('',#2573,1.);
#2573 = DIRECTION('',(1.,0.));
#2574 = ( GEOMETRIC_REPRESENTATION_CONTEXT(2) 
PARAMETRIC_REPRESENTATION_CONTEXT() REPRESENTATION_CONTEXT('2D SPACE',''
  ) );
#2575 = PCURVE('',#2576,#2581);
#2576 = PLANE('',#2577);
#2577 = AXIS2_PLACEMENT_3D('',#2578,#2579,#2580);
#2578 = CARTESIAN_POINT('',(-2.452245178208,-2.11,0.276613501463));
#2579 = DIRECTION('',(-1.224646799147E-16,-1.,0.));
#2580 = DIRECTION('',(0.,0.,1.));
#2581 = DEFINITIONAL_REPRESENTATION('',(#2582),#2586);
#2582 = LINE('',#2583,#2584);
#2583 = CARTESIAN_POINT('',(0.373386498537,-0.504745178208));
#2584 = VECTOR('',#2585,1.);
#2585 = DIRECTION('',(0.,1.));
#2586 = ( GEOMETRIC_REPRESENTATION_CONTEXT(2) 
PARAMETRIC_REPRESENTATION_CONTEXT() REPRESENTATION_CONTEXT('2D SPACE',''
  ) );
#2587 = ORIENTED_EDGE('',*,*,#2588,.T.);
#2588 = EDGE_CURVE('',#2561,#2498,#2589,.T.);
#2589 = SURFACE_CURVE('',#2590,(#2594,#2601),.PCURVE_S1.);
#2590 = LINE('',#2591,#2592);
#2591 = CARTESIAN_POINT('',(-1.9475,-2.11,0.65));
#2592 = VECTOR('',#2593,1.);
#2593 = DIRECTION('',(1.224646799147E-16,1.,0.));
#2594 = PCURVE('',#2508,#2595);
#2595 = DEFINITIONAL_REPRESENTATION('',(#2596),#2600);
#2596 = LINE('',#2597,#2598);
#2597 = CARTESIAN_POINT('',(-2.510525938252E-17,0.205));
#2598 = VECTOR('',#2599,1.);
#2599 = DIRECTION('',(0.,-1.));
#2600 = ( GEOMETRIC_REPRESENTATION_CONTEXT(2) 
PARAMETRIC_REPRESENTATION_CONTEXT() REPRESENTATION_CONTEXT('2D SPACE',''
  ) );
#2601 = PCURVE('',#2602,#2607);
#2602 = PLANE('',#2603);
#2603 = AXIS2_PLACEMENT_3D('',#2604,#2605,#2606);
#2604 = CARTESIAN_POINT('',(-1.9475,-1.905,0.46));
#2605 = DIRECTION('',(1.,-1.224646799147E-16,0.));
#2606 = DIRECTION('',(0.,0.,1.));
#2607 = DEFINITIONAL_REPRESENTATION('',(#2608),#2612);
#2608 = LINE('',#2609,#2610);
#2609 = CARTESIAN_POINT('',(0.19,0.205));
#2610 = VECTOR('',#2611,1.);
#2611 = DIRECTION('',(0.,-1.));
#2612 = ( GEOMETRIC_REPRESENTATION_CONTEXT(2) 
PARAMETRIC_REPRESENTATION_CONTEXT() REPRESENTATION_CONTEXT('2D SPACE',''
  ) );
#2613 = ADVANCED_FACE('',(#2614),#2602,.T.);
#2614 = FACE_BOUND('',#2615,.T.);
#2615 = EDGE_LOOP('',(#2616,#2639,#2640,#2663));
#2616 = ORIENTED_EDGE('',*,*,#2617,.T.);
#2617 = EDGE_CURVE('',#2618,#2498,#2620,.T.);
#2618 = VERTEX_POINT('',#2619);
#2619 = CARTESIAN_POINT('',(-1.9475,-1.7,0.46));
#2620 = SURFACE_CURVE('',#2621,(#2625,#2632),.PCURVE_S1.);
#2621 = LINE('',#2622,#2623);
#2622 = CARTESIAN_POINT('',(-1.9475,-1.7,0.46));
#2623 = VECTOR('',#2624,1.);
#2624 = DIRECTION('',(0.,0.,1.));
#2625 = PCURVE('',#2602,#2626);
#2626 = DEFINITIONAL_REPRESENTATION('',(#2627),#2631);
#2627 = LINE('',#2628,#2629);
#2628 = CARTESIAN_POINT('',(0.,-0.205));
#2629 = VECTOR('',#2630,1.);
#2630 = DIRECTION('',(1.,0.));
#2631 = ( GEOMETRIC_REPRESENTATION_CONTEXT(2) 
PARAMETRIC_REPRESENTATION_CONTEXT() REPRESENTATION_CONTEXT('2D SPACE',''
  ) );
#2632 = PCURVE('',#2520,#2633);
#2633 = DEFINITIONAL_REPRESENTATION('',(#2634),#2638);
#2634 = LINE('',#2635,#2636);
#2635 = CARTESIAN_POINT('',(0.183386498537,-0.504745178208));
#2636 = VECTOR('',#2637,1.);
#2637 = DIRECTION('',(1.,0.));
#2638 = ( GEOMETRIC_REPRESENTATION_CONTEXT(2) 
PARAMETRIC_REPRESENTATION_CONTEXT() REPRESENTATION_CONTEXT('2D SPACE',''
  ) );
#2639 = ORIENTED_EDGE('',*,*,#2588,.F.);
#2640 = ORIENTED_EDGE('',*,*,#2641,.F.);
#2641 = EDGE_CURVE('',#2642,#2561,#2644,.T.);
#2642 = VERTEX_POINT('',#2643);
#2643 = CARTESIAN_POINT('',(-1.9475,-2.11,0.46));
#2644 = SURFACE_CURVE('',#2645,(#2649,#2656),.PCURVE_S1.);
#2645 = LINE('',#2646,#2647);
#2646 = CARTESIAN_POINT('',(-1.9475,-2.11,0.46));
#2647 = VECTOR('',#2648,1.);
#2648 = DIRECTION('',(0.,0.,1.));
#2649 = PCURVE('',#2602,#2650);
#2650 = DEFINITIONAL_REPRESENTATION('',(#2651),#2655);
#2651 = LINE('',#2652,#2653);
#2652 = CARTESIAN_POINT('',(0.,0.205));
#2653 = VECTOR('',#2654,1.);
#2654 = DIRECTION('',(1.,0.));
#2655 = ( GEOMETRIC_REPRESENTATION_CONTEXT(2) 
PARAMETRIC_REPRESENTATION_CONTEXT() REPRESENTATION_CONTEXT('2D SPACE',''
  ) );
#2656 = PCURVE('',#2576,#2657);
#2657 = DEFINITIONAL_REPRESENTATION('',(#2658),#2662);
#2658 = LINE('',#2659,#2660);
#2659 = CARTESIAN_POINT('',(0.183386498537,-0.504745178208));
#2660 = VECTOR('',#2661,1.);
#2661 = DIRECTION('',(1.,0.));
#2662 = ( GEOMETRIC_REPRESENTATION_CONTEXT(2) 
PARAMETRIC_REPRESENTATION_CONTEXT() REPRESENTATION_CONTEXT('2D SPACE',''
  ) );
#2663 = ORIENTED_EDGE('',*,*,#2664,.T.);
#2664 = EDGE_CURVE('',#2642,#2618,#2665,.T.);
#2665 = SURFACE_CURVE('',#2666,(#2670,#2677),.PCURVE_S1.);
#2666 = LINE('',#2667,#2668);
#2667 = CARTESIAN_POINT('',(-1.9475,-2.11,0.46));
#2668 = VECTOR('',#2669,1.);
#2669 = DIRECTION('',(1.224646799147E-16,1.,0.));
#2670 = PCURVE('',#2602,#2671);
#2671 = DEFINITIONAL_REPRESENTATION('',(#2672),#2676);
#2672 = LINE('',#2673,#2674);
#2673 = CARTESIAN_POINT('',(0.,0.205));
#2674 = VECTOR('',#2675,1.);
#2675 = DIRECTION('',(0.,-1.));
#2676 = ( GEOMETRIC_REPRESENTATION_CONTEXT(2) 
PARAMETRIC_REPRESENTATION_CONTEXT() REPRESENTATION_CONTEXT('2D SPACE',''
  ) );
#2677 = PCURVE('',#2678,#2683);
#2678 = PLANE('',#2679);
#2679 = AXIS2_PLACEMENT_3D('',#2680,#2681,#2682);
#2680 = CARTESIAN_POINT('',(-2.0315,-1.905,0.46));
#2681 = DIRECTION('',(0.,0.,-1.));
#2682 = DIRECTION('',(1.,-1.224646799147E-16,0.));
#2683 = DEFINITIONAL_REPRESENTATION('',(#2684),#2688);
#2684 = LINE('',#2685,#2686);
#2685 = CARTESIAN_POINT('',(8.4E-02,0.205));
#2686 = VECTOR('',#2687,1.);
#2687 = DIRECTION('',(0.,-1.));
#2688 = ( GEOMETRIC_REPRESENTATION_CONTEXT(2) 
PARAMETRIC_REPRESENTATION_CONTEXT() REPRESENTATION_CONTEXT('2D SPACE',''
  ) );
#2689 = ADVANCED_FACE('',(#2690),#2678,.T.);
#2690 = FACE_BOUND('',#2691,.T.);
#2691 = EDGE_LOOP('',(#2692,#2715,#2716,#2739));
#2692 = ORIENTED_EDGE('',*,*,#2693,.T.);
#2693 = EDGE_CURVE('',#2694,#2618,#2696,.T.);
#2694 = VERTEX_POINT('',#2695);
#2695 = CARTESIAN_POINT('',(-2.0315,-1.7,0.46));
#2696 = SURFACE_CURVE('',#2697,(#2701,#2708),.PCURVE_S1.);
#2697 = LINE('',#2698,#2699);
#2698 = CARTESIAN_POINT('',(-2.0315,-1.7,0.46));
#2699 = VECTOR('',#2700,1.);
#2700 = DIRECTION('',(1.,-1.224646799147E-16,0.));
#2701 = PCURVE('',#2678,#2702);
#2702 = DEFINITIONAL_REPRESENTATION('',(#2703),#2707);
#2703 = LINE('',#2704,#2705);
#2704 = CARTESIAN_POINT('',(-2.510525938252E-17,-0.205));
#2705 = VECTOR('',#2706,1.);
#2706 = DIRECTION('',(1.,0.));
#2707 = ( GEOMETRIC_REPRESENTATION_CONTEXT(2) 
PARAMETRIC_REPRESENTATION_CONTEXT() REPRESENTATION_CONTEXT('2D SPACE',''
  ) );
#2708 = PCURVE('',#2520,#2709);
#2709 = DEFINITIONAL_REPRESENTATION('',(#2710),#2714);
#2710 = LINE('',#2711,#2712);
#2711 = CARTESIAN_POINT('',(0.183386498537,-0.420745178208));
#2712 = VECTOR('',#2713,1.);
#2713 = DIRECTION('',(0.,-1.));
#2714 = ( GEOMETRIC_REPRESENTATION_CONTEXT(2) 
PARAMETRIC_REPRESENTATION_CONTEXT() REPRESENTATION_CONTEXT('2D SPACE',''
  ) );
#2715 = ORIENTED_EDGE('',*,*,#2664,.F.);
#2716 = ORIENTED_EDGE('',*,*,#2717,.F.);
#2717 = EDGE_CURVE('',#2718,#2642,#2720,.T.);
#2718 = VERTEX_POINT('',#2719);
#2719 = CARTESIAN_POINT('',(-2.0315,-2.11,0.46));
#2720 = SURFACE_CURVE('',#2721,(#2725,#2732),.PCURVE_S1.);
#2721 = LINE('',#2722,#2723);
#2722 = CARTESIAN_POINT('',(-2.0315,-2.11,0.46));
#2723 = VECTOR('',#2724,1.);
#2724 = DIRECTION('',(1.,-1.224646799147E-16,0.));
#2725 = PCURVE('',#2678,#2726);
#2726 = DEFINITIONAL_REPRESENTATION('',(#2727),#2731);
#2727 = LINE('',#2728,#2729);
#2728 = CARTESIAN_POINT('',(2.510525938252E-17,0.205));
#2729 = VECTOR('',#2730,1.);
#2730 = DIRECTION('',(1.,0.));
#2731 = ( GEOMETRIC_REPRESENTATION_CONTEXT(2) 
PARAMETRIC_REPRESENTATION_CONTEXT() REPRESENTATION_CONTEXT('2D SPACE',''
  ) );
#2732 = PCURVE('',#2576,#2733);
#2733 = DEFINITIONAL_REPRESENTATION('',(#2734),#2738);
#2734 = LINE('',#2735,#2736);
#2735 = CARTESIAN_POINT('',(0.183386498537,-0.420745178208));
#2736 = VECTOR('',#2737,1.);
#2737 = DIRECTION('',(0.,-1.));
#2738 = ( GEOMETRIC_REPRESENTATION_CONTEXT(2) 
PARAMETRIC_REPRESENTATION_CONTEXT() REPRESENTATION_CONTEXT('2D SPACE',''
  ) );
#2739 = ORIENTED_EDGE('',*,*,#2740,.T.);
#2740 = EDGE_CURVE('',#2718,#2694,#2741,.T.);
#2741 = SURFACE_CURVE('',#2742,(#2746,#2753),.PCURVE_S1.);
#2742 = LINE('',#2743,#2744);
#2743 = CARTESIAN_POINT('',(-2.0315,-2.11,0.46));
#2744 = VECTOR('',#2745,1.);
#2745 = DIRECTION('',(1.224646799147E-16,1.,0.));
#2746 = PCURVE('',#2678,#2747);
#2747 = DEFINITIONAL_REPRESENTATION('',(#2748),#2752);
#2748 = LINE('',#2749,#2750);
#2749 = CARTESIAN_POINT('',(2.510525938252E-17,0.205));
#2750 = VECTOR('',#2751,1.);
#2751 = DIRECTION('',(0.,-1.));
#2752 = ( GEOMETRIC_REPRESENTATION_CONTEXT(2) 
PARAMETRIC_REPRESENTATION_CONTEXT() REPRESENTATION_CONTEXT('2D SPACE',''
  ) );
#2753 = PCURVE('',#2754,#2759);
#2754 = PLANE('',#2755);
#2755 = AXIS2_PLACEMENT_3D('',#2756,#2757,#2758);
#2756 = CARTESIAN_POINT('',(-2.4725,-1.905,0.));
#2757 = DIRECTION('',(0.721857539295,-8.840205249382E-17,-0.692041684411
    ));
#2758 = DIRECTION('',(0.692041684411,-8.475066336908E-17,0.721857539295)
  );
#2759 = DEFINITIONAL_REPRESENTATION('',(#2760),#2764);
#2760 = LINE('',#2761,#2762);
#2761 = CARTESIAN_POINT('',(0.637244850901,0.205));
#2762 = VECTOR('',#2763,1.);
#2763 = DIRECTION('',(0.,-1.));
#2764 = ( GEOMETRIC_REPRESENTATION_CONTEXT(2) 
PARAMETRIC_REPRESENTATION_CONTEXT() REPRESENTATION_CONTEXT('2D SPACE',''
  ) );
#2765 = ADVANCED_FACE('',(#2766),#2754,.T.);
#2766 = FACE_BOUND('',#2767,.T.);
#2767 = EDGE_LOOP('',(#2768,#2798,#2819,#2820));
#2768 = ORIENTED_EDGE('',*,*,#2769,.F.);
#2769 = EDGE_CURVE('',#2770,#2772,#2774,.T.);
#2770 = VERTEX_POINT('',#2771);
#2771 = CARTESIAN_POINT('',(-2.4725,-1.7,0.));
#2772 = VERTEX_POINT('',#2773);
#2773 = CARTESIAN_POINT('',(-2.4725,-2.11,0.));
#2774 = SURFACE_CURVE('',#2775,(#2779,#2786),.PCURVE_S1.);
#2775 = LINE('',#2776,#2777);
#2776 = CARTESIAN_POINT('',(-2.4725,-1.7,0.));
#2777 = VECTOR('',#2778,1.);
#2778 = DIRECTION('',(-1.224646799147E-16,-1.,0.));
#2779 = PCURVE('',#2754,#2780);
#2780 = DEFINITIONAL_REPRESENTATION('',(#2781),#2785);
#2781 = LINE('',#2782,#2783);
#2782 = CARTESIAN_POINT('',(-2.642704108933E-17,-0.205));
#2783 = VECTOR('',#2784,1.);
#2784 = DIRECTION('',(0.,1.));
#2785 = ( GEOMETRIC_REPRESENTATION_CONTEXT(2) 
PARAMETRIC_REPRESENTATION_CONTEXT() REPRESENTATION_CONTEXT('2D SPACE',''
  ) );
#2786 = PCURVE('',#2787,#2792);
#2787 = PLANE('',#2788);
#2788 = AXIS2_PLACEMENT_3D('',#2789,#2790,#2791);
#2789 = CARTESIAN_POINT('',(-2.9975,-1.905,0.));
#2790 = DIRECTION('',(0.,0.,-1.));
#2791 = DIRECTION('',(1.,-1.224646799147E-16,0.));
#2792 = DEFINITIONAL_REPRESENTATION('',(#2793),#2797);
#2793 = LINE('',#2794,#2795);
#2794 = CARTESIAN_POINT('',(0.525,-0.205));
#2795 = VECTOR('',#2796,1.);
#2796 = DIRECTION('',(0.,1.));
#2797 = ( GEOMETRIC_REPRESENTATION_CONTEXT(2) 
PARAMETRIC_REPRESENTATION_CONTEXT() REPRESENTATION_CONTEXT('2D SPACE',''
  ) );
#2798 = ORIENTED_EDGE('',*,*,#2799,.T.);
#2799 = EDGE_CURVE('',#2770,#2694,#2800,.T.);
#2800 = SURFACE_CURVE('',#2801,(#2805,#2812),.PCURVE_S1.);
#2801 = LINE('',#2802,#2803);
#2802 = CARTESIAN_POINT('',(-2.4725,-1.7,0.));
#2803 = VECTOR('',#2804,1.);
#2804 = DIRECTION('',(0.692041684411,-8.475066336908E-17,0.721857539295)
  );
#2805 = PCURVE('',#2754,#2806);
#2806 = DEFINITIONAL_REPRESENTATION('',(#2807),#2811);
#2807 = LINE('',#2808,#2809);
#2808 = CARTESIAN_POINT('',(-2.642704108933E-17,-0.205));
#2809 = VECTOR('',#2810,1.);
#2810 = DIRECTION('',(1.,0.));
#2811 = ( GEOMETRIC_REPRESENTATION_CONTEXT(2) 
PARAMETRIC_REPRESENTATION_CONTEXT() REPRESENTATION_CONTEXT('2D SPACE',''
  ) );
#2812 = PCURVE('',#2520,#2813);
#2813 = DEFINITIONAL_REPRESENTATION('',(#2814),#2818);
#2814 = LINE('',#2815,#2816);
#2815 = CARTESIAN_POINT('',(-0.276613501463,2.025482179178E-02));
#2816 = VECTOR('',#2817,1.);
#2817 = DIRECTION('',(0.721857539295,-0.692041684411));
#2818 = ( GEOMETRIC_REPRESENTATION_CONTEXT(2) 
PARAMETRIC_REPRESENTATION_CONTEXT() REPRESENTATION_CONTEXT('2D SPACE',''
  ) );
#2819 = ORIENTED_EDGE('',*,*,#2740,.F.);
#2820 = ORIENTED_EDGE('',*,*,#2821,.F.);
#2821 = EDGE_CURVE('',#2772,#2718,#2822,.T.);
#2822 = SURFACE_CURVE('',#2823,(#2827,#2834),.PCURVE_S1.);
#2823 = LINE('',#2824,#2825);
#2824 = CARTESIAN_POINT('',(-2.4725,-2.11,0.));
#2825 = VECTOR('',#2826,1.);
#2826 = DIRECTION('',(0.692041684411,-8.475066336908E-17,0.721857539295)
  );
#2827 = PCURVE('',#2754,#2828);
#2828 = DEFINITIONAL_REPRESENTATION('',(#2829),#2833);
#2829 = LINE('',#2830,#2831);
#2830 = CARTESIAN_POINT('',(2.642704108933E-17,0.205));
#2831 = VECTOR('',#2832,1.);
#2832 = DIRECTION('',(1.,0.));
#2833 = ( GEOMETRIC_REPRESENTATION_CONTEXT(2) 
PARAMETRIC_REPRESENTATION_CONTEXT() REPRESENTATION_CONTEXT('2D SPACE',''
  ) );
#2834 = PCURVE('',#2576,#2835);
#2835 = DEFINITIONAL_REPRESENTATION('',(#2836),#2840);
#2836 = LINE('',#2837,#2838);
#2837 = CARTESIAN_POINT('',(-0.276613501463,2.025482179178E-02));
#2838 = VECTOR('',#2839,1.);
#2839 = DIRECTION('',(0.721857539295,-0.692041684411));
#2840 = ( GEOMETRIC_REPRESENTATION_CONTEXT(2) 
PARAMETRIC_REPRESENTATION_CONTEXT() REPRESENTATION_CONTEXT('2D SPACE',''
  ) );
#2841 = ADVANCED_FACE('',(#2842),#2787,.T.);
#2842 = FACE_BOUND('',#2843,.T.);
#2843 = EDGE_LOOP('',(#2844,#2874,#2895,#2896));
#2844 = ORIENTED_EDGE('',*,*,#2845,.F.);
#2845 = EDGE_CURVE('',#2846,#2848,#2850,.T.);
#2846 = VERTEX_POINT('',#2847);
#2847 = CARTESIAN_POINT('',(-2.9975,-1.7,0.));
#2848 = VERTEX_POINT('',#2849);
#2849 = CARTESIAN_POINT('',(-2.9975,-2.11,0.));
#2850 = SURFACE_CURVE('',#2851,(#2855,#2862),.PCURVE_S1.);
#2851 = LINE('',#2852,#2853);
#2852 = CARTESIAN_POINT('',(-2.9975,-1.7,0.));
#2853 = VECTOR('',#2854,1.);
#2854 = DIRECTION('',(-1.224646799147E-16,-1.,0.));
#2855 = PCURVE('',#2787,#2856);
#2856 = DEFINITIONAL_REPRESENTATION('',(#2857),#2861);
#2857 = LINE('',#2858,#2859);
#2858 = CARTESIAN_POINT('',(-2.510525938252E-17,-0.205));
#2859 = VECTOR('',#2860,1.);
#2860 = DIRECTION('',(0.,1.));
#2861 = ( GEOMETRIC_REPRESENTATION_CONTEXT(2) 
PARAMETRIC_REPRESENTATION_CONTEXT() REPRESENTATION_CONTEXT('2D SPACE',''
  ) );
#2862 = PCURVE('',#2863,#2868);
#2863 = PLANE('',#2864);
#2864 = AXIS2_PLACEMENT_3D('',#2865,#2866,#2867);
#2865 = CARTESIAN_POINT('',(-2.9975,-1.905,0.19));
#2866 = DIRECTION('',(-1.,1.224646799147E-16,0.));
#2867 = DIRECTION('',(-0.,0.,-1.));
#2868 = DEFINITIONAL_REPRESENTATION('',(#2869),#2873);
#2869 = LINE('',#2870,#2871);
#2870 = CARTESIAN_POINT('',(0.19,-0.205));
#2871 = VECTOR('',#2872,1.);
#2872 = DIRECTION('',(0.,1.));
#2873 = ( GEOMETRIC_REPRESENTATION_CONTEXT(2) 
PARAMETRIC_REPRESENTATION_CONTEXT() REPRESENTATION_CONTEXT('2D SPACE',''
  ) );
#2874 = ORIENTED_EDGE('',*,*,#2875,.T.);
#2875 = EDGE_CURVE('',#2846,#2770,#2876,.T.);
#2876 = SURFACE_CURVE('',#2877,(#2881,#2888),.PCURVE_S1.);
#2877 = LINE('',#2878,#2879);
#2878 = CARTESIAN_POINT('',(-2.9975,-1.7,0.));
#2879 = VECTOR('',#2880,1.);
#2880 = DIRECTION('',(1.,-1.224646799147E-16,0.));
#2881 = PCURVE('',#2787,#2882);
#2882 = DEFINITIONAL_REPRESENTATION('',(#2883),#2887);
#2883 = LINE('',#2884,#2885);
#2884 = CARTESIAN_POINT('',(-2.510525938252E-17,-0.205));
#2885 = VECTOR('',#2886,1.);
#2886 = DIRECTION('',(1.,0.));
#2887 = ( GEOMETRIC_REPRESENTATION_CONTEXT(2) 
PARAMETRIC_REPRESENTATION_CONTEXT() REPRESENTATION_CONTEXT('2D SPACE',''
  ) );
#2888 = PCURVE('',#2520,#2889);
#2889 = DEFINITIONAL_REPRESENTATION('',(#2890),#2894);
#2890 = LINE('',#2891,#2892);
#2891 = CARTESIAN_POINT('',(-0.276613501463,0.545254821792));
#2892 = VECTOR('',#2893,1.);
#2893 = DIRECTION('',(0.,-1.));
#2894 = ( GEOMETRIC_REPRESENTATION_CONTEXT(2) 
PARAMETRIC_REPRESENTATION_CONTEXT() REPRESENTATION_CONTEXT('2D SPACE',''
  ) );
#2895 = ORIENTED_EDGE('',*,*,#2769,.T.);
#2896 = ORIENTED_EDGE('',*,*,#2897,.F.);
#2897 = EDGE_CURVE('',#2848,#2772,#2898,.T.);
#2898 = SURFACE_CURVE('',#2899,(#2903,#2910),.PCURVE_S1.);
#2899 = LINE('',#2900,#2901);
#2900 = CARTESIAN_POINT('',(-2.9975,-2.11,0.));
#2901 = VECTOR('',#2902,1.);
#2902 = DIRECTION('',(1.,-1.224646799147E-16,0.));
#2903 = PCURVE('',#2787,#2904);
#2904 = DEFINITIONAL_REPRESENTATION('',(#2905),#2909);
#2905 = LINE('',#2906,#2907);
#2906 = CARTESIAN_POINT('',(2.510525938252E-17,0.205));
#2907 = VECTOR('',#2908,1.);
#2908 = DIRECTION('',(1.,0.));
#2909 = ( GEOMETRIC_REPRESENTATION_CONTEXT(2) 
PARAMETRIC_REPRESENTATION_CONTEXT() REPRESENTATION_CONTEXT('2D SPACE',''
  ) );
#2910 = PCURVE('',#2576,#2911);
#2911 = DEFINITIONAL_REPRESENTATION('',(#2912),#2916);
#2912 = LINE('',#2913,#2914);
#2913 = CARTESIAN_POINT('',(-0.276613501463,0.545254821792));
#2914 = VECTOR('',#2915,1.);
#2915 = DIRECTION('',(0.,-1.));
#2916 = ( GEOMETRIC_REPRESENTATION_CONTEXT(2) 
PARAMETRIC_REPRESENTATION_CONTEXT() REPRESENTATION_CONTEXT('2D SPACE',''
  ) );
#2917 = ADVANCED_FACE('',(#2918),#2863,.T.);
#2918 = FACE_BOUND('',#2919,.T.);
#2919 = EDGE_LOOP('',(#2920,#2950,#2971,#2972));
#2920 = ORIENTED_EDGE('',*,*,#2921,.F.);
#2921 = EDGE_CURVE('',#2922,#2924,#2926,.T.);
#2922 = VERTEX_POINT('',#2923);
#2923 = CARTESIAN_POINT('',(-2.9975,-1.7,0.19));
#2924 = VERTEX_POINT('',#2925);
#2925 = CARTESIAN_POINT('',(-2.9975,-2.11,0.19));
#2926 = SURFACE_CURVE('',#2927,(#2931,#2938),.PCURVE_S1.);
#2927 = LINE('',#2928,#2929);
#2928 = CARTESIAN_POINT('',(-2.9975,-1.7,0.19));
#2929 = VECTOR('',#2930,1.);
#2930 = DIRECTION('',(-1.224646799147E-16,-1.,0.));
#2931 = PCURVE('',#2863,#2932);
#2932 = DEFINITIONAL_REPRESENTATION('',(#2933),#2937);
#2933 = LINE('',#2934,#2935);
#2934 = CARTESIAN_POINT('',(0.,-0.205));
#2935 = VECTOR('',#2936,1.);
#2936 = DIRECTION('',(0.,1.));
#2937 = ( GEOMETRIC_REPRESENTATION_CONTEXT(2) 
PARAMETRIC_REPRESENTATION_CONTEXT() REPRESENTATION_CONTEXT('2D SPACE',''
  ) );
#2938 = PCURVE('',#2939,#2944);
#2939 = PLANE('',#2940);
#2940 = AXIS2_PLACEMENT_3D('',#2941,#2942,#2943);
#2941 = CARTESIAN_POINT('',(-2.63,-1.905,0.19));
#2942 = DIRECTION('',(0.,0.,1.));
#2943 = DIRECTION('',(-1.,1.224646799147E-16,0.));
#2944 = DEFINITIONAL_REPRESENTATION('',(#2945),#2949);
#2945 = LINE('',#2946,#2947);
#2946 = CARTESIAN_POINT('',(0.3675,-0.205));
#2947 = VECTOR('',#2948,1.);
#2948 = DIRECTION('',(0.,1.));
#2949 = ( GEOMETRIC_REPRESENTATION_CONTEXT(2) 
PARAMETRIC_REPRESENTATION_CONTEXT() REPRESENTATION_CONTEXT('2D SPACE',''
  ) );
#2950 = ORIENTED_EDGE('',*,*,#2951,.T.);
#2951 = EDGE_CURVE('',#2922,#2846,#2952,.T.);
#2952 = SURFACE_CURVE('',#2953,(#2957,#2964),.PCURVE_S1.);
#2953 = LINE('',#2954,#2955);
#2954 = CARTESIAN_POINT('',(-2.9975,-1.7,0.19));
#2955 = VECTOR('',#2956,1.);
#2956 = DIRECTION('',(-0.,0.,-1.));
#2957 = PCURVE('',#2863,#2958);
#2958 = DEFINITIONAL_REPRESENTATION('',(#2959),#2963);
#2959 = LINE('',#2960,#2961);
#2960 = CARTESIAN_POINT('',(0.,-0.205));
#2961 = VECTOR('',#2962,1.);
#2962 = DIRECTION('',(1.,-0.));
#2963 = ( GEOMETRIC_REPRESENTATION_CONTEXT(2) 
PARAMETRIC_REPRESENTATION_CONTEXT() REPRESENTATION_CONTEXT('2D SPACE',''
  ) );
#2964 = PCURVE('',#2520,#2965);
#2965 = DEFINITIONAL_REPRESENTATION('',(#2966),#2970);
#2966 = LINE('',#2967,#2968);
#2967 = CARTESIAN_POINT('',(-8.661350146282E-02,0.545254821792));
#2968 = VECTOR('',#2969,1.);
#2969 = DIRECTION('',(-1.,0.));
#2970 = ( GEOMETRIC_REPRESENTATION_CONTEXT(2) 
PARAMETRIC_REPRESENTATION_CONTEXT() REPRESENTATION_CONTEXT('2D SPACE',''
  ) );
#2971 = ORIENTED_EDGE('',*,*,#2845,.T.);
#2972 = ORIENTED_EDGE('',*,*,#2973,.F.);
#2973 = EDGE_CURVE('',#2924,#2848,#2974,.T.);
#2974 = SURFACE_CURVE('',#2975,(#2979,#2986),.PCURVE_S1.);
#2975 = LINE('',#2976,#2977);
#2976 = CARTESIAN_POINT('',(-2.9975,-2.11,0.19));
#2977 = VECTOR('',#2978,1.);
#2978 = DIRECTION('',(-0.,0.,-1.));
#2979 = PCURVE('',#2863,#2980);
#2980 = DEFINITIONAL_REPRESENTATION('',(#2981),#2985);
#2981 = LINE('',#2982,#2983);
#2982 = CARTESIAN_POINT('',(-0.,0.205));
#2983 = VECTOR('',#2984,1.);
#2984 = DIRECTION('',(1.,-0.));
#2985 = ( GEOMETRIC_REPRESENTATION_CONTEXT(2) 
PARAMETRIC_REPRESENTATION_CONTEXT() REPRESENTATION_CONTEXT('2D SPACE',''
  ) );
#2986 = PCURVE('',#2576,#2987);
#2987 = DEFINITIONAL_REPRESENTATION('',(#2988),#2992);
#2988 = LINE('',#2989,#2990);
#2989 = CARTESIAN_POINT('',(-8.661350146282E-02,0.545254821792));
#2990 = VECTOR('',#2991,1.);
#2991 = DIRECTION('',(-1.,0.));
#2992 = ( GEOMETRIC_REPRESENTATION_CONTEXT(2) 
PARAMETRIC_REPRESENTATION_CONTEXT() REPRESENTATION_CONTEXT('2D SPACE',''
  ) );
#2993 = ADVANCED_FACE('',(#2994),#2939,.T.);
#2994 = FACE_BOUND('',#2995,.T.);
#2995 = EDGE_LOOP('',(#2996,#3021,#3042,#3043));
#2996 = ORIENTED_EDGE('',*,*,#2997,.F.);
#2997 = EDGE_CURVE('',#2998,#3000,#3002,.T.);
#2998 = VERTEX_POINT('',#2999);
#2999 = CARTESIAN_POINT('',(-2.63,-1.7,0.19));
#3000 = VERTEX_POINT('',#3001);
#3001 = CARTESIAN_POINT('',(-2.63,-2.11,0.19));
#3002 = SURFACE_CURVE('',#3003,(#3007,#3014),.PCURVE_S1.);
#3003 = LINE('',#3004,#3005);
#3004 = CARTESIAN_POINT('',(-2.63,-1.7,0.19));
#3005 = VECTOR('',#3006,1.);
#3006 = DIRECTION('',(-1.224646799147E-16,-1.,0.));
#3007 = PCURVE('',#2939,#3008);
#3008 = DEFINITIONAL_REPRESENTATION('',(#3009),#3013);
#3009 = LINE('',#3010,#3011);
#3010 = CARTESIAN_POINT('',(2.510525938252E-17,-0.205));
#3011 = VECTOR('',#3012,1.);
#3012 = DIRECTION('',(0.,1.));
#3013 = ( GEOMETRIC_REPRESENTATION_CONTEXT(2) 
PARAMETRIC_REPRESENTATION_CONTEXT() REPRESENTATION_CONTEXT('2D SPACE',''
  ) );
#3014 = PCURVE('',#2548,#3015);
#3015 = DEFINITIONAL_REPRESENTATION('',(#3016),#3020);
#3016 = LINE('',#3017,#3018);
#3017 = CARTESIAN_POINT('',(0.659436312315,-0.205));
#3018 = VECTOR('',#3019,1.);
#3019 = DIRECTION('',(0.,1.));
#3020 = ( GEOMETRIC_REPRESENTATION_CONTEXT(2) 
PARAMETRIC_REPRESENTATION_CONTEXT() REPRESENTATION_CONTEXT('2D SPACE',''
  ) );
#3021 = ORIENTED_EDGE('',*,*,#3022,.T.);
#3022 = EDGE_CURVE('',#2998,#2922,#3023,.T.);
#3023 = SURFACE_CURVE('',#3024,(#3028,#3035),.PCURVE_S1.);
#3024 = LINE('',#3025,#3026);
#3025 = CARTESIAN_POINT('',(-2.63,-1.7,0.19));
#3026 = VECTOR('',#3027,1.);
#3027 = DIRECTION('',(-1.,1.224646799147E-16,0.));
#3028 = PCURVE('',#2939,#3029);
#3029 = DEFINITIONAL_REPRESENTATION('',(#3030),#3034);
#3030 = LINE('',#3031,#3032);
#3031 = CARTESIAN_POINT('',(2.510525938252E-17,-0.205));
#3032 = VECTOR('',#3033,1.);
#3033 = DIRECTION('',(1.,0.));
#3034 = ( GEOMETRIC_REPRESENTATION_CONTEXT(2) 
PARAMETRIC_REPRESENTATION_CONTEXT() REPRESENTATION_CONTEXT('2D SPACE',''
  ) );
#3035 = PCURVE('',#2520,#3036);
#3036 = DEFINITIONAL_REPRESENTATION('',(#3037),#3041);
#3037 = LINE('',#3038,#3039);
#3038 = CARTESIAN_POINT('',(-8.661350146282E-02,0.177754821792));
#3039 = VECTOR('',#3040,1.);
#3040 = DIRECTION('',(0.,1.));
#3041 = ( GEOMETRIC_REPRESENTATION_CONTEXT(2) 
PARAMETRIC_REPRESENTATION_CONTEXT() REPRESENTATION_CONTEXT('2D SPACE',''
  ) );
#3042 = ORIENTED_EDGE('',*,*,#2921,.T.);
#3043 = ORIENTED_EDGE('',*,*,#3044,.F.);
#3044 = EDGE_CURVE('',#3000,#2924,#3045,.T.);
#3045 = SURFACE_CURVE('',#3046,(#3050,#3057),.PCURVE_S1.);
#3046 = LINE('',#3047,#3048);
#3047 = CARTESIAN_POINT('',(-2.63,-2.11,0.19));
#3048 = VECTOR('',#3049,1.);
#3049 = DIRECTION('',(-1.,1.224646799147E-16,0.));
#3050 = PCURVE('',#2939,#3051);
#3051 = DEFINITIONAL_REPRESENTATION('',(#3052),#3056);
#3052 = LINE('',#3053,#3054);
#3053 = CARTESIAN_POINT('',(-2.510525938252E-17,0.205));
#3054 = VECTOR('',#3055,1.);
#3055 = DIRECTION('',(1.,0.));
#3056 = ( GEOMETRIC_REPRESENTATION_CONTEXT(2) 
PARAMETRIC_REPRESENTATION_CONTEXT() REPRESENTATION_CONTEXT('2D SPACE',''
  ) );
#3057 = PCURVE('',#2576,#3058);
#3058 = DEFINITIONAL_REPRESENTATION('',(#3059),#3063);
#3059 = LINE('',#3060,#3061);
#3060 = CARTESIAN_POINT('',(-8.661350146282E-02,0.177754821792));
#3061 = VECTOR('',#3062,1.);
#3062 = DIRECTION('',(0.,1.));
#3063 = ( GEOMETRIC_REPRESENTATION_CONTEXT(2) 
PARAMETRIC_REPRESENTATION_CONTEXT() REPRESENTATION_CONTEXT('2D SPACE',''
  ) );
#3064 = ADVANCED_FACE('',(#3065),#2576,.T.);
#3065 = FACE_BOUND('',#3066,.T.);
#3066 = EDGE_LOOP('',(#3067,#3068,#3089,#3090,#3091,#3092,#3093,#3094));
#3067 = ORIENTED_EDGE('',*,*,#2560,.T.);
#3068 = ORIENTED_EDGE('',*,*,#3069,.T.);
#3069 = EDGE_CURVE('',#2533,#3000,#3070,.T.);
#3070 = SURFACE_CURVE('',#3071,(#3075,#3082),.PCURVE_S1.);
#3071 = LINE('',#3072,#3073);
#3072 = CARTESIAN_POINT('',(-2.1575,-2.11,0.65));
#3073 = VECTOR('',#3074,1.);
#3074 = DIRECTION('',(-0.716521051656,8.774852124316E-17,-0.697565468278
    ));
#3075 = PCURVE('',#2576,#3076);
#3076 = DEFINITIONAL_REPRESENTATION('',(#3077),#3081);
#3077 = LINE('',#3078,#3079);
#3078 = CARTESIAN_POINT('',(0.373386498537,-0.294745178208));
#3079 = VECTOR('',#3080,1.);
#3080 = DIRECTION('',(-0.697565468278,0.716521051656));
#3081 = ( GEOMETRIC_REPRESENTATION_CONTEXT(2) 
PARAMETRIC_REPRESENTATION_CONTEXT() REPRESENTATION_CONTEXT('2D SPACE',''
  ) );
#3082 = PCURVE('',#2548,#3083);
#3083 = DEFINITIONAL_REPRESENTATION('',(#3084),#3088);
#3084 = LINE('',#3085,#3086);
#3085 = CARTESIAN_POINT('',(-1.798844685485E-17,0.205));
#3086 = VECTOR('',#3087,1.);
#3087 = DIRECTION('',(1.,0.));
#3088 = ( GEOMETRIC_REPRESENTATION_CONTEXT(2) 
PARAMETRIC_REPRESENTATION_CONTEXT() REPRESENTATION_CONTEXT('2D SPACE',''
  ) );
#3089 = ORIENTED_EDGE('',*,*,#3044,.T.);
#3090 = ORIENTED_EDGE('',*,*,#2973,.T.);
#3091 = ORIENTED_EDGE('',*,*,#2897,.T.);
#3092 = ORIENTED_EDGE('',*,*,#2821,.T.);
#3093 = ORIENTED_EDGE('',*,*,#2717,.T.);
#3094 = ORIENTED_EDGE('',*,*,#2641,.T.);
#3095 = ADVANCED_FACE('',(#3096),#2548,.T.);
#3096 = FACE_BOUND('',#3097,.T.);
#3097 = EDGE_LOOP('',(#3098,#3099,#3120,#3121));
#3098 = ORIENTED_EDGE('',*,*,#2532,.F.);
#3099 = ORIENTED_EDGE('',*,*,#3100,.T.);
#3100 = EDGE_CURVE('',#2500,#2998,#3101,.T.);
#3101 = SURFACE_CURVE('',#3102,(#3106,#3113),.PCURVE_S1.);
#3102 = LINE('',#3103,#3104);
#3103 = CARTESIAN_POINT('',(-2.1575,-1.7,0.65));
#3104 = VECTOR('',#3105,1.);
#3105 = DIRECTION('',(-0.716521051656,8.774852124316E-17,-0.697565468278
    ));
#3106 = PCURVE('',#2548,#3107);
#3107 = DEFINITIONAL_REPRESENTATION('',(#3108),#3112);
#3108 = LINE('',#3109,#3110);
#3109 = CARTESIAN_POINT('',(1.798844685485E-17,-0.205));
#3110 = VECTOR('',#3111,1.);
#3111 = DIRECTION('',(1.,0.));
#3112 = ( GEOMETRIC_REPRESENTATION_CONTEXT(2) 
PARAMETRIC_REPRESENTATION_CONTEXT() REPRESENTATION_CONTEXT('2D SPACE',''
  ) );
#3113 = PCURVE('',#2520,#3114);
#3114 = DEFINITIONAL_REPRESENTATION('',(#3115),#3119);
#3115 = LINE('',#3116,#3117);
#3116 = CARTESIAN_POINT('',(0.373386498537,-0.294745178208));
#3117 = VECTOR('',#3118,1.);
#3118 = DIRECTION('',(-0.697565468278,0.716521051656));
#3119 = ( GEOMETRIC_REPRESENTATION_CONTEXT(2) 
PARAMETRIC_REPRESENTATION_CONTEXT() REPRESENTATION_CONTEXT('2D SPACE',''
  ) );
#3120 = ORIENTED_EDGE('',*,*,#2997,.T.);
#3121 = ORIENTED_EDGE('',*,*,#3069,.F.);
#3122 = ADVANCED_FACE('',(#3123),#2520,.F.);
#3123 = FACE_BOUND('',#3124,.F.);
#3124 = EDGE_LOOP('',(#3125,#3126,#3127,#3128,#3129,#3130,#3131,#3132));
#3125 = ORIENTED_EDGE('',*,*,#2497,.T.);
#3126 = ORIENTED_EDGE('',*,*,#3100,.T.);
#3127 = ORIENTED_EDGE('',*,*,#3022,.T.);
#3128 = ORIENTED_EDGE('',*,*,#2951,.T.);
#3129 = ORIENTED_EDGE('',*,*,#2875,.T.);
#3130 = ORIENTED_EDGE('',*,*,#2799,.T.);
#3131 = ORIENTED_EDGE('',*,*,#2693,.T.);
#3132 = ORIENTED_EDGE('',*,*,#2617,.T.);
#3133 = ( GEOMETRIC_REPRESENTATION_CONTEXT(3) 
GLOBAL_UNCERTAINTY_ASSIGNED_CONTEXT((#3137)) 
GLOBAL_UNIT_ASSIGNED_CONTEXT((#3134,#3135,#3136)) REPRESENTATION_CONTEXT
('Context #1','3D Context with UNIT and UNCERTAINTY') );
#3134 = ( LENGTH_UNIT() NAMED_UNIT(*) SI_UNIT(.MILLI.,.METRE.) );
#3135 = ( NAMED_UNIT(*) PLANE_ANGLE_UNIT() SI_UNIT($,.RADIAN.) );
#3136 = ( NAMED_UNIT(*) SI_UNIT($,.STERADIAN.) SOLID_ANGLE_UNIT() );
#3137 = UNCERTAINTY_MEASURE_WITH_UNIT(LENGTH_MEASURE(1.E-07),#3134,
  'distance_accuracy_value','confusion accuracy');
#3138 = CONTEXT_DEPENDENT_SHAPE_REPRESENTATION(#3139,#3141);
#3139 = ( REPRESENTATION_RELATIONSHIP('','',#2490,#10) 
REPRESENTATION_RELATIONSHIP_WITH_TRANSFORMATION(#3140) 
SHAPE_REPRESENTATION_RELATIONSHIP() );
#3140 = ITEM_DEFINED_TRANSFORMATION('','',#11,#31);
#3141 = PRODUCT_DEFINITION_SHAPE('Placement','Placement of an item',
  #3142);
#3142 = NEXT_ASSEMBLY_USAGE_OCCURRENCE('5','','',#5,#2485,$);
#3143 = PRODUCT_RELATED_PRODUCT_CATEGORY('part',$,(#2487));
#3144 = SHAPE_DEFINITION_REPRESENTATION(#3145,#3151);
#3145 = PRODUCT_DEFINITION_SHAPE('','',#3146);
#3146 = PRODUCT_DEFINITION('design','',#3147,#3150);
#3147 = PRODUCT_DEFINITION_FORMATION('','',#3148);
#3148 = PRODUCT('Open CASCADE STEP translator 7.9 1.6',
  'Open CASCADE STEP translator 7.9 1.6','',(#3149));
#3149 = PRODUCT_CONTEXT('',#2,'mechanical');
#3150 = PRODUCT_DEFINITION_CONTEXT('part definition',#2,'design');
#3151 = ADVANCED_BREP_SHAPE_REPRESENTATION('',(#11,#3152),#3794);
#3152 = MANIFOLD_SOLID_BREP('',#3153);
#3153 = CLOSED_SHELL('',(#3154,#3274,#3350,#3426,#3502,#3578,#3654,#3725
    ,#3756,#3783));
#3154 = ADVANCED_FACE('',(#3155),#3169,.T.);
#3155 = FACE_BOUND('',#3156,.T.);
#3156 = EDGE_LOOP('',(#3157,#3192,#3220,#3248));
#3157 = ORIENTED_EDGE('',*,*,#3158,.T.);
#3158 = EDGE_CURVE('',#3159,#3161,#3163,.T.);
#3159 = VERTEX_POINT('',#3160);
#3160 = CARTESIAN_POINT('',(1.9475,-2.11,0.65));
#3161 = VERTEX_POINT('',#3162);
#3162 = CARTESIAN_POINT('',(2.1575,-2.11,0.65));
#3163 = SURFACE_CURVE('',#3164,(#3168,#3180),.PCURVE_S1.);
#3164 = LINE('',#3165,#3166);
#3165 = CARTESIAN_POINT('',(1.9475,-2.11,0.65));
#3166 = VECTOR('',#3167,1.);
#3167 = DIRECTION('',(1.,0.,0.));
#3168 = PCURVE('',#3169,#3174);
#3169 = PLANE('',#3170);
#3170 = AXIS2_PLACEMENT_3D('',#3171,#3172,#3173);
#3171 = CARTESIAN_POINT('',(1.9475,-1.905,0.65));
#3172 = DIRECTION('',(0.,0.,1.));
#3173 = DIRECTION('',(1.,0.,0.));
#3174 = DEFINITIONAL_REPRESENTATION('',(#3175),#3179);
#3175 = LINE('',#3176,#3177);
#3176 = CARTESIAN_POINT('',(0.,-0.205));
#3177 = VECTOR('',#3178,1.);
#3178 = DIRECTION('',(1.,0.));
#3179 = ( GEOMETRIC_REPRESENTATION_CONTEXT(2) 
PARAMETRIC_REPRESENTATION_CONTEXT() REPRESENTATION_CONTEXT('2D SPACE',''
  ) );
#3180 = PCURVE('',#3181,#3186);
#3181 = PLANE('',#3182);
#3182 = AXIS2_PLACEMENT_3D('',#3183,#3184,#3185);
#3183 = CARTESIAN_POINT('',(2.452245178208,-2.11,0.276613501463));
#3184 = DIRECTION('',(0.,1.,0.));
#3185 = DIRECTION('',(0.,0.,1.));
#3186 = DEFINITIONAL_REPRESENTATION('',(#3187),#3191);
#3187 = LINE('',#3188,#3189);
#3188 = CARTESIAN_POINT('',(0.373386498537,-0.504745178208));
#3189 = VECTOR('',#3190,1.);
#3190 = DIRECTION('',(0.,1.));
#3191 = ( GEOMETRIC_REPRESENTATION_CONTEXT(2) 
PARAMETRIC_REPRESENTATION_CONTEXT() REPRESENTATION_CONTEXT('2D SPACE',''
  ) );
#3192 = ORIENTED_EDGE('',*,*,#3193,.T.);
#3193 = EDGE_CURVE('',#3161,#3194,#3196,.T.);
#3194 = VERTEX_POINT('',#3195);
#3195 = CARTESIAN_POINT('',(2.1575,-1.7,0.65));
#3196 = SURFACE_CURVE('',#3197,(#3201,#3208),.PCURVE_S1.);
#3197 = LINE('',#3198,#3199);
#3198 = CARTESIAN_POINT('',(2.1575,-2.11,0.65));
#3199 = VECTOR('',#3200,1.);
#3200 = DIRECTION('',(0.,1.,0.));
#3201 = PCURVE('',#3169,#3202);
#3202 = DEFINITIONAL_REPRESENTATION('',(#3203),#3207);
#3203 = LINE('',#3204,#3205);
#3204 = CARTESIAN_POINT('',(0.21,-0.205));
#3205 = VECTOR('',#3206,1.);
#3206 = DIRECTION('',(0.,1.));
#3207 = ( GEOMETRIC_REPRESENTATION_CONTEXT(2) 
PARAMETRIC_REPRESENTATION_CONTEXT() REPRESENTATION_CONTEXT('2D SPACE',''
  ) );
#3208 = PCURVE('',#3209,#3214);
#3209 = PLANE('',#3210);
#3210 = AXIS2_PLACEMENT_3D('',#3211,#3212,#3213);
#3211 = CARTESIAN_POINT('',(2.1575,-1.905,0.65));
#3212 = DIRECTION('',(0.697565468278,0.,0.716521051656));
#3213 = DIRECTION('',(0.716521051656,0.,-0.697565468278));
#3214 = DEFINITIONAL_REPRESENTATION('',(#3215),#3219);
#3215 = LINE('',#3216,#3217);
#3216 = CARTESIAN_POINT('',(0.,-0.205));
#3217 = VECTOR('',#3218,1.);
#3218 = DIRECTION('',(0.,1.));
#3219 = ( GEOMETRIC_REPRESENTATION_CONTEXT(2) 
PARAMETRIC_REPRESENTATION_CONTEXT() REPRESENTATION_CONTEXT('2D SPACE',''
  ) );
#3220 = ORIENTED_EDGE('',*,*,#3221,.F.);
#3221 = EDGE_CURVE('',#3222,#3194,#3224,.T.);
#3222 = VERTEX_POINT('',#3223);
#3223 = CARTESIAN_POINT('',(1.9475,-1.7,0.65));
#3224 = SURFACE_CURVE('',#3225,(#3229,#3236),.PCURVE_S1.);
#3225 = LINE('',#3226,#3227);
#3226 = CARTESIAN_POINT('',(1.9475,-1.7,0.65));
#3227 = VECTOR('',#3228,1.);
#3228 = DIRECTION('',(1.,0.,0.));
#3229 = PCURVE('',#3169,#3230);
#3230 = DEFINITIONAL_REPRESENTATION('',(#3231),#3235);
#3231 = LINE('',#3232,#3233);
#3232 = CARTESIAN_POINT('',(0.,0.205));
#3233 = VECTOR('',#3234,1.);
#3234 = DIRECTION('',(1.,0.));
#3235 = ( GEOMETRIC_REPRESENTATION_CONTEXT(2) 
PARAMETRIC_REPRESENTATION_CONTEXT() REPRESENTATION_CONTEXT('2D SPACE',''
  ) );
#3236 = PCURVE('',#3237,#3242);
#3237 = PLANE('',#3238);
#3238 = AXIS2_PLACEMENT_3D('',#3239,#3240,#3241);
#3239 = CARTESIAN_POINT('',(2.452245178208,-1.7,0.276613501463));
#3240 = DIRECTION('',(0.,1.,0.));
#3241 = DIRECTION('',(0.,0.,1.));
#3242 = DEFINITIONAL_REPRESENTATION('',(#3243),#3247);
#3243 = LINE('',#3244,#3245);
#3244 = CARTESIAN_POINT('',(0.373386498537,-0.504745178208));
#3245 = VECTOR('',#3246,1.);
#3246 = DIRECTION('',(0.,1.));
#3247 = ( GEOMETRIC_REPRESENTATION_CONTEXT(2) 
PARAMETRIC_REPRESENTATION_CONTEXT() REPRESENTATION_CONTEXT('2D SPACE',''
  ) );
#3248 = ORIENTED_EDGE('',*,*,#3249,.T.);
#3249 = EDGE_CURVE('',#3222,#3159,#3250,.T.);
#3250 = SURFACE_CURVE('',#3251,(#3255,#3262),.PCURVE_S1.);
#3251 = LINE('',#3252,#3253);
#3252 = CARTESIAN_POINT('',(1.9475,-1.7,0.65));
#3253 = VECTOR('',#3254,1.);
#3254 = DIRECTION('',(0.,-1.,0.));
#3255 = PCURVE('',#3169,#3256);
#3256 = DEFINITIONAL_REPRESENTATION('',(#3257),#3261);
#3257 = LINE('',#3258,#3259);
#3258 = CARTESIAN_POINT('',(0.,0.205));
#3259 = VECTOR('',#3260,1.);
#3260 = DIRECTION('',(0.,-1.));
#3261 = ( GEOMETRIC_REPRESENTATION_CONTEXT(2) 
PARAMETRIC_REPRESENTATION_CONTEXT() REPRESENTATION_CONTEXT('2D SPACE',''
  ) );
#3262 = PCURVE('',#3263,#3268);
#3263 = PLANE('',#3264);
#3264 = AXIS2_PLACEMENT_3D('',#3265,#3266,#3267);
#3265 = CARTESIAN_POINT('',(1.9475,-1.905,0.46));
#3266 = DIRECTION('',(-1.,0.,0.));
#3267 = DIRECTION('',(0.,0.,1.));
#3268 = DEFINITIONAL_REPRESENTATION('',(#3269),#3273);
#3269 = LINE('',#3270,#3271);
#3270 = CARTESIAN_POINT('',(0.19,0.205));
#3271 = VECTOR('',#3272,1.);
#3272 = DIRECTION('',(0.,-1.));
#3273 = ( GEOMETRIC_REPRESENTATION_CONTEXT(2) 
PARAMETRIC_REPRESENTATION_CONTEXT() REPRESENTATION_CONTEXT('2D SPACE',''
  ) );
#3274 = ADVANCED_FACE('',(#3275),#3263,.T.);
#3275 = FACE_BOUND('',#3276,.T.);
#3276 = EDGE_LOOP('',(#3277,#3300,#3301,#3324));
#3277 = ORIENTED_EDGE('',*,*,#3278,.T.);
#3278 = EDGE_CURVE('',#3279,#3159,#3281,.T.);
#3279 = VERTEX_POINT('',#3280);
#3280 = CARTESIAN_POINT('',(1.9475,-2.11,0.46));
#3281 = SURFACE_CURVE('',#3282,(#3286,#3293),.PCURVE_S1.);
#3282 = LINE('',#3283,#3284);
#3283 = CARTESIAN_POINT('',(1.9475,-2.11,0.46));
#3284 = VECTOR('',#3285,1.);
#3285 = DIRECTION('',(0.,0.,1.));
#3286 = PCURVE('',#3263,#3287);
#3287 = DEFINITIONAL_REPRESENTATION('',(#3288),#3292);
#3288 = LINE('',#3289,#3290);
#3289 = CARTESIAN_POINT('',(0.,-0.205));
#3290 = VECTOR('',#3291,1.);
#3291 = DIRECTION('',(1.,0.));
#3292 = ( GEOMETRIC_REPRESENTATION_CONTEXT(2) 
PARAMETRIC_REPRESENTATION_CONTEXT() REPRESENTATION_CONTEXT('2D SPACE',''
  ) );
#3293 = PCURVE('',#3181,#3294);
#3294 = DEFINITIONAL_REPRESENTATION('',(#3295),#3299);
#3295 = LINE('',#3296,#3297);
#3296 = CARTESIAN_POINT('',(0.183386498537,-0.504745178208));
#3297 = VECTOR('',#3298,1.);
#3298 = DIRECTION('',(1.,0.));
#3299 = ( GEOMETRIC_REPRESENTATION_CONTEXT(2) 
PARAMETRIC_REPRESENTATION_CONTEXT() REPRESENTATION_CONTEXT('2D SPACE',''
  ) );
#3300 = ORIENTED_EDGE('',*,*,#3249,.F.);
#3301 = ORIENTED_EDGE('',*,*,#3302,.F.);
#3302 = EDGE_CURVE('',#3303,#3222,#3305,.T.);
#3303 = VERTEX_POINT('',#3304);
#3304 = CARTESIAN_POINT('',(1.9475,-1.7,0.46));
#3305 = SURFACE_CURVE('',#3306,(#3310,#3317),.PCURVE_S1.);
#3306 = LINE('',#3307,#3308);
#3307 = CARTESIAN_POINT('',(1.9475,-1.7,0.46));
#3308 = VECTOR('',#3309,1.);
#3309 = DIRECTION('',(0.,0.,1.));
#3310 = PCURVE('',#3263,#3311);
#3311 = DEFINITIONAL_REPRESENTATION('',(#3312),#3316);
#3312 = LINE('',#3313,#3314);
#3313 = CARTESIAN_POINT('',(0.,0.205));
#3314 = VECTOR('',#3315,1.);
#3315 = DIRECTION('',(1.,0.));
#3316 = ( GEOMETRIC_REPRESENTATION_CONTEXT(2) 
PARAMETRIC_REPRESENTATION_CONTEXT() REPRESENTATION_CONTEXT('2D SPACE',''
  ) );
#3317 = PCURVE('',#3237,#3318);
#3318 = DEFINITIONAL_REPRESENTATION('',(#3319),#3323);
#3319 = LINE('',#3320,#3321);
#3320 = CARTESIAN_POINT('',(0.183386498537,-0.504745178208));
#3321 = VECTOR('',#3322,1.);
#3322 = DIRECTION('',(1.,0.));
#3323 = ( GEOMETRIC_REPRESENTATION_CONTEXT(2) 
PARAMETRIC_REPRESENTATION_CONTEXT() REPRESENTATION_CONTEXT('2D SPACE',''
  ) );
#3324 = ORIENTED_EDGE('',*,*,#3325,.T.);
#3325 = EDGE_CURVE('',#3303,#3279,#3326,.T.);
#3326 = SURFACE_CURVE('',#3327,(#3331,#3338),.PCURVE_S1.);
#3327 = LINE('',#3328,#3329);
#3328 = CARTESIAN_POINT('',(1.9475,-1.7,0.46));
#3329 = VECTOR('',#3330,1.);
#3330 = DIRECTION('',(0.,-1.,0.));
#3331 = PCURVE('',#3263,#3332);
#3332 = DEFINITIONAL_REPRESENTATION('',(#3333),#3337);
#3333 = LINE('',#3334,#3335);
#3334 = CARTESIAN_POINT('',(0.,0.205));
#3335 = VECTOR('',#3336,1.);
#3336 = DIRECTION('',(0.,-1.));
#3337 = ( GEOMETRIC_REPRESENTATION_CONTEXT(2) 
PARAMETRIC_REPRESENTATION_CONTEXT() REPRESENTATION_CONTEXT('2D SPACE',''
  ) );
#3338 = PCURVE('',#3339,#3344);
#3339 = PLANE('',#3340);
#3340 = AXIS2_PLACEMENT_3D('',#3341,#3342,#3343);
#3341 = CARTESIAN_POINT('',(2.0315,-1.905,0.46));
#3342 = DIRECTION('',(-0.,-0.,-1.));
#3343 = DIRECTION('',(-1.,0.,0.));
#3344 = DEFINITIONAL_REPRESENTATION('',(#3345),#3349);
#3345 = LINE('',#3346,#3347);
#3346 = CARTESIAN_POINT('',(8.4E-02,0.205));
#3347 = VECTOR('',#3348,1.);
#3348 = DIRECTION('',(0.,-1.));
#3349 = ( GEOMETRIC_REPRESENTATION_CONTEXT(2) 
PARAMETRIC_REPRESENTATION_CONTEXT() REPRESENTATION_CONTEXT('2D SPACE',''
  ) );
#3350 = ADVANCED_FACE('',(#3351),#3339,.T.);
#3351 = FACE_BOUND('',#3352,.T.);
#3352 = EDGE_LOOP('',(#3353,#3376,#3377,#3400));
#3353 = ORIENTED_EDGE('',*,*,#3354,.T.);
#3354 = EDGE_CURVE('',#3355,#3279,#3357,.T.);
#3355 = VERTEX_POINT('',#3356);
#3356 = CARTESIAN_POINT('',(2.0315,-2.11,0.46));
#3357 = SURFACE_CURVE('',#3358,(#3362,#3369),.PCURVE_S1.);
#3358 = LINE('',#3359,#3360);
#3359 = CARTESIAN_POINT('',(2.0315,-2.11,0.46));
#3360 = VECTOR('',#3361,1.);
#3361 = DIRECTION('',(-1.,0.,0.));
#3362 = PCURVE('',#3339,#3363);
#3363 = DEFINITIONAL_REPRESENTATION('',(#3364),#3368);
#3364 = LINE('',#3365,#3366);
#3365 = CARTESIAN_POINT('',(0.,-0.205));
#3366 = VECTOR('',#3367,1.);
#3367 = DIRECTION('',(1.,0.));
#3368 = ( GEOMETRIC_REPRESENTATION_CONTEXT(2) 
PARAMETRIC_REPRESENTATION_CONTEXT() REPRESENTATION_CONTEXT('2D SPACE',''
  ) );
#3369 = PCURVE('',#3181,#3370);
#3370 = DEFINITIONAL_REPRESENTATION('',(#3371),#3375);
#3371 = LINE('',#3372,#3373);
#3372 = CARTESIAN_POINT('',(0.183386498537,-0.420745178208));
#3373 = VECTOR('',#3374,1.);
#3374 = DIRECTION('',(0.,-1.));
#3375 = ( GEOMETRIC_REPRESENTATION_CONTEXT(2) 
PARAMETRIC_REPRESENTATION_CONTEXT() REPRESENTATION_CONTEXT('2D SPACE',''
  ) );
#3376 = ORIENTED_EDGE('',*,*,#3325,.F.);
#3377 = ORIENTED_EDGE('',*,*,#3378,.F.);
#3378 = EDGE_CURVE('',#3379,#3303,#3381,.T.);
#3379 = VERTEX_POINT('',#3380);
#3380 = CARTESIAN_POINT('',(2.0315,-1.7,0.46));
#3381 = SURFACE_CURVE('',#3382,(#3386,#3393),.PCURVE_S1.);
#3382 = LINE('',#3383,#3384);
#3383 = CARTESIAN_POINT('',(2.0315,-1.7,0.46));
#3384 = VECTOR('',#3385,1.);
#3385 = DIRECTION('',(-1.,0.,0.));
#3386 = PCURVE('',#3339,#3387);
#3387 = DEFINITIONAL_REPRESENTATION('',(#3388),#3392);
#3388 = LINE('',#3389,#3390);
#3389 = CARTESIAN_POINT('',(0.,0.205));
#3390 = VECTOR('',#3391,1.);
#3391 = DIRECTION('',(1.,0.));
#3392 = ( GEOMETRIC_REPRESENTATION_CONTEXT(2) 
PARAMETRIC_REPRESENTATION_CONTEXT() REPRESENTATION_CONTEXT('2D SPACE',''
  ) );
#3393 = PCURVE('',#3237,#3394);
#3394 = DEFINITIONAL_REPRESENTATION('',(#3395),#3399);
#3395 = LINE('',#3396,#3397);
#3396 = CARTESIAN_POINT('',(0.183386498537,-0.420745178208));
#3397 = VECTOR('',#3398,1.);
#3398 = DIRECTION('',(0.,-1.));
#3399 = ( GEOMETRIC_REPRESENTATION_CONTEXT(2) 
PARAMETRIC_REPRESENTATION_CONTEXT() REPRESENTATION_CONTEXT('2D SPACE',''
  ) );
#3400 = ORIENTED_EDGE('',*,*,#3401,.T.);
#3401 = EDGE_CURVE('',#3379,#3355,#3402,.T.);
#3402 = SURFACE_CURVE('',#3403,(#3407,#3414),.PCURVE_S1.);
#3403 = LINE('',#3404,#3405);
#3404 = CARTESIAN_POINT('',(2.0315,-1.7,0.46));
#3405 = VECTOR('',#3406,1.);
#3406 = DIRECTION('',(0.,-1.,0.));
#3407 = PCURVE('',#3339,#3408);
#3408 = DEFINITIONAL_REPRESENTATION('',(#3409),#3413);
#3409 = LINE('',#3410,#3411);
#3410 = CARTESIAN_POINT('',(0.,0.205));
#3411 = VECTOR('',#3412,1.);
#3412 = DIRECTION('',(0.,-1.));
#3413 = ( GEOMETRIC_REPRESENTATION_CONTEXT(2) 
PARAMETRIC_REPRESENTATION_CONTEXT() REPRESENTATION_CONTEXT('2D SPACE',''
  ) );
#3414 = PCURVE('',#3415,#3420);
#3415 = PLANE('',#3416);
#3416 = AXIS2_PLACEMENT_3D('',#3417,#3418,#3419);
#3417 = CARTESIAN_POINT('',(2.4725,-1.905,0.));
#3418 = DIRECTION('',(-0.721857539295,-0.,-0.692041684411));
#3419 = DIRECTION('',(-0.692041684411,0.,0.721857539295));
#3420 = DEFINITIONAL_REPRESENTATION('',(#3421),#3425);
#3421 = LINE('',#3422,#3423);
#3422 = CARTESIAN_POINT('',(0.637244850901,0.205));
#3423 = VECTOR('',#3424,1.);
#3424 = DIRECTION('',(0.,-1.));
#3425 = ( GEOMETRIC_REPRESENTATION_CONTEXT(2) 
PARAMETRIC_REPRESENTATION_CONTEXT() REPRESENTATION_CONTEXT('2D SPACE',''
  ) );
#3426 = ADVANCED_FACE('',(#3427),#3415,.T.);
#3427 = FACE_BOUND('',#3428,.T.);
#3428 = EDGE_LOOP('',(#3429,#3459,#3480,#3481));
#3429 = ORIENTED_EDGE('',*,*,#3430,.F.);
#3430 = EDGE_CURVE('',#3431,#3433,#3435,.T.);
#3431 = VERTEX_POINT('',#3432);
#3432 = CARTESIAN_POINT('',(2.4725,-2.11,0.));
#3433 = VERTEX_POINT('',#3434);
#3434 = CARTESIAN_POINT('',(2.4725,-1.7,0.));
#3435 = SURFACE_CURVE('',#3436,(#3440,#3447),.PCURVE_S1.);
#3436 = LINE('',#3437,#3438);
#3437 = CARTESIAN_POINT('',(2.4725,-2.11,0.));
#3438 = VECTOR('',#3439,1.);
#3439 = DIRECTION('',(0.,1.,0.));
#3440 = PCURVE('',#3415,#3441);
#3441 = DEFINITIONAL_REPRESENTATION('',(#3442),#3446);
#3442 = LINE('',#3443,#3444);
#3443 = CARTESIAN_POINT('',(0.,-0.205));
#3444 = VECTOR('',#3445,1.);
#3445 = DIRECTION('',(0.,1.));
#3446 = ( GEOMETRIC_REPRESENTATION_CONTEXT(2) 
PARAMETRIC_REPRESENTATION_CONTEXT() REPRESENTATION_CONTEXT('2D SPACE',''
  ) );
#3447 = PCURVE('',#3448,#3453);
#3448 = PLANE('',#3449);
#3449 = AXIS2_PLACEMENT_3D('',#3450,#3451,#3452);
#3450 = CARTESIAN_POINT('',(2.9975,-1.905,0.));
#3451 = DIRECTION('',(-0.,-0.,-1.));
#3452 = DIRECTION('',(-1.,0.,0.));
#3453 = DEFINITIONAL_REPRESENTATION('',(#3454),#3458);
#3454 = LINE('',#3455,#3456);
#3455 = CARTESIAN_POINT('',(0.525,-0.205));
#3456 = VECTOR('',#3457,1.);
#3457 = DIRECTION('',(0.,1.));
#3458 = ( GEOMETRIC_REPRESENTATION_CONTEXT(2) 
PARAMETRIC_REPRESENTATION_CONTEXT() REPRESENTATION_CONTEXT('2D SPACE',''
  ) );
#3459 = ORIENTED_EDGE('',*,*,#3460,.T.);
#3460 = EDGE_CURVE('',#3431,#3355,#3461,.T.);
#3461 = SURFACE_CURVE('',#3462,(#3466,#3473),.PCURVE_S1.);
#3462 = LINE('',#3463,#3464);
#3463 = CARTESIAN_POINT('',(2.4725,-2.11,0.));
#3464 = VECTOR('',#3465,1.);
#3465 = DIRECTION('',(-0.692041684411,0.,0.721857539295));
#3466 = PCURVE('',#3415,#3467);
#3467 = DEFINITIONAL_REPRESENTATION('',(#3468),#3472);
#3468 = LINE('',#3469,#3470);
#3469 = CARTESIAN_POINT('',(0.,-0.205));
#3470 = VECTOR('',#3471,1.);
#3471 = DIRECTION('',(1.,0.));
#3472 = ( GEOMETRIC_REPRESENTATION_CONTEXT(2) 
PARAMETRIC_REPRESENTATION_CONTEXT() REPRESENTATION_CONTEXT('2D SPACE',''
  ) );
#3473 = PCURVE('',#3181,#3474);
#3474 = DEFINITIONAL_REPRESENTATION('',(#3475),#3479);
#3475 = LINE('',#3476,#3477);
#3476 = CARTESIAN_POINT('',(-0.276613501463,2.025482179178E-02));
#3477 = VECTOR('',#3478,1.);
#3478 = DIRECTION('',(0.721857539295,-0.692041684411));
#3479 = ( GEOMETRIC_REPRESENTATION_CONTEXT(2) 
PARAMETRIC_REPRESENTATION_CONTEXT() REPRESENTATION_CONTEXT('2D SPACE',''
  ) );
#3480 = ORIENTED_EDGE('',*,*,#3401,.F.);
#3481 = ORIENTED_EDGE('',*,*,#3482,.F.);
#3482 = EDGE_CURVE('',#3433,#3379,#3483,.T.);
#3483 = SURFACE_CURVE('',#3484,(#3488,#3495),.PCURVE_S1.);
#3484 = LINE('',#3485,#3486);
#3485 = CARTESIAN_POINT('',(2.4725,-1.7,0.));
#3486 = VECTOR('',#3487,1.);
#3487 = DIRECTION('',(-0.692041684411,0.,0.721857539295));
#3488 = PCURVE('',#3415,#3489);
#3489 = DEFINITIONAL_REPRESENTATION('',(#3490),#3494);
#3490 = LINE('',#3491,#3492);
#3491 = CARTESIAN_POINT('',(0.,0.205));
#3492 = VECTOR('',#3493,1.);
#3493 = DIRECTION('',(1.,0.));
#3494 = ( GEOMETRIC_REPRESENTATION_CONTEXT(2) 
PARAMETRIC_REPRESENTATION_CONTEXT() REPRESENTATION_CONTEXT('2D SPACE',''
  ) );
#3495 = PCURVE('',#3237,#3496);
#3496 = DEFINITIONAL_REPRESENTATION('',(#3497),#3501);
#3497 = LINE('',#3498,#3499);
#3498 = CARTESIAN_POINT('',(-0.276613501463,2.025482179178E-02));
#3499 = VECTOR('',#3500,1.);
#3500 = DIRECTION('',(0.721857539295,-0.692041684411));
#3501 = ( GEOMETRIC_REPRESENTATION_CONTEXT(2) 
PARAMETRIC_REPRESENTATION_CONTEXT() REPRESENTATION_CONTEXT('2D SPACE',''
  ) );
#3502 = ADVANCED_FACE('',(#3503),#3448,.T.);
#3503 = FACE_BOUND('',#3504,.T.);
#3504 = EDGE_LOOP('',(#3505,#3535,#3556,#3557));
#3505 = ORIENTED_EDGE('',*,*,#3506,.F.);
#3506 = EDGE_CURVE('',#3507,#3509,#3511,.T.);
#3507 = VERTEX_POINT('',#3508);
#3508 = CARTESIAN_POINT('',(2.9975,-2.11,0.));
#3509 = VERTEX_POINT('',#3510);
#3510 = CARTESIAN_POINT('',(2.9975,-1.7,0.));
#3511 = SURFACE_CURVE('',#3512,(#3516,#3523),.PCURVE_S1.);
#3512 = LINE('',#3513,#3514);
#3513 = CARTESIAN_POINT('',(2.9975,-2.11,0.));
#3514 = VECTOR('',#3515,1.);
#3515 = DIRECTION('',(0.,1.,0.));
#3516 = PCURVE('',#3448,#3517);
#3517 = DEFINITIONAL_REPRESENTATION('',(#3518),#3522);
#3518 = LINE('',#3519,#3520);
#3519 = CARTESIAN_POINT('',(0.,-0.205));
#3520 = VECTOR('',#3521,1.);
#3521 = DIRECTION('',(0.,1.));
#3522 = ( GEOMETRIC_REPRESENTATION_CONTEXT(2) 
PARAMETRIC_REPRESENTATION_CONTEXT() REPRESENTATION_CONTEXT('2D SPACE',''
  ) );
#3523 = PCURVE('',#3524,#3529);
#3524 = PLANE('',#3525);
#3525 = AXIS2_PLACEMENT_3D('',#3526,#3527,#3528);
#3526 = CARTESIAN_POINT('',(2.9975,-1.905,0.19));
#3527 = DIRECTION('',(1.,0.,0.));
#3528 = DIRECTION('',(0.,0.,-1.));
#3529 = DEFINITIONAL_REPRESENTATION('',(#3530),#3534);
#3530 = LINE('',#3531,#3532);
#3531 = CARTESIAN_POINT('',(0.19,-0.205));
#3532 = VECTOR('',#3533,1.);
#3533 = DIRECTION('',(0.,1.));
#3534 = ( GEOMETRIC_REPRESENTATION_CONTEXT(2) 
PARAMETRIC_REPRESENTATION_CONTEXT() REPRESENTATION_CONTEXT('2D SPACE',''
  ) );
#3535 = ORIENTED_EDGE('',*,*,#3536,.T.);
#3536 = EDGE_CURVE('',#3507,#3431,#3537,.T.);
#3537 = SURFACE_CURVE('',#3538,(#3542,#3549),.PCURVE_S1.);
#3538 = LINE('',#3539,#3540);
#3539 = CARTESIAN_POINT('',(2.9975,-2.11,0.));
#3540 = VECTOR('',#3541,1.);
#3541 = DIRECTION('',(-1.,0.,0.));
#3542 = PCURVE('',#3448,#3543);
#3543 = DEFINITIONAL_REPRESENTATION('',(#3544),#3548);
#3544 = LINE('',#3545,#3546);
#3545 = CARTESIAN_POINT('',(0.,-0.205));
#3546 = VECTOR('',#3547,1.);
#3547 = DIRECTION('',(1.,0.));
#3548 = ( GEOMETRIC_REPRESENTATION_CONTEXT(2) 
PARAMETRIC_REPRESENTATION_CONTEXT() REPRESENTATION_CONTEXT('2D SPACE',''
  ) );
#3549 = PCURVE('',#3181,#3550);
#3550 = DEFINITIONAL_REPRESENTATION('',(#3551),#3555);
#3551 = LINE('',#3552,#3553);
#3552 = CARTESIAN_POINT('',(-0.276613501463,0.545254821792));
#3553 = VECTOR('',#3554,1.);
#3554 = DIRECTION('',(0.,-1.));
#3555 = ( GEOMETRIC_REPRESENTATION_CONTEXT(2) 
PARAMETRIC_REPRESENTATION_CONTEXT() REPRESENTATION_CONTEXT('2D SPACE',''
  ) );
#3556 = ORIENTED_EDGE('',*,*,#3430,.T.);
#3557 = ORIENTED_EDGE('',*,*,#3558,.F.);
#3558 = EDGE_CURVE('',#3509,#3433,#3559,.T.);
#3559 = SURFACE_CURVE('',#3560,(#3564,#3571),.PCURVE_S1.);
#3560 = LINE('',#3561,#3562);
#3561 = CARTESIAN_POINT('',(2.9975,-1.7,0.));
#3562 = VECTOR('',#3563,1.);
#3563 = DIRECTION('',(-1.,0.,0.));
#3564 = PCURVE('',#3448,#3565);
#3565 = DEFINITIONAL_REPRESENTATION('',(#3566),#3570);
#3566 = LINE('',#3567,#3568);
#3567 = CARTESIAN_POINT('',(0.,0.205));
#3568 = VECTOR('',#3569,1.);
#3569 = DIRECTION('',(1.,0.));
#3570 = ( GEOMETRIC_REPRESENTATION_CONTEXT(2) 
PARAMETRIC_REPRESENTATION_CONTEXT() REPRESENTATION_CONTEXT('2D SPACE',''
  ) );
#3571 = PCURVE('',#3237,#3572);
#3572 = DEFINITIONAL_REPRESENTATION('',(#3573),#3577);
#3573 = LINE('',#3574,#3575);
#3574 = CARTESIAN_POINT('',(-0.276613501463,0.545254821792));
#3575 = VECTOR('',#3576,1.);
#3576 = DIRECTION('',(0.,-1.));
#3577 = ( GEOMETRIC_REPRESENTATION_CONTEXT(2) 
PARAMETRIC_REPRESENTATION_CONTEXT() REPRESENTATION_CONTEXT('2D SPACE',''
  ) );
#3578 = ADVANCED_FACE('',(#3579),#3524,.T.);
#3579 = FACE_BOUND('',#3580,.T.);
#3580 = EDGE_LOOP('',(#3581,#3611,#3632,#3633));
#3581 = ORIENTED_EDGE('',*,*,#3582,.F.);
#3582 = EDGE_CURVE('',#3583,#3585,#3587,.T.);
#3583 = VERTEX_POINT('',#3584);
#3584 = CARTESIAN_POINT('',(2.9975,-2.11,0.19));
#3585 = VERTEX_POINT('',#3586);
#3586 = CARTESIAN_POINT('',(2.9975,-1.7,0.19));
#3587 = SURFACE_CURVE('',#3588,(#3592,#3599),.PCURVE_S1.);
#3588 = LINE('',#3589,#3590);
#3589 = CARTESIAN_POINT('',(2.9975,-2.11,0.19));
#3590 = VECTOR('',#3591,1.);
#3591 = DIRECTION('',(0.,1.,0.));
#3592 = PCURVE('',#3524,#3593);
#3593 = DEFINITIONAL_REPRESENTATION('',(#3594),#3598);
#3594 = LINE('',#3595,#3596);
#3595 = CARTESIAN_POINT('',(0.,-0.205));
#3596 = VECTOR('',#3597,1.);
#3597 = DIRECTION('',(0.,1.));
#3598 = ( GEOMETRIC_REPRESENTATION_CONTEXT(2) 
PARAMETRIC_REPRESENTATION_CONTEXT() REPRESENTATION_CONTEXT('2D SPACE',''
  ) );
#3599 = PCURVE('',#3600,#3605);
#3600 = PLANE('',#3601);
#3601 = AXIS2_PLACEMENT_3D('',#3602,#3603,#3604);
#3602 = CARTESIAN_POINT('',(2.63,-1.905,0.19));
#3603 = DIRECTION('',(0.,0.,1.));
#3604 = DIRECTION('',(1.,0.,0.));
#3605 = DEFINITIONAL_REPRESENTATION('',(#3606),#3610);
#3606 = LINE('',#3607,#3608);
#3607 = CARTESIAN_POINT('',(0.3675,-0.205));
#3608 = VECTOR('',#3609,1.);
#3609 = DIRECTION('',(0.,1.));
#3610 = ( GEOMETRIC_REPRESENTATION_CONTEXT(2) 
PARAMETRIC_REPRESENTATION_CONTEXT() REPRESENTATION_CONTEXT('2D SPACE',''
  ) );
#3611 = ORIENTED_EDGE('',*,*,#3612,.T.);
#3612 = EDGE_CURVE('',#3583,#3507,#3613,.T.);
#3613 = SURFACE_CURVE('',#3614,(#3618,#3625),.PCURVE_S1.);
#3614 = LINE('',#3615,#3616);
#3615 = CARTESIAN_POINT('',(2.9975,-2.11,0.19));
#3616 = VECTOR('',#3617,1.);
#3617 = DIRECTION('',(0.,0.,-1.));
#3618 = PCURVE('',#3524,#3619);
#3619 = DEFINITIONAL_REPRESENTATION('',(#3620),#3624);
#3620 = LINE('',#3621,#3622);
#3621 = CARTESIAN_POINT('',(0.,-0.205));
#3622 = VECTOR('',#3623,1.);
#3623 = DIRECTION('',(1.,0.));
#3624 = ( GEOMETRIC_REPRESENTATION_CONTEXT(2) 
PARAMETRIC_REPRESENTATION_CONTEXT() REPRESENTATION_CONTEXT('2D SPACE',''
  ) );
#3625 = PCURVE('',#3181,#3626);
#3626 = DEFINITIONAL_REPRESENTATION('',(#3627),#3631);
#3627 = LINE('',#3628,#3629);
#3628 = CARTESIAN_POINT('',(-8.661350146282E-02,0.545254821792));
#3629 = VECTOR('',#3630,1.);
#3630 = DIRECTION('',(-1.,0.));
#3631 = ( GEOMETRIC_REPRESENTATION_CONTEXT(2) 
PARAMETRIC_REPRESENTATION_CONTEXT() REPRESENTATION_CONTEXT('2D SPACE',''
  ) );
#3632 = ORIENTED_EDGE('',*,*,#3506,.T.);
#3633 = ORIENTED_EDGE('',*,*,#3634,.F.);
#3634 = EDGE_CURVE('',#3585,#3509,#3635,.T.);
#3635 = SURFACE_CURVE('',#3636,(#3640,#3647),.PCURVE_S1.);
#3636 = LINE('',#3637,#3638);
#3637 = CARTESIAN_POINT('',(2.9975,-1.7,0.19));
#3638 = VECTOR('',#3639,1.);
#3639 = DIRECTION('',(0.,0.,-1.));
#3640 = PCURVE('',#3524,#3641);
#3641 = DEFINITIONAL_REPRESENTATION('',(#3642),#3646);
#3642 = LINE('',#3643,#3644);
#3643 = CARTESIAN_POINT('',(0.,0.205));
#3644 = VECTOR('',#3645,1.);
#3645 = DIRECTION('',(1.,0.));
#3646 = ( GEOMETRIC_REPRESENTATION_CONTEXT(2) 
PARAMETRIC_REPRESENTATION_CONTEXT() REPRESENTATION_CONTEXT('2D SPACE',''
  ) );
#3647 = PCURVE('',#3237,#3648);
#3648 = DEFINITIONAL_REPRESENTATION('',(#3649),#3653);
#3649 = LINE('',#3650,#3651);
#3650 = CARTESIAN_POINT('',(-8.661350146282E-02,0.545254821792));
#3651 = VECTOR('',#3652,1.);
#3652 = DIRECTION('',(-1.,0.));
#3653 = ( GEOMETRIC_REPRESENTATION_CONTEXT(2) 
PARAMETRIC_REPRESENTATION_CONTEXT() REPRESENTATION_CONTEXT('2D SPACE',''
  ) );
#3654 = ADVANCED_FACE('',(#3655),#3600,.T.);
#3655 = FACE_BOUND('',#3656,.T.);
#3656 = EDGE_LOOP('',(#3657,#3682,#3703,#3704));
#3657 = ORIENTED_EDGE('',*,*,#3658,.F.);
#3658 = EDGE_CURVE('',#3659,#3661,#3663,.T.);
#3659 = VERTEX_POINT('',#3660);
#3660 = CARTESIAN_POINT('',(2.63,-2.11,0.19));
#3661 = VERTEX_POINT('',#3662);
#3662 = CARTESIAN_POINT('',(2.63,-1.7,0.19));
#3663 = SURFACE_CURVE('',#3664,(#3668,#3675),.PCURVE_S1.);
#3664 = LINE('',#3665,#3666);
#3665 = CARTESIAN_POINT('',(2.63,-2.11,0.19));
#3666 = VECTOR('',#3667,1.);
#3667 = DIRECTION('',(0.,1.,0.));
#3668 = PCURVE('',#3600,#3669);
#3669 = DEFINITIONAL_REPRESENTATION('',(#3670),#3674);
#3670 = LINE('',#3671,#3672);
#3671 = CARTESIAN_POINT('',(0.,-0.205));
#3672 = VECTOR('',#3673,1.);
#3673 = DIRECTION('',(0.,1.));
#3674 = ( GEOMETRIC_REPRESENTATION_CONTEXT(2) 
PARAMETRIC_REPRESENTATION_CONTEXT() REPRESENTATION_CONTEXT('2D SPACE',''
  ) );
#3675 = PCURVE('',#3209,#3676);
#3676 = DEFINITIONAL_REPRESENTATION('',(#3677),#3681);
#3677 = LINE('',#3678,#3679);
#3678 = CARTESIAN_POINT('',(0.659436312315,-0.205));
#3679 = VECTOR('',#3680,1.);
#3680 = DIRECTION('',(0.,1.));
#3681 = ( GEOMETRIC_REPRESENTATION_CONTEXT(2) 
PARAMETRIC_REPRESENTATION_CONTEXT() REPRESENTATION_CONTEXT('2D SPACE',''
  ) );
#3682 = ORIENTED_EDGE('',*,*,#3683,.T.);
#3683 = EDGE_CURVE('',#3659,#3583,#3684,.T.);
#3684 = SURFACE_CURVE('',#3685,(#3689,#3696),.PCURVE_S1.);
#3685 = LINE('',#3686,#3687);
#3686 = CARTESIAN_POINT('',(2.63,-2.11,0.19));
#3687 = VECTOR('',#3688,1.);
#3688 = DIRECTION('',(1.,0.,0.));
#3689 = PCURVE('',#3600,#3690);
#3690 = DEFINITIONAL_REPRESENTATION('',(#3691),#3695);
#3691 = LINE('',#3692,#3693);
#3692 = CARTESIAN_POINT('',(0.,-0.205));
#3693 = VECTOR('',#3694,1.);
#3694 = DIRECTION('',(1.,0.));
#3695 = ( GEOMETRIC_REPRESENTATION_CONTEXT(2) 
PARAMETRIC_REPRESENTATION_CONTEXT() REPRESENTATION_CONTEXT('2D SPACE',''
  ) );
#3696 = PCURVE('',#3181,#3697);
#3697 = DEFINITIONAL_REPRESENTATION('',(#3698),#3702);
#3698 = LINE('',#3699,#3700);
#3699 = CARTESIAN_POINT('',(-8.661350146282E-02,0.177754821792));
#3700 = VECTOR('',#3701,1.);
#3701 = DIRECTION('',(0.,1.));
#3702 = ( GEOMETRIC_REPRESENTATION_CONTEXT(2) 
PARAMETRIC_REPRESENTATION_CONTEXT() REPRESENTATION_CONTEXT('2D SPACE',''
  ) );
#3703 = ORIENTED_EDGE('',*,*,#3582,.T.);
#3704 = ORIENTED_EDGE('',*,*,#3705,.F.);
#3705 = EDGE_CURVE('',#3661,#3585,#3706,.T.);
#3706 = SURFACE_CURVE('',#3707,(#3711,#3718),.PCURVE_S1.);
#3707 = LINE('',#3708,#3709);
#3708 = CARTESIAN_POINT('',(2.63,-1.7,0.19));
#3709 = VECTOR('',#3710,1.);
#3710 = DIRECTION('',(1.,0.,0.));
#3711 = PCURVE('',#3600,#3712);
#3712 = DEFINITIONAL_REPRESENTATION('',(#3713),#3717);
#3713 = LINE('',#3714,#3715);
#3714 = CARTESIAN_POINT('',(0.,0.205));
#3715 = VECTOR('',#3716,1.);
#3716 = DIRECTION('',(1.,0.));
#3717 = ( GEOMETRIC_REPRESENTATION_CONTEXT(2) 
PARAMETRIC_REPRESENTATION_CONTEXT() REPRESENTATION_CONTEXT('2D SPACE',''
  ) );
#3718 = PCURVE('',#3237,#3719);
#3719 = DEFINITIONAL_REPRESENTATION('',(#3720),#3724);
#3720 = LINE('',#3721,#3722);
#3721 = CARTESIAN_POINT('',(-8.661350146282E-02,0.177754821792));
#3722 = VECTOR('',#3723,1.);
#3723 = DIRECTION('',(0.,1.));
#3724 = ( GEOMETRIC_REPRESENTATION_CONTEXT(2) 
PARAMETRIC_REPRESENTATION_CONTEXT() REPRESENTATION_CONTEXT('2D SPACE',''
  ) );
#3725 = ADVANCED_FACE('',(#3726),#3237,.T.);
#3726 = FACE_BOUND('',#3727,.T.);
#3727 = EDGE_LOOP('',(#3728,#3729,#3750,#3751,#3752,#3753,#3754,#3755));
#3728 = ORIENTED_EDGE('',*,*,#3221,.T.);
#3729 = ORIENTED_EDGE('',*,*,#3730,.T.);
#3730 = EDGE_CURVE('',#3194,#3661,#3731,.T.);
#3731 = SURFACE_CURVE('',#3732,(#3736,#3743),.PCURVE_S1.);
#3732 = LINE('',#3733,#3734);
#3733 = CARTESIAN_POINT('',(2.1575,-1.7,0.65));
#3734 = VECTOR('',#3735,1.);
#3735 = DIRECTION('',(0.716521051656,0.,-0.697565468278));
#3736 = PCURVE('',#3237,#3737);
#3737 = DEFINITIONAL_REPRESENTATION('',(#3738),#3742);
#3738 = LINE('',#3739,#3740);
#3739 = CARTESIAN_POINT('',(0.373386498537,-0.294745178208));
#3740 = VECTOR('',#3741,1.);
#3741 = DIRECTION('',(-0.697565468278,0.716521051656));
#3742 = ( GEOMETRIC_REPRESENTATION_CONTEXT(2) 
PARAMETRIC_REPRESENTATION_CONTEXT() REPRESENTATION_CONTEXT('2D SPACE',''
  ) );
#3743 = PCURVE('',#3209,#3744);
#3744 = DEFINITIONAL_REPRESENTATION('',(#3745),#3749);
#3745 = LINE('',#3746,#3747);
#3746 = CARTESIAN_POINT('',(0.,0.205));
#3747 = VECTOR('',#3748,1.);
#3748 = DIRECTION('',(1.,0.));
#3749 = ( GEOMETRIC_REPRESENTATION_CONTEXT(2) 
PARAMETRIC_REPRESENTATION_CONTEXT() REPRESENTATION_CONTEXT('2D SPACE',''
  ) );
#3750 = ORIENTED_EDGE('',*,*,#3705,.T.);
#3751 = ORIENTED_EDGE('',*,*,#3634,.T.);
#3752 = ORIENTED_EDGE('',*,*,#3558,.T.);
#3753 = ORIENTED_EDGE('',*,*,#3482,.T.);
#3754 = ORIENTED_EDGE('',*,*,#3378,.T.);
#3755 = ORIENTED_EDGE('',*,*,#3302,.T.);
#3756 = ADVANCED_FACE('',(#3757),#3209,.T.);
#3757 = FACE_BOUND('',#3758,.T.);
#3758 = EDGE_LOOP('',(#3759,#3760,#3781,#3782));
#3759 = ORIENTED_EDGE('',*,*,#3193,.F.);
#3760 = ORIENTED_EDGE('',*,*,#3761,.T.);
#3761 = EDGE_CURVE('',#3161,#3659,#3762,.T.);
#3762 = SURFACE_CURVE('',#3763,(#3767,#3774),.PCURVE_S1.);
#3763 = LINE('',#3764,#3765);
#3764 = CARTESIAN_POINT('',(2.1575,-2.11,0.65));
#3765 = VECTOR('',#3766,1.);
#3766 = DIRECTION('',(0.716521051656,0.,-0.697565468278));
#3767 = PCURVE('',#3209,#3768);
#3768 = DEFINITIONAL_REPRESENTATION('',(#3769),#3773);
#3769 = LINE('',#3770,#3771);
#3770 = CARTESIAN_POINT('',(0.,-0.205));
#3771 = VECTOR('',#3772,1.);
#3772 = DIRECTION('',(1.,0.));
#3773 = ( GEOMETRIC_REPRESENTATION_CONTEXT(2) 
PARAMETRIC_REPRESENTATION_CONTEXT() REPRESENTATION_CONTEXT('2D SPACE',''
  ) );
#3774 = PCURVE('',#3181,#3775);
#3775 = DEFINITIONAL_REPRESENTATION('',(#3776),#3780);
#3776 = LINE('',#3777,#3778);
#3777 = CARTESIAN_POINT('',(0.373386498537,-0.294745178208));
#3778 = VECTOR('',#3779,1.);
#3779 = DIRECTION('',(-0.697565468278,0.716521051656));
#3780 = ( GEOMETRIC_REPRESENTATION_CONTEXT(2) 
PARAMETRIC_REPRESENTATION_CONTEXT() REPRESENTATION_CONTEXT('2D SPACE',''
  ) );
#3781 = ORIENTED_EDGE('',*,*,#3658,.T.);
#3782 = ORIENTED_EDGE('',*,*,#3730,.F.);
#3783 = ADVANCED_FACE('',(#3784),#3181,.F.);
#3784 = FACE_BOUND('',#3785,.F.);
#3785 = EDGE_LOOP('',(#3786,#3787,#3788,#3789,#3790,#3791,#3792,#3793));
#3786 = ORIENTED_EDGE('',*,*,#3158,.T.);
#3787 = ORIENTED_EDGE('',*,*,#3761,.T.);
#3788 = ORIENTED_EDGE('',*,*,#3683,.T.);
#3789 = ORIENTED_EDGE('',*,*,#3612,.T.);
#3790 = ORIENTED_EDGE('',*,*,#3536,.T.);
#3791 = ORIENTED_EDGE('',*,*,#3460,.T.);
#3792 = ORIENTED_EDGE('',*,*,#3354,.T.);
#3793 = ORIENTED_EDGE('',*,*,#3278,.T.);
#3794 = ( GEOMETRIC_REPRESENTATION_CONTEXT(3) 
GLOBAL_UNCERTAINTY_ASSIGNED_CONTEXT((#3798)) 
GLOBAL_UNIT_ASSIGNED_CONTEXT((#3795,#3796,#3797)) REPRESENTATION_CONTEXT
('Context #1','3D Context with UNIT and UNCERTAINTY') );
#3795 = ( LENGTH_UNIT() NAMED_UNIT(*) SI_UNIT(.MILLI.,.METRE.) );
#3796 = ( NAMED_UNIT(*) PLANE_ANGLE_UNIT() SI_UNIT($,.RADIAN.) );
#3797 = ( NAMED_UNIT(*) SI_UNIT($,.STERADIAN.) SOLID_ANGLE_UNIT() );
#3798 = UNCERTAINTY_MEASURE_WITH_UNIT(LENGTH_MEASURE(1.E-07),#3795,
  'distance_accuracy_value','confusion accuracy');
#3799 = CONTEXT_DEPENDENT_SHAPE_REPRESENTATION(#3800,#3802);
#3800 = ( REPRESENTATION_RELATIONSHIP('','',#3151,#10) 
REPRESENTATION_RELATIONSHIP_WITH_TRANSFORMATION(#3801) 
SHAPE_REPRESENTATION_RELATIONSHIP() );
#3801 = ITEM_DEFINED_TRANSFORMATION('','',#11,#35);
#3802 = PRODUCT_DEFINITION_SHAPE('Placement','Placement of an item',
  #3803);
#3803 = NEXT_ASSEMBLY_USAGE_OCCURRENCE('6','','',#5,#3146,$);
#3804 = PRODUCT_RELATED_PRODUCT_CATEGORY('part',$,(#3148));
#3805 = SHAPE_DEFINITION_REPRESENTATION(#3806,#3812);
#3806 = PRODUCT_DEFINITION_SHAPE('','',#3807);
#3807 = PRODUCT_DEFINITION('design','',#3808,#3811);
#3808 = PRODUCT_DEFINITION_FORMATION('','',#3809);
#3809 = PRODUCT('Open CASCADE STEP translator 7.9 1.7',
  'Open CASCADE STEP translator 7.9 1.7','',(#3810));
#3810 = PRODUCT_CONTEXT('',#2,'mechanical');
#3811 = PRODUCT_DEFINITION_CONTEXT('part definition',#2,'design');
#3812 = ADVANCED_BREP_SHAPE_REPRESENTATION('',(#11,#3813),#4455);
#3813 = MANIFOLD_SOLID_BREP('',#3814);
#3814 = CLOSED_SHELL('',(#3815,#3935,#4011,#4087,#4163,#4239,#4315,#4386
    ,#4417,#4444));
#3815 = ADVANCED_FACE('',(#3816),#3830,.T.);
#3816 = FACE_BOUND('',#3817,.T.);
#3817 = EDGE_LOOP('',(#3818,#3853,#3881,#3909));
#3818 = ORIENTED_EDGE('',*,*,#3819,.T.);
#3819 = EDGE_CURVE('',#3820,#3822,#3824,.T.);
#3820 = VERTEX_POINT('',#3821);
#3821 = CARTESIAN_POINT('',(1.9475,-0.84,0.65));
#3822 = VERTEX_POINT('',#3823);
#3823 = CARTESIAN_POINT('',(2.1575,-0.84,0.65));
#3824 = SURFACE_CURVE('',#3825,(#3829,#3841),.PCURVE_S1.);
#3825 = LINE('',#3826,#3827);
#3826 = CARTESIAN_POINT('',(1.9475,-0.84,0.65));
#3827 = VECTOR('',#3828,1.);
#3828 = DIRECTION('',(1.,0.,0.));
#3829 = PCURVE('',#3830,#3835);
#3830 = PLANE('',#3831);
#3831 = AXIS2_PLACEMENT_3D('',#3832,#3833,#3834);
#3832 = CARTESIAN_POINT('',(1.9475,-0.635,0.65));
#3833 = DIRECTION('',(0.,0.,1.));
#3834 = DIRECTION('',(1.,0.,0.));
#3835 = DEFINITIONAL_REPRESENTATION('',(#3836),#3840);
#3836 = LINE('',#3837,#3838);
#3837 = CARTESIAN_POINT('',(0.,-0.205));
#3838 = VECTOR('',#3839,1.);
#3839 = DIRECTION('',(1.,0.));
#3840 = ( GEOMETRIC_REPRESENTATION_CONTEXT(2) 
PARAMETRIC_REPRESENTATION_CONTEXT() REPRESENTATION_CONTEXT('2D SPACE',''
  ) );
#3841 = PCURVE('',#3842,#3847);
#3842 = PLANE('',#3843);
#3843 = AXIS2_PLACEMENT_3D('',#3844,#3845,#3846);
#3844 = CARTESIAN_POINT('',(2.452245178208,-0.84,0.276613501463));
#3845 = DIRECTION('',(0.,1.,0.));
#3846 = DIRECTION('',(0.,0.,1.));
#3847 = DEFINITIONAL_REPRESENTATION('',(#3848),#3852);
#3848 = LINE('',#3849,#3850);
#3849 = CARTESIAN_POINT('',(0.373386498537,-0.504745178208));
#3850 = VECTOR('',#3851,1.);
#3851 = DIRECTION('',(0.,1.));
#3852 = ( GEOMETRIC_REPRESENTATION_CONTEXT(2) 
PARAMETRIC_REPRESENTATION_CONTEXT() REPRESENTATION_CONTEXT('2D SPACE',''
  ) );
#3853 = ORIENTED_EDGE('',*,*,#3854,.T.);
#3854 = EDGE_CURVE('',#3822,#3855,#3857,.T.);
#3855 = VERTEX_POINT('',#3856);
#3856 = CARTESIAN_POINT('',(2.1575,-0.43,0.65));
#3857 = SURFACE_CURVE('',#3858,(#3862,#3869),.PCURVE_S1.);
#3858 = LINE('',#3859,#3860);
#3859 = CARTESIAN_POINT('',(2.1575,-0.84,0.65));
#3860 = VECTOR('',#3861,1.);
#3861 = DIRECTION('',(0.,1.,0.));
#3862 = PCURVE('',#3830,#3863);
#3863 = DEFINITIONAL_REPRESENTATION('',(#3864),#3868);
#3864 = LINE('',#3865,#3866);
#3865 = CARTESIAN_POINT('',(0.21,-0.205));
#3866 = VECTOR('',#3867,1.);
#3867 = DIRECTION('',(0.,1.));
#3868 = ( GEOMETRIC_REPRESENTATION_CONTEXT(2) 
PARAMETRIC_REPRESENTATION_CONTEXT() REPRESENTATION_CONTEXT('2D SPACE',''
  ) );
#3869 = PCURVE('',#3870,#3875);
#3870 = PLANE('',#3871);
#3871 = AXIS2_PLACEMENT_3D('',#3872,#3873,#3874);
#3872 = CARTESIAN_POINT('',(2.1575,-0.635,0.65));
#3873 = DIRECTION('',(0.697565468278,0.,0.716521051656));
#3874 = DIRECTION('',(0.716521051656,0.,-0.697565468278));
#3875 = DEFINITIONAL_REPRESENTATION('',(#3876),#3880);
#3876 = LINE('',#3877,#3878);
#3877 = CARTESIAN_POINT('',(0.,-0.205));
#3878 = VECTOR('',#3879,1.);
#3879 = DIRECTION('',(0.,1.));
#3880 = ( GEOMETRIC_REPRESENTATION_CONTEXT(2) 
PARAMETRIC_REPRESENTATION_CONTEXT() REPRESENTATION_CONTEXT('2D SPACE',''
  ) );
#3881 = ORIENTED_EDGE('',*,*,#3882,.F.);
#3882 = EDGE_CURVE('',#3883,#3855,#3885,.T.);
#3883 = VERTEX_POINT('',#3884);
#3884 = CARTESIAN_POINT('',(1.9475,-0.43,0.65));
#3885 = SURFACE_CURVE('',#3886,(#3890,#3897),.PCURVE_S1.);
#3886 = LINE('',#3887,#3888);
#3887 = CARTESIAN_POINT('',(1.9475,-0.43,0.65));
#3888 = VECTOR('',#3889,1.);
#3889 = DIRECTION('',(1.,0.,0.));
#3890 = PCURVE('',#3830,#3891);
#3891 = DEFINITIONAL_REPRESENTATION('',(#3892),#3896);
#3892 = LINE('',#3893,#3894);
#3893 = CARTESIAN_POINT('',(0.,0.205));
#3894 = VECTOR('',#3895,1.);
#3895 = DIRECTION('',(1.,0.));
#3896 = ( GEOMETRIC_REPRESENTATION_CONTEXT(2) 
PARAMETRIC_REPRESENTATION_CONTEXT() REPRESENTATION_CONTEXT('2D SPACE',''
  ) );
#3897 = PCURVE('',#3898,#3903);
#3898 = PLANE('',#3899);
#3899 = AXIS2_PLACEMENT_3D('',#3900,#3901,#3902);
#3900 = CARTESIAN_POINT('',(2.452245178208,-0.43,0.276613501463));
#3901 = DIRECTION('',(0.,1.,0.));
#3902 = DIRECTION('',(0.,0.,1.));
#3903 = DEFINITIONAL_REPRESENTATION('',(#3904),#3908);
#3904 = LINE('',#3905,#3906);
#3905 = CARTESIAN_POINT('',(0.373386498537,-0.504745178208));
#3906 = VECTOR('',#3907,1.);
#3907 = DIRECTION('',(0.,1.));
#3908 = ( GEOMETRIC_REPRESENTATION_CONTEXT(2) 
PARAMETRIC_REPRESENTATION_CONTEXT() REPRESENTATION_CONTEXT('2D SPACE',''
  ) );
#3909 = ORIENTED_EDGE('',*,*,#3910,.T.);
#3910 = EDGE_CURVE('',#3883,#3820,#3911,.T.);
#3911 = SURFACE_CURVE('',#3912,(#3916,#3923),.PCURVE_S1.);
#3912 = LINE('',#3913,#3914);
#3913 = CARTESIAN_POINT('',(1.9475,-0.43,0.65));
#3914 = VECTOR('',#3915,1.);
#3915 = DIRECTION('',(0.,-1.,0.));
#3916 = PCURVE('',#3830,#3917);
#3917 = DEFINITIONAL_REPRESENTATION('',(#3918),#3922);
#3918 = LINE('',#3919,#3920);
#3919 = CARTESIAN_POINT('',(0.,0.205));
#3920 = VECTOR('',#3921,1.);
#3921 = DIRECTION('',(0.,-1.));
#3922 = ( GEOMETRIC_REPRESENTATION_CONTEXT(2) 
PARAMETRIC_REPRESENTATION_CONTEXT() REPRESENTATION_CONTEXT('2D SPACE',''
  ) );
#3923 = PCURVE('',#3924,#3929);
#3924 = PLANE('',#3925);
#3925 = AXIS2_PLACEMENT_3D('',#3926,#3927,#3928);
#3926 = CARTESIAN_POINT('',(1.9475,-0.635,0.46));
#3927 = DIRECTION('',(-1.,0.,0.));
#3928 = DIRECTION('',(0.,0.,1.));
#3929 = DEFINITIONAL_REPRESENTATION('',(#3930),#3934);
#3930 = LINE('',#3931,#3932);
#3931 = CARTESIAN_POINT('',(0.19,0.205));
#3932 = VECTOR('',#3933,1.);
#3933 = DIRECTION('',(0.,-1.));
#3934 = ( GEOMETRIC_REPRESENTATION_CONTEXT(2) 
PARAMETRIC_REPRESENTATION_CONTEXT() REPRESENTATION_CONTEXT('2D SPACE',''
  ) );
#3935 = ADVANCED_FACE('',(#3936),#3924,.T.);
#3936 = FACE_BOUND('',#3937,.T.);
#3937 = EDGE_LOOP('',(#3938,#3961,#3962,#3985));
#3938 = ORIENTED_EDGE('',*,*,#3939,.T.);
#3939 = EDGE_CURVE('',#3940,#3820,#3942,.T.);
#3940 = VERTEX_POINT('',#3941);
#3941 = CARTESIAN_POINT('',(1.9475,-0.84,0.46));
#3942 = SURFACE_CURVE('',#3943,(#3947,#3954),.PCURVE_S1.);
#3943 = LINE('',#3944,#3945);
#3944 = CARTESIAN_POINT('',(1.9475,-0.84,0.46));
#3945 = VECTOR('',#3946,1.);
#3946 = DIRECTION('',(0.,0.,1.));
#3947 = PCURVE('',#3924,#3948);
#3948 = DEFINITIONAL_REPRESENTATION('',(#3949),#3953);
#3949 = LINE('',#3950,#3951);
#3950 = CARTESIAN_POINT('',(0.,-0.205));
#3951 = VECTOR('',#3952,1.);
#3952 = DIRECTION('',(1.,0.));
#3953 = ( GEOMETRIC_REPRESENTATION_CONTEXT(2) 
PARAMETRIC_REPRESENTATION_CONTEXT() REPRESENTATION_CONTEXT('2D SPACE',''
  ) );
#3954 = PCURVE('',#3842,#3955);
#3955 = DEFINITIONAL_REPRESENTATION('',(#3956),#3960);
#3956 = LINE('',#3957,#3958);
#3957 = CARTESIAN_POINT('',(0.183386498537,-0.504745178208));
#3958 = VECTOR('',#3959,1.);
#3959 = DIRECTION('',(1.,0.));
#3960 = ( GEOMETRIC_REPRESENTATION_CONTEXT(2) 
PARAMETRIC_REPRESENTATION_CONTEXT() REPRESENTATION_CONTEXT('2D SPACE',''
  ) );
#3961 = ORIENTED_EDGE('',*,*,#3910,.F.);
#3962 = ORIENTED_EDGE('',*,*,#3963,.F.);
#3963 = EDGE_CURVE('',#3964,#3883,#3966,.T.);
#3964 = VERTEX_POINT('',#3965);
#3965 = CARTESIAN_POINT('',(1.9475,-0.43,0.46));
#3966 = SURFACE_CURVE('',#3967,(#3971,#3978),.PCURVE_S1.);
#3967 = LINE('',#3968,#3969);
#3968 = CARTESIAN_POINT('',(1.9475,-0.43,0.46));
#3969 = VECTOR('',#3970,1.);
#3970 = DIRECTION('',(0.,0.,1.));
#3971 = PCURVE('',#3924,#3972);
#3972 = DEFINITIONAL_REPRESENTATION('',(#3973),#3977);
#3973 = LINE('',#3974,#3975);
#3974 = CARTESIAN_POINT('',(0.,0.205));
#3975 = VECTOR('',#3976,1.);
#3976 = DIRECTION('',(1.,0.));
#3977 = ( GEOMETRIC_REPRESENTATION_CONTEXT(2) 
PARAMETRIC_REPRESENTATION_CONTEXT() REPRESENTATION_CONTEXT('2D SPACE',''
  ) );
#3978 = PCURVE('',#3898,#3979);
#3979 = DEFINITIONAL_REPRESENTATION('',(#3980),#3984);
#3980 = LINE('',#3981,#3982);
#3981 = CARTESIAN_POINT('',(0.183386498537,-0.504745178208));
#3982 = VECTOR('',#3983,1.);
#3983 = DIRECTION('',(1.,0.));
#3984 = ( GEOMETRIC_REPRESENTATION_CONTEXT(2) 
PARAMETRIC_REPRESENTATION_CONTEXT() REPRESENTATION_CONTEXT('2D SPACE',''
  ) );
#3985 = ORIENTED_EDGE('',*,*,#3986,.T.);
#3986 = EDGE_CURVE('',#3964,#3940,#3987,.T.);
#3987 = SURFACE_CURVE('',#3988,(#3992,#3999),.PCURVE_S1.);
#3988 = LINE('',#3989,#3990);
#3989 = CARTESIAN_POINT('',(1.9475,-0.43,0.46));
#3990 = VECTOR('',#3991,1.);
#3991 = DIRECTION('',(0.,-1.,0.));
#3992 = PCURVE('',#3924,#3993);
#3993 = DEFINITIONAL_REPRESENTATION('',(#3994),#3998);
#3994 = LINE('',#3995,#3996);
#3995 = CARTESIAN_POINT('',(0.,0.205));
#3996 = VECTOR('',#3997,1.);
#3997 = DIRECTION('',(0.,-1.));
#3998 = ( GEOMETRIC_REPRESENTATION_CONTEXT(2) 
PARAMETRIC_REPRESENTATION_CONTEXT() REPRESENTATION_CONTEXT('2D SPACE',''
  ) );
#3999 = PCURVE('',#4000,#4005);
#4000 = PLANE('',#4001);
#4001 = AXIS2_PLACEMENT_3D('',#4002,#4003,#4004);
#4002 = CARTESIAN_POINT('',(2.0315,-0.635,0.46));
#4003 = DIRECTION('',(-0.,-0.,-1.));
#4004 = DIRECTION('',(-1.,0.,0.));
#4005 = DEFINITIONAL_REPRESENTATION('',(#4006),#4010);
#4006 = LINE('',#4007,#4008);
#4007 = CARTESIAN_POINT('',(8.4E-02,0.205));
#4008 = VECTOR('',#4009,1.);
#4009 = DIRECTION('',(0.,-1.));
#4010 = ( GEOMETRIC_REPRESENTATION_CONTEXT(2) 
PARAMETRIC_REPRESENTATION_CONTEXT() REPRESENTATION_CONTEXT('2D SPACE',''
  ) );
#4011 = ADVANCED_FACE('',(#4012),#4000,.T.);
#4012 = FACE_BOUND('',#4013,.T.);
#4013 = EDGE_LOOP('',(#4014,#4037,#4038,#4061));
#4014 = ORIENTED_EDGE('',*,*,#4015,.T.);
#4015 = EDGE_CURVE('',#4016,#3940,#4018,.T.);
#4016 = VERTEX_POINT('',#4017);
#4017 = CARTESIAN_POINT('',(2.0315,-0.84,0.46));
#4018 = SURFACE_CURVE('',#4019,(#4023,#4030),.PCURVE_S1.);
#4019 = LINE('',#4020,#4021);
#4020 = CARTESIAN_POINT('',(2.0315,-0.84,0.46));
#4021 = VECTOR('',#4022,1.);
#4022 = DIRECTION('',(-1.,0.,0.));
#4023 = PCURVE('',#4000,#4024);
#4024 = DEFINITIONAL_REPRESENTATION('',(#4025),#4029);
#4025 = LINE('',#4026,#4027);
#4026 = CARTESIAN_POINT('',(0.,-0.205));
#4027 = VECTOR('',#4028,1.);
#4028 = DIRECTION('',(1.,0.));
#4029 = ( GEOMETRIC_REPRESENTATION_CONTEXT(2) 
PARAMETRIC_REPRESENTATION_CONTEXT() REPRESENTATION_CONTEXT('2D SPACE',''
  ) );
#4030 = PCURVE('',#3842,#4031);
#4031 = DEFINITIONAL_REPRESENTATION('',(#4032),#4036);
#4032 = LINE('',#4033,#4034);
#4033 = CARTESIAN_POINT('',(0.183386498537,-0.420745178208));
#4034 = VECTOR('',#4035,1.);
#4035 = DIRECTION('',(0.,-1.));
#4036 = ( GEOMETRIC_REPRESENTATION_CONTEXT(2) 
PARAMETRIC_REPRESENTATION_CONTEXT() REPRESENTATION_CONTEXT('2D SPACE',''
  ) );
#4037 = ORIENTED_EDGE('',*,*,#3986,.F.);
#4038 = ORIENTED_EDGE('',*,*,#4039,.F.);
#4039 = EDGE_CURVE('',#4040,#3964,#4042,.T.);
#4040 = VERTEX_POINT('',#4041);
#4041 = CARTESIAN_POINT('',(2.0315,-0.43,0.46));
#4042 = SURFACE_CURVE('',#4043,(#4047,#4054),.PCURVE_S1.);
#4043 = LINE('',#4044,#4045);
#4044 = CARTESIAN_POINT('',(2.0315,-0.43,0.46));
#4045 = VECTOR('',#4046,1.);
#4046 = DIRECTION('',(-1.,0.,0.));
#4047 = PCURVE('',#4000,#4048);
#4048 = DEFINITIONAL_REPRESENTATION('',(#4049),#4053);
#4049 = LINE('',#4050,#4051);
#4050 = CARTESIAN_POINT('',(0.,0.205));
#4051 = VECTOR('',#4052,1.);
#4052 = DIRECTION('',(1.,0.));
#4053 = ( GEOMETRIC_REPRESENTATION_CONTEXT(2) 
PARAMETRIC_REPRESENTATION_CONTEXT() REPRESENTATION_CONTEXT('2D SPACE',''
  ) );
#4054 = PCURVE('',#3898,#4055);
#4055 = DEFINITIONAL_REPRESENTATION('',(#4056),#4060);
#4056 = LINE('',#4057,#4058);
#4057 = CARTESIAN_POINT('',(0.183386498537,-0.420745178208));
#4058 = VECTOR('',#4059,1.);
#4059 = DIRECTION('',(0.,-1.));
#4060 = ( GEOMETRIC_REPRESENTATION_CONTEXT(2) 
PARAMETRIC_REPRESENTATION_CONTEXT() REPRESENTATION_CONTEXT('2D SPACE',''
  ) );
#4061 = ORIENTED_EDGE('',*,*,#4062,.T.);
#4062 = EDGE_CURVE('',#4040,#4016,#4063,.T.);
#4063 = SURFACE_CURVE('',#4064,(#4068,#4075),.PCURVE_S1.);
#4064 = LINE('',#4065,#4066);
#4065 = CARTESIAN_POINT('',(2.0315,-0.43,0.46));
#4066 = VECTOR('',#4067,1.);
#4067 = DIRECTION('',(0.,-1.,0.));
#4068 = PCURVE('',#4000,#4069);
#4069 = DEFINITIONAL_REPRESENTATION('',(#4070),#4074);
#4070 = LINE('',#4071,#4072);
#4071 = CARTESIAN_POINT('',(0.,0.205));
#4072 = VECTOR('',#4073,1.);
#4073 = DIRECTION('',(0.,-1.));
#4074 = ( GEOMETRIC_REPRESENTATION_CONTEXT(2) 
PARAMETRIC_REPRESENTATION_CONTEXT() REPRESENTATION_CONTEXT('2D SPACE',''
  ) );
#4075 = PCURVE('',#4076,#4081);
#4076 = PLANE('',#4077);
#4077 = AXIS2_PLACEMENT_3D('',#4078,#4079,#4080);
#4078 = CARTESIAN_POINT('',(2.4725,-0.635,0.));
#4079 = DIRECTION('',(-0.721857539295,-0.,-0.692041684411));
#4080 = DIRECTION('',(-0.692041684411,0.,0.721857539295));
#4081 = DEFINITIONAL_REPRESENTATION('',(#4082),#4086);
#4082 = LINE('',#4083,#4084);
#4083 = CARTESIAN_POINT('',(0.637244850901,0.205));
#4084 = VECTOR('',#4085,1.);
#4085 = DIRECTION('',(0.,-1.));
#4086 = ( GEOMETRIC_REPRESENTATION_CONTEXT(2) 
PARAMETRIC_REPRESENTATION_CONTEXT() REPRESENTATION_CONTEXT('2D SPACE',''
  ) );
#4087 = ADVANCED_FACE('',(#4088),#4076,.T.);
#4088 = FACE_BOUND('',#4089,.T.);
#4089 = EDGE_LOOP('',(#4090,#4120,#4141,#4142));
#4090 = ORIENTED_EDGE('',*,*,#4091,.F.);
#4091 = EDGE_CURVE('',#4092,#4094,#4096,.T.);
#4092 = VERTEX_POINT('',#4093);
#4093 = CARTESIAN_POINT('',(2.4725,-0.84,0.));
#4094 = VERTEX_POINT('',#4095);
#4095 = CARTESIAN_POINT('',(2.4725,-0.43,0.));
#4096 = SURFACE_CURVE('',#4097,(#4101,#4108),.PCURVE_S1.);
#4097 = LINE('',#4098,#4099);
#4098 = CARTESIAN_POINT('',(2.4725,-0.84,0.));
#4099 = VECTOR('',#4100,1.);
#4100 = DIRECTION('',(0.,1.,0.));
#4101 = PCURVE('',#4076,#4102);
#4102 = DEFINITIONAL_REPRESENTATION('',(#4103),#4107);
#4103 = LINE('',#4104,#4105);
#4104 = CARTESIAN_POINT('',(0.,-0.205));
#4105 = VECTOR('',#4106,1.);
#4106 = DIRECTION('',(0.,1.));
#4107 = ( GEOMETRIC_REPRESENTATION_CONTEXT(2) 
PARAMETRIC_REPRESENTATION_CONTEXT() REPRESENTATION_CONTEXT('2D SPACE',''
  ) );
#4108 = PCURVE('',#4109,#4114);
#4109 = PLANE('',#4110);
#4110 = AXIS2_PLACEMENT_3D('',#4111,#4112,#4113);
#4111 = CARTESIAN_POINT('',(2.9975,-0.635,0.));
#4112 = DIRECTION('',(-0.,-0.,-1.));
#4113 = DIRECTION('',(-1.,0.,0.));
#4114 = DEFINITIONAL_REPRESENTATION('',(#4115),#4119);
#4115 = LINE('',#4116,#4117);
#4116 = CARTESIAN_POINT('',(0.525,-0.205));
#4117 = VECTOR('',#4118,1.);
#4118 = DIRECTION('',(0.,1.));
#4119 = ( GEOMETRIC_REPRESENTATION_CONTEXT(2) 
PARAMETRIC_REPRESENTATION_CONTEXT() REPRESENTATION_CONTEXT('2D SPACE',''
  ) );
#4120 = ORIENTED_EDGE('',*,*,#4121,.T.);
#4121 = EDGE_CURVE('',#4092,#4016,#4122,.T.);
#4122 = SURFACE_CURVE('',#4123,(#4127,#4134),.PCURVE_S1.);
#4123 = LINE('',#4124,#4125);
#4124 = CARTESIAN_POINT('',(2.4725,-0.84,0.));
#4125 = VECTOR('',#4126,1.);
#4126 = DIRECTION('',(-0.692041684411,0.,0.721857539295));
#4127 = PCURVE('',#4076,#4128);
#4128 = DEFINITIONAL_REPRESENTATION('',(#4129),#4133);
#4129 = LINE('',#4130,#4131);
#4130 = CARTESIAN_POINT('',(0.,-0.205));
#4131 = VECTOR('',#4132,1.);
#4132 = DIRECTION('',(1.,0.));
#4133 = ( GEOMETRIC_REPRESENTATION_CONTEXT(2) 
PARAMETRIC_REPRESENTATION_CONTEXT() REPRESENTATION_CONTEXT('2D SPACE',''
  ) );
#4134 = PCURVE('',#3842,#4135);
#4135 = DEFINITIONAL_REPRESENTATION('',(#4136),#4140);
#4136 = LINE('',#4137,#4138);
#4137 = CARTESIAN_POINT('',(-0.276613501463,2.025482179178E-02));
#4138 = VECTOR('',#4139,1.);
#4139 = DIRECTION('',(0.721857539295,-0.692041684411));
#4140 = ( GEOMETRIC_REPRESENTATION_CONTEXT(2) 
PARAMETRIC_REPRESENTATION_CONTEXT() REPRESENTATION_CONTEXT('2D SPACE',''
  ) );
#4141 = ORIENTED_EDGE('',*,*,#4062,.F.);
#4142 = ORIENTED_EDGE('',*,*,#4143,.F.);
#4143 = EDGE_CURVE('',#4094,#4040,#4144,.T.);
#4144 = SURFACE_CURVE('',#4145,(#4149,#4156),.PCURVE_S1.);
#4145 = LINE('',#4146,#4147);
#4146 = CARTESIAN_POINT('',(2.4725,-0.43,0.));
#4147 = VECTOR('',#4148,1.);
#4148 = DIRECTION('',(-0.692041684411,0.,0.721857539295));
#4149 = PCURVE('',#4076,#4150);
#4150 = DEFINITIONAL_REPRESENTATION('',(#4151),#4155);
#4151 = LINE('',#4152,#4153);
#4152 = CARTESIAN_POINT('',(0.,0.205));
#4153 = VECTOR('',#4154,1.);
#4154 = DIRECTION('',(1.,0.));
#4155 = ( GEOMETRIC_REPRESENTATION_CONTEXT(2) 
PARAMETRIC_REPRESENTATION_CONTEXT() REPRESENTATION_CONTEXT('2D SPACE',''
  ) );
#4156 = PCURVE('',#3898,#4157);
#4157 = DEFINITIONAL_REPRESENTATION('',(#4158),#4162);
#4158 = LINE('',#4159,#4160);
#4159 = CARTESIAN_POINT('',(-0.276613501463,2.025482179178E-02));
#4160 = VECTOR('',#4161,1.);
#4161 = DIRECTION('',(0.721857539295,-0.692041684411));
#4162 = ( GEOMETRIC_REPRESENTATION_CONTEXT(2) 
PARAMETRIC_REPRESENTATION_CONTEXT() REPRESENTATION_CONTEXT('2D SPACE',''
  ) );
#4163 = ADVANCED_FACE('',(#4164),#4109,.T.);
#4164 = FACE_BOUND('',#4165,.T.);
#4165 = EDGE_LOOP('',(#4166,#4196,#4217,#4218));
#4166 = ORIENTED_EDGE('',*,*,#4167,.F.);
#4167 = EDGE_CURVE('',#4168,#4170,#4172,.T.);
#4168 = VERTEX_POINT('',#4169);
#4169 = CARTESIAN_POINT('',(2.9975,-0.84,0.));
#4170 = VERTEX_POINT('',#4171);
#4171 = CARTESIAN_POINT('',(2.9975,-0.43,0.));
#4172 = SURFACE_CURVE('',#4173,(#4177,#4184),.PCURVE_S1.);
#4173 = LINE('',#4174,#4175);
#4174 = CARTESIAN_POINT('',(2.9975,-0.84,0.));
#4175 = VECTOR('',#4176,1.);
#4176 = DIRECTION('',(0.,1.,0.));
#4177 = PCURVE('',#4109,#4178);
#4178 = DEFINITIONAL_REPRESENTATION('',(#4179),#4183);
#4179 = LINE('',#4180,#4181);
#4180 = CARTESIAN_POINT('',(0.,-0.205));
#4181 = VECTOR('',#4182,1.);
#4182 = DIRECTION('',(0.,1.));
#4183 = ( GEOMETRIC_REPRESENTATION_CONTEXT(2) 
PARAMETRIC_REPRESENTATION_CONTEXT() REPRESENTATION_CONTEXT('2D SPACE',''
  ) );
#4184 = PCURVE('',#4185,#4190);
#4185 = PLANE('',#4186);
#4186 = AXIS2_PLACEMENT_3D('',#4187,#4188,#4189);
#4187 = CARTESIAN_POINT('',(2.9975,-0.635,0.19));
#4188 = DIRECTION('',(1.,0.,0.));
#4189 = DIRECTION('',(0.,0.,-1.));
#4190 = DEFINITIONAL_REPRESENTATION('',(#4191),#4195);
#4191 = LINE('',#4192,#4193);
#4192 = CARTESIAN_POINT('',(0.19,-0.205));
#4193 = VECTOR('',#4194,1.);
#4194 = DIRECTION('',(0.,1.));
#4195 = ( GEOMETRIC_REPRESENTATION_CONTEXT(2) 
PARAMETRIC_REPRESENTATION_CONTEXT() REPRESENTATION_CONTEXT('2D SPACE',''
  ) );
#4196 = ORIENTED_EDGE('',*,*,#4197,.T.);
#4197 = EDGE_CURVE('',#4168,#4092,#4198,.T.);
#4198 = SURFACE_CURVE('',#4199,(#4203,#4210),.PCURVE_S1.);
#4199 = LINE('',#4200,#4201);
#4200 = CARTESIAN_POINT('',(2.9975,-0.84,0.));
#4201 = VECTOR('',#4202,1.);
#4202 = DIRECTION('',(-1.,0.,0.));
#4203 = PCURVE('',#4109,#4204);
#4204 = DEFINITIONAL_REPRESENTATION('',(#4205),#4209);
#4205 = LINE('',#4206,#4207);
#4206 = CARTESIAN_POINT('',(0.,-0.205));
#4207 = VECTOR('',#4208,1.);
#4208 = DIRECTION('',(1.,0.));
#4209 = ( GEOMETRIC_REPRESENTATION_CONTEXT(2) 
PARAMETRIC_REPRESENTATION_CONTEXT() REPRESENTATION_CONTEXT('2D SPACE',''
  ) );
#4210 = PCURVE('',#3842,#4211);
#4211 = DEFINITIONAL_REPRESENTATION('',(#4212),#4216);
#4212 = LINE('',#4213,#4214);
#4213 = CARTESIAN_POINT('',(-0.276613501463,0.545254821792));
#4214 = VECTOR('',#4215,1.);
#4215 = DIRECTION('',(0.,-1.));
#4216 = ( GEOMETRIC_REPRESENTATION_CONTEXT(2) 
PARAMETRIC_REPRESENTATION_CONTEXT() REPRESENTATION_CONTEXT('2D SPACE',''
  ) );
#4217 = ORIENTED_EDGE('',*,*,#4091,.T.);
#4218 = ORIENTED_EDGE('',*,*,#4219,.F.);
#4219 = EDGE_CURVE('',#4170,#4094,#4220,.T.);
#4220 = SURFACE_CURVE('',#4221,(#4225,#4232),.PCURVE_S1.);
#4221 = LINE('',#4222,#4223);
#4222 = CARTESIAN_POINT('',(2.9975,-0.43,0.));
#4223 = VECTOR('',#4224,1.);
#4224 = DIRECTION('',(-1.,0.,0.));
#4225 = PCURVE('',#4109,#4226);
#4226 = DEFINITIONAL_REPRESENTATION('',(#4227),#4231);
#4227 = LINE('',#4228,#4229);
#4228 = CARTESIAN_POINT('',(0.,0.205));
#4229 = VECTOR('',#4230,1.);
#4230 = DIRECTION('',(1.,0.));
#4231 = ( GEOMETRIC_REPRESENTATION_CONTEXT(2) 
PARAMETRIC_REPRESENTATION_CONTEXT() REPRESENTATION_CONTEXT('2D SPACE',''
  ) );
#4232 = PCURVE('',#3898,#4233);
#4233 = DEFINITIONAL_REPRESENTATION('',(#4234),#4238);
#4234 = LINE('',#4235,#4236);
#4235 = CARTESIAN_POINT('',(-0.276613501463,0.545254821792));
#4236 = VECTOR('',#4237,1.);
#4237 = DIRECTION('',(0.,-1.));
#4238 = ( GEOMETRIC_REPRESENTATION_CONTEXT(2) 
PARAMETRIC_REPRESENTATION_CONTEXT() REPRESENTATION_CONTEXT('2D SPACE',''
  ) );
#4239 = ADVANCED_FACE('',(#4240),#4185,.T.);
#4240 = FACE_BOUND('',#4241,.T.);
#4241 = EDGE_LOOP('',(#4242,#4272,#4293,#4294));
#4242 = ORIENTED_EDGE('',*,*,#4243,.F.);
#4243 = EDGE_CURVE('',#4244,#4246,#4248,.T.);
#4244 = VERTEX_POINT('',#4245);
#4245 = CARTESIAN_POINT('',(2.9975,-0.84,0.19));
#4246 = VERTEX_POINT('',#4247);
#4247 = CARTESIAN_POINT('',(2.9975,-0.43,0.19));
#4248 = SURFACE_CURVE('',#4249,(#4253,#4260),.PCURVE_S1.);
#4249 = LINE('',#4250,#4251);
#4250 = CARTESIAN_POINT('',(2.9975,-0.84,0.19));
#4251 = VECTOR('',#4252,1.);
#4252 = DIRECTION('',(0.,1.,0.));
#4253 = PCURVE('',#4185,#4254);
#4254 = DEFINITIONAL_REPRESENTATION('',(#4255),#4259);
#4255 = LINE('',#4256,#4257);
#4256 = CARTESIAN_POINT('',(0.,-0.205));
#4257 = VECTOR('',#4258,1.);
#4258 = DIRECTION('',(0.,1.));
#4259 = ( GEOMETRIC_REPRESENTATION_CONTEXT(2) 
PARAMETRIC_REPRESENTATION_CONTEXT() REPRESENTATION_CONTEXT('2D SPACE',''
  ) );
#4260 = PCURVE('',#4261,#4266);
#4261 = PLANE('',#4262);
#4262 = AXIS2_PLACEMENT_3D('',#4263,#4264,#4265);
#4263 = CARTESIAN_POINT('',(2.63,-0.635,0.19));
#4264 = DIRECTION('',(0.,0.,1.));
#4265 = DIRECTION('',(1.,0.,0.));
#4266 = DEFINITIONAL_REPRESENTATION('',(#4267),#4271);
#4267 = LINE('',#4268,#4269);
#4268 = CARTESIAN_POINT('',(0.3675,-0.205));
#4269 = VECTOR('',#4270,1.);
#4270 = DIRECTION('',(0.,1.));
#4271 = ( GEOMETRIC_REPRESENTATION_CONTEXT(2) 
PARAMETRIC_REPRESENTATION_CONTEXT() REPRESENTATION_CONTEXT('2D SPACE',''
  ) );
#4272 = ORIENTED_EDGE('',*,*,#4273,.T.);
#4273 = EDGE_CURVE('',#4244,#4168,#4274,.T.);
#4274 = SURFACE_CURVE('',#4275,(#4279,#4286),.PCURVE_S1.);
#4275 = LINE('',#4276,#4277);
#4276 = CARTESIAN_POINT('',(2.9975,-0.84,0.19));
#4277 = VECTOR('',#4278,1.);
#4278 = DIRECTION('',(0.,0.,-1.));
#4279 = PCURVE('',#4185,#4280);
#4280 = DEFINITIONAL_REPRESENTATION('',(#4281),#4285);
#4281 = LINE('',#4282,#4283);
#4282 = CARTESIAN_POINT('',(0.,-0.205));
#4283 = VECTOR('',#4284,1.);
#4284 = DIRECTION('',(1.,0.));
#4285 = ( GEOMETRIC_REPRESENTATION_CONTEXT(2) 
PARAMETRIC_REPRESENTATION_CONTEXT() REPRESENTATION_CONTEXT('2D SPACE',''
  ) );
#4286 = PCURVE('',#3842,#4287);
#4287 = DEFINITIONAL_REPRESENTATION('',(#4288),#4292);
#4288 = LINE('',#4289,#4290);
#4289 = CARTESIAN_POINT('',(-8.661350146282E-02,0.545254821792));
#4290 = VECTOR('',#4291,1.);
#4291 = DIRECTION('',(-1.,0.));
#4292 = ( GEOMETRIC_REPRESENTATION_CONTEXT(2) 
PARAMETRIC_REPRESENTATION_CONTEXT() REPRESENTATION_CONTEXT('2D SPACE',''
  ) );
#4293 = ORIENTED_EDGE('',*,*,#4167,.T.);
#4294 = ORIENTED_EDGE('',*,*,#4295,.F.);
#4295 = EDGE_CURVE('',#4246,#4170,#4296,.T.);
#4296 = SURFACE_CURVE('',#4297,(#4301,#4308),.PCURVE_S1.);
#4297 = LINE('',#4298,#4299);
#4298 = CARTESIAN_POINT('',(2.9975,-0.43,0.19));
#4299 = VECTOR('',#4300,1.);
#4300 = DIRECTION('',(0.,0.,-1.));
#4301 = PCURVE('',#4185,#4302);
#4302 = DEFINITIONAL_REPRESENTATION('',(#4303),#4307);
#4303 = LINE('',#4304,#4305);
#4304 = CARTESIAN_POINT('',(0.,0.205));
#4305 = VECTOR('',#4306,1.);
#4306 = DIRECTION('',(1.,0.));
#4307 = ( GEOMETRIC_REPRESENTATION_CONTEXT(2) 
PARAMETRIC_REPRESENTATION_CONTEXT() REPRESENTATION_CONTEXT('2D SPACE',''
  ) );
#4308 = PCURVE('',#3898,#4309);
#4309 = DEFINITIONAL_REPRESENTATION('',(#4310),#4314);
#4310 = LINE('',#4311,#4312);
#4311 = CARTESIAN_POINT('',(-8.661350146282E-02,0.545254821792));
#4312 = VECTOR('',#4313,1.);
#4313 = DIRECTION('',(-1.,0.));
#4314 = ( GEOMETRIC_REPRESENTATION_CONTEXT(2) 
PARAMETRIC_REPRESENTATION_CONTEXT() REPRESENTATION_CONTEXT('2D SPACE',''
  ) );
#4315 = ADVANCED_FACE('',(#4316),#4261,.T.);
#4316 = FACE_BOUND('',#4317,.T.);
#4317 = EDGE_LOOP('',(#4318,#4343,#4364,#4365));
#4318 = ORIENTED_EDGE('',*,*,#4319,.F.);
#4319 = EDGE_CURVE('',#4320,#4322,#4324,.T.);
#4320 = VERTEX_POINT('',#4321);
#4321 = CARTESIAN_POINT('',(2.63,-0.84,0.19));
#4322 = VERTEX_POINT('',#4323);
#4323 = CARTESIAN_POINT('',(2.63,-0.43,0.19));
#4324 = SURFACE_CURVE('',#4325,(#4329,#4336),.PCURVE_S1.);
#4325 = LINE('',#4326,#4327);
#4326 = CARTESIAN_POINT('',(2.63,-0.84,0.19));
#4327 = VECTOR('',#4328,1.);
#4328 = DIRECTION('',(0.,1.,0.));
#4329 = PCURVE('',#4261,#4330);
#4330 = DEFINITIONAL_REPRESENTATION('',(#4331),#4335);
#4331 = LINE('',#4332,#4333);
#4332 = CARTESIAN_POINT('',(0.,-0.205));
#4333 = VECTOR('',#4334,1.);
#4334 = DIRECTION('',(0.,1.));
#4335 = ( GEOMETRIC_REPRESENTATION_CONTEXT(2) 
PARAMETRIC_REPRESENTATION_CONTEXT() REPRESENTATION_CONTEXT('2D SPACE',''
  ) );
#4336 = PCURVE('',#3870,#4337);
#4337 = DEFINITIONAL_REPRESENTATION('',(#4338),#4342);
#4338 = LINE('',#4339,#4340);
#4339 = CARTESIAN_POINT('',(0.659436312315,-0.205));
#4340 = VECTOR('',#4341,1.);
#4341 = DIRECTION('',(0.,1.));
#4342 = ( GEOMETRIC_REPRESENTATION_CONTEXT(2) 
PARAMETRIC_REPRESENTATION_CONTEXT() REPRESENTATION_CONTEXT('2D SPACE',''
  ) );
#4343 = ORIENTED_EDGE('',*,*,#4344,.T.);
#4344 = EDGE_CURVE('',#4320,#4244,#4345,.T.);
#4345 = SURFACE_CURVE('',#4346,(#4350,#4357),.PCURVE_S1.);
#4346 = LINE('',#4347,#4348);
#4347 = CARTESIAN_POINT('',(2.63,-0.84,0.19));
#4348 = VECTOR('',#4349,1.);
#4349 = DIRECTION('',(1.,0.,0.));
#4350 = PCURVE('',#4261,#4351);
#4351 = DEFINITIONAL_REPRESENTATION('',(#4352),#4356);
#4352 = LINE('',#4353,#4354);
#4353 = CARTESIAN_POINT('',(0.,-0.205));
#4354 = VECTOR('',#4355,1.);
#4355 = DIRECTION('',(1.,0.));
#4356 = ( GEOMETRIC_REPRESENTATION_CONTEXT(2) 
PARAMETRIC_REPRESENTATION_CONTEXT() REPRESENTATION_CONTEXT('2D SPACE',''
  ) );
#4357 = PCURVE('',#3842,#4358);
#4358 = DEFINITIONAL_REPRESENTATION('',(#4359),#4363);
#4359 = LINE('',#4360,#4361);
#4360 = CARTESIAN_POINT('',(-8.661350146282E-02,0.177754821792));
#4361 = VECTOR('',#4362,1.);
#4362 = DIRECTION('',(0.,1.));
#4363 = ( GEOMETRIC_REPRESENTATION_CONTEXT(2) 
PARAMETRIC_REPRESENTATION_CONTEXT() REPRESENTATION_CONTEXT('2D SPACE',''
  ) );
#4364 = ORIENTED_EDGE('',*,*,#4243,.T.);
#4365 = ORIENTED_EDGE('',*,*,#4366,.F.);
#4366 = EDGE_CURVE('',#4322,#4246,#4367,.T.);
#4367 = SURFACE_CURVE('',#4368,(#4372,#4379),.PCURVE_S1.);
#4368 = LINE('',#4369,#4370);
#4369 = CARTESIAN_POINT('',(2.63,-0.43,0.19));
#4370 = VECTOR('',#4371,1.);
#4371 = DIRECTION('',(1.,0.,0.));
#4372 = PCURVE('',#4261,#4373);
#4373 = DEFINITIONAL_REPRESENTATION('',(#4374),#4378);
#4374 = LINE('',#4375,#4376);
#4375 = CARTESIAN_POINT('',(0.,0.205));
#4376 = VECTOR('',#4377,1.);
#4377 = DIRECTION('',(1.,0.));
#4378 = ( GEOMETRIC_REPRESENTATION_CONTEXT(2) 
PARAMETRIC_REPRESENTATION_CONTEXT() REPRESENTATION_CONTEXT('2D SPACE',''
  ) );
#4379 = PCURVE('',#3898,#4380);
#4380 = DEFINITIONAL_REPRESENTATION('',(#4381),#4385);
#4381 = LINE('',#4382,#4383);
#4382 = CARTESIAN_POINT('',(-8.661350146282E-02,0.177754821792));
#4383 = VECTOR('',#4384,1.);
#4384 = DIRECTION('',(0.,1.));
#4385 = ( GEOMETRIC_REPRESENTATION_CONTEXT(2) 
PARAMETRIC_REPRESENTATION_CONTEXT() REPRESENTATION_CONTEXT('2D SPACE',''
  ) );
#4386 = ADVANCED_FACE('',(#4387),#3898,.T.);
#4387 = FACE_BOUND('',#4388,.T.);
#4388 = EDGE_LOOP('',(#4389,#4390,#4411,#4412,#4413,#4414,#4415,#4416));
#4389 = ORIENTED_EDGE('',*,*,#3882,.T.);
#4390 = ORIENTED_EDGE('',*,*,#4391,.T.);
#4391 = EDGE_CURVE('',#3855,#4322,#4392,.T.);
#4392 = SURFACE_CURVE('',#4393,(#4397,#4404),.PCURVE_S1.);
#4393 = LINE('',#4394,#4395);
#4394 = CARTESIAN_POINT('',(2.1575,-0.43,0.65));
#4395 = VECTOR('',#4396,1.);
#4396 = DIRECTION('',(0.716521051656,0.,-0.697565468278));
#4397 = PCURVE('',#3898,#4398);
#4398 = DEFINITIONAL_REPRESENTATION('',(#4399),#4403);
#4399 = LINE('',#4400,#4401);
#4400 = CARTESIAN_POINT('',(0.373386498537,-0.294745178208));
#4401 = VECTOR('',#4402,1.);
#4402 = DIRECTION('',(-0.697565468278,0.716521051656));
#4403 = ( GEOMETRIC_REPRESENTATION_CONTEXT(2) 
PARAMETRIC_REPRESENTATION_CONTEXT() REPRESENTATION_CONTEXT('2D SPACE',''
  ) );
#4404 = PCURVE('',#3870,#4405);
#4405 = DEFINITIONAL_REPRESENTATION('',(#4406),#4410);
#4406 = LINE('',#4407,#4408);
#4407 = CARTESIAN_POINT('',(0.,0.205));
#4408 = VECTOR('',#4409,1.);
#4409 = DIRECTION('',(1.,0.));
#4410 = ( GEOMETRIC_REPRESENTATION_CONTEXT(2) 
PARAMETRIC_REPRESENTATION_CONTEXT() REPRESENTATION_CONTEXT('2D SPACE',''
  ) );
#4411 = ORIENTED_EDGE('',*,*,#4366,.T.);
#4412 = ORIENTED_EDGE('',*,*,#4295,.T.);
#4413 = ORIENTED_EDGE('',*,*,#4219,.T.);
#4414 = ORIENTED_EDGE('',*,*,#4143,.T.);
#4415 = ORIENTED_EDGE('',*,*,#4039,.T.);
#4416 = ORIENTED_EDGE('',*,*,#3963,.T.);
#4417 = ADVANCED_FACE('',(#4418),#3870,.T.);
#4418 = FACE_BOUND('',#4419,.T.);
#4419 = EDGE_LOOP('',(#4420,#4421,#4442,#4443));
#4420 = ORIENTED_EDGE('',*,*,#3854,.F.);
#4421 = ORIENTED_EDGE('',*,*,#4422,.T.);
#4422 = EDGE_CURVE('',#3822,#4320,#4423,.T.);
#4423 = SURFACE_CURVE('',#4424,(#4428,#4435),.PCURVE_S1.);
#4424 = LINE('',#4425,#4426);
#4425 = CARTESIAN_POINT('',(2.1575,-0.84,0.65));
#4426 = VECTOR('',#4427,1.);
#4427 = DIRECTION('',(0.716521051656,0.,-0.697565468278));
#4428 = PCURVE('',#3870,#4429);
#4429 = DEFINITIONAL_REPRESENTATION('',(#4430),#4434);
#4430 = LINE('',#4431,#4432);
#4431 = CARTESIAN_POINT('',(0.,-0.205));
#4432 = VECTOR('',#4433,1.);
#4433 = DIRECTION('',(1.,0.));
#4434 = ( GEOMETRIC_REPRESENTATION_CONTEXT(2) 
PARAMETRIC_REPRESENTATION_CONTEXT() REPRESENTATION_CONTEXT('2D SPACE',''
  ) );
#4435 = PCURVE('',#3842,#4436);
#4436 = DEFINITIONAL_REPRESENTATION('',(#4437),#4441);
#4437 = LINE('',#4438,#4439);
#4438 = CARTESIAN_POINT('',(0.373386498537,-0.294745178208));
#4439 = VECTOR('',#4440,1.);
#4440 = DIRECTION('',(-0.697565468278,0.716521051656));
#4441 = ( GEOMETRIC_REPRESENTATION_CONTEXT(2) 
PARAMETRIC_REPRESENTATION_CONTEXT() REPRESENTATION_CONTEXT('2D SPACE',''
  ) );
#4442 = ORIENTED_EDGE('',*,*,#4319,.T.);
#4443 = ORIENTED_EDGE('',*,*,#4391,.F.);
#4444 = ADVANCED_FACE('',(#4445),#3842,.F.);
#4445 = FACE_BOUND('',#4446,.F.);
#4446 = EDGE_LOOP('',(#4447,#4448,#4449,#4450,#4451,#4452,#4453,#4454));
#4447 = ORIENTED_EDGE('',*,*,#3819,.T.);
#4448 = ORIENTED_EDGE('',*,*,#4422,.T.);
#4449 = ORIENTED_EDGE('',*,*,#4344,.T.);
#4450 = ORIENTED_EDGE('',*,*,#4273,.T.);
#4451 = ORIENTED_EDGE('',*,*,#4197,.T.);
#4452 = ORIENTED_EDGE('',*,*,#4121,.T.);
#4453 = ORIENTED_EDGE('',*,*,#4015,.T.);
#4454 = ORIENTED_EDGE('',*,*,#3939,.T.);
#4455 = ( GEOMETRIC_REPRESENTATION_CONTEXT(3) 
GLOBAL_UNCERTAINTY_ASSIGNED_CONTEXT((#4459)) 
GLOBAL_UNIT_ASSIGNED_CONTEXT((#4456,#4457,#4458)) REPRESENTATION_CONTEXT
('Context #1','3D Context with UNIT and UNCERTAINTY') );
#4456 = ( LENGTH_UNIT() NAMED_UNIT(*) SI_UNIT(.MILLI.,.METRE.) );
#4457 = ( NAMED_UNIT(*) PLANE_ANGLE_UNIT() SI_UNIT($,.RADIAN.) );
#4458 = ( NAMED_UNIT(*) SI_UNIT($,.STERADIAN.) SOLID_ANGLE_UNIT() );
#4459 = UNCERTAINTY_MEASURE_WITH_UNIT(LENGTH_MEASURE(1.E-07),#4456,
  'distance_accuracy_value','confusion accuracy');
#4460 = CONTEXT_DEPENDENT_SHAPE_REPRESENTATION(#4461,#4463);
#4461 = ( REPRESENTATION_RELATIONSHIP('','',#3812,#10) 
REPRESENTATION_RELATIONSHIP_WITH_TRANSFORMATION(#4462) 
SHAPE_REPRESENTATION_RELATIONSHIP() );
#4462 = ITEM_DEFINED_TRANSFORMATION('','',#11,#39);
#4463 = PRODUCT_DEFINITION_SHAPE('Placement','Placement of an item',
  #4464);
#4464 = NEXT_ASSEMBLY_USAGE_OCCURRENCE('7','','',#5,#3807,$);
#4465 = PRODUCT_RELATED_PRODUCT_CATEGORY('part',$,(#3809));
#4466 = SHAPE_DEFINITION_REPRESENTATION(#4467,#4473);
#4467 = PRODUCT_DEFINITION_SHAPE('','',#4468);
#4468 = PRODUCT_DEFINITION('design','',#4469,#4472);
#4469 = PRODUCT_DEFINITION_FORMATION('','',#4470);
#4470 = PRODUCT('Open CASCADE STEP translator 7.9 1.8',
  'Open CASCADE STEP translator 7.9 1.8','',(#4471));
#4471 = PRODUCT_CONTEXT('',#2,'mechanical');
#4472 = PRODUCT_DEFINITION_CONTEXT('part definition',#2,'design');
#4473 = ADVANCED_BREP_SHAPE_REPRESENTATION('',(#11,#4474),#5116);
#4474 = MANIFOLD_SOLID_BREP('',#4475);
#4475 = CLOSED_SHELL('',(#4476,#4596,#4672,#4748,#4824,#4900,#4976,#5047
    ,#5078,#5105));
#4476 = ADVANCED_FACE('',(#4477),#4491,.T.);
#4477 = FACE_BOUND('',#4478,.T.);
#4478 = EDGE_LOOP('',(#4479,#4514,#4542,#4570));
#4479 = ORIENTED_EDGE('',*,*,#4480,.T.);
#4480 = EDGE_CURVE('',#4481,#4483,#4485,.T.);
#4481 = VERTEX_POINT('',#4482);
#4482 = CARTESIAN_POINT('',(1.9475,0.43,0.65));
#4483 = VERTEX_POINT('',#4484);
#4484 = CARTESIAN_POINT('',(2.1575,0.43,0.65));
#4485 = SURFACE_CURVE('',#4486,(#4490,#4502),.PCURVE_S1.);
#4486 = LINE('',#4487,#4488);
#4487 = CARTESIAN_POINT('',(1.9475,0.43,0.65));
#4488 = VECTOR('',#4489,1.);
#4489 = DIRECTION('',(1.,0.,0.));
#4490 = PCURVE('',#4491,#4496);
#4491 = PLANE('',#4492);
#4492 = AXIS2_PLACEMENT_3D('',#4493,#4494,#4495);
#4493 = CARTESIAN_POINT('',(1.9475,0.635,0.65));
#4494 = DIRECTION('',(0.,0.,1.));
#4495 = DIRECTION('',(1.,0.,0.));
#4496 = DEFINITIONAL_REPRESENTATION('',(#4497),#4501);
#4497 = LINE('',#4498,#4499);
#4498 = CARTESIAN_POINT('',(0.,-0.205));
#4499 = VECTOR('',#4500,1.);
#4500 = DIRECTION('',(1.,0.));
#4501 = ( GEOMETRIC_REPRESENTATION_CONTEXT(2) 
PARAMETRIC_REPRESENTATION_CONTEXT() REPRESENTATION_CONTEXT('2D SPACE',''
  ) );
#4502 = PCURVE('',#4503,#4508);
#4503 = PLANE('',#4504);
#4504 = AXIS2_PLACEMENT_3D('',#4505,#4506,#4507);
#4505 = CARTESIAN_POINT('',(2.452245178208,0.43,0.276613501463));
#4506 = DIRECTION('',(0.,1.,0.));
#4507 = DIRECTION('',(0.,0.,1.));
#4508 = DEFINITIONAL_REPRESENTATION('',(#4509),#4513);
#4509 = LINE('',#4510,#4511);
#4510 = CARTESIAN_POINT('',(0.373386498537,-0.504745178208));
#4511 = VECTOR('',#4512,1.);
#4512 = DIRECTION('',(0.,1.));
#4513 = ( GEOMETRIC_REPRESENTATION_CONTEXT(2) 
PARAMETRIC_REPRESENTATION_CONTEXT() REPRESENTATION_CONTEXT('2D SPACE',''
  ) );
#4514 = ORIENTED_EDGE('',*,*,#4515,.T.);
#4515 = EDGE_CURVE('',#4483,#4516,#4518,.T.);
#4516 = VERTEX_POINT('',#4517);
#4517 = CARTESIAN_POINT('',(2.1575,0.84,0.65));
#4518 = SURFACE_CURVE('',#4519,(#4523,#4530),.PCURVE_S1.);
#4519 = LINE('',#4520,#4521);
#4520 = CARTESIAN_POINT('',(2.1575,0.43,0.65));
#4521 = VECTOR('',#4522,1.);
#4522 = DIRECTION('',(0.,1.,0.));
#4523 = PCURVE('',#4491,#4524);
#4524 = DEFINITIONAL_REPRESENTATION('',(#4525),#4529);
#4525 = LINE('',#4526,#4527);
#4526 = CARTESIAN_POINT('',(0.21,-0.205));
#4527 = VECTOR('',#4528,1.);
#4528 = DIRECTION('',(0.,1.));
#4529 = ( GEOMETRIC_REPRESENTATION_CONTEXT(2) 
PARAMETRIC_REPRESENTATION_CONTEXT() REPRESENTATION_CONTEXT('2D SPACE',''
  ) );
#4530 = PCURVE('',#4531,#4536);
#4531 = PLANE('',#4532);
#4532 = AXIS2_PLACEMENT_3D('',#4533,#4534,#4535);
#4533 = CARTESIAN_POINT('',(2.1575,0.635,0.65));
#4534 = DIRECTION('',(0.697565468278,0.,0.716521051656));
#4535 = DIRECTION('',(0.716521051656,0.,-0.697565468278));
#4536 = DEFINITIONAL_REPRESENTATION('',(#4537),#4541);
#4537 = LINE('',#4538,#4539);
#4538 = CARTESIAN_POINT('',(0.,-0.205));
#4539 = VECTOR('',#4540,1.);
#4540 = DIRECTION('',(0.,1.));
#4541 = ( GEOMETRIC_REPRESENTATION_CONTEXT(2) 
PARAMETRIC_REPRESENTATION_CONTEXT() REPRESENTATION_CONTEXT('2D SPACE',''
  ) );
#4542 = ORIENTED_EDGE('',*,*,#4543,.F.);
#4543 = EDGE_CURVE('',#4544,#4516,#4546,.T.);
#4544 = VERTEX_POINT('',#4545);
#4545 = CARTESIAN_POINT('',(1.9475,0.84,0.65));
#4546 = SURFACE_CURVE('',#4547,(#4551,#4558),.PCURVE_S1.);
#4547 = LINE('',#4548,#4549);
#4548 = CARTESIAN_POINT('',(1.9475,0.84,0.65));
#4549 = VECTOR('',#4550,1.);
#4550 = DIRECTION('',(1.,0.,0.));
#4551 = PCURVE('',#4491,#4552);
#4552 = DEFINITIONAL_REPRESENTATION('',(#4553),#4557);
#4553 = LINE('',#4554,#4555);
#4554 = CARTESIAN_POINT('',(0.,0.205));
#4555 = VECTOR('',#4556,1.);
#4556 = DIRECTION('',(1.,0.));
#4557 = ( GEOMETRIC_REPRESENTATION_CONTEXT(2) 
PARAMETRIC_REPRESENTATION_CONTEXT() REPRESENTATION_CONTEXT('2D SPACE',''
  ) );
#4558 = PCURVE('',#4559,#4564);
#4559 = PLANE('',#4560);
#4560 = AXIS2_PLACEMENT_3D('',#4561,#4562,#4563);
#4561 = CARTESIAN_POINT('',(2.452245178208,0.84,0.276613501463));
#4562 = DIRECTION('',(0.,1.,0.));
#4563 = DIRECTION('',(0.,0.,1.));
#4564 = DEFINITIONAL_REPRESENTATION('',(#4565),#4569);
#4565 = LINE('',#4566,#4567);
#4566 = CARTESIAN_POINT('',(0.373386498537,-0.504745178208));
#4567 = VECTOR('',#4568,1.);
#4568 = DIRECTION('',(0.,1.));
#4569 = ( GEOMETRIC_REPRESENTATION_CONTEXT(2) 
PARAMETRIC_REPRESENTATION_CONTEXT() REPRESENTATION_CONTEXT('2D SPACE',''
  ) );
#4570 = ORIENTED_EDGE('',*,*,#4571,.T.);
#4571 = EDGE_CURVE('',#4544,#4481,#4572,.T.);
#4572 = SURFACE_CURVE('',#4573,(#4577,#4584),.PCURVE_S1.);
#4573 = LINE('',#4574,#4575);
#4574 = CARTESIAN_POINT('',(1.9475,0.84,0.65));
#4575 = VECTOR('',#4576,1.);
#4576 = DIRECTION('',(0.,-1.,0.));
#4577 = PCURVE('',#4491,#4578);
#4578 = DEFINITIONAL_REPRESENTATION('',(#4579),#4583);
#4579 = LINE('',#4580,#4581);
#4580 = CARTESIAN_POINT('',(0.,0.205));
#4581 = VECTOR('',#4582,1.);
#4582 = DIRECTION('',(0.,-1.));
#4583 = ( GEOMETRIC_REPRESENTATION_CONTEXT(2) 
PARAMETRIC_REPRESENTATION_CONTEXT() REPRESENTATION_CONTEXT('2D SPACE',''
  ) );
#4584 = PCURVE('',#4585,#4590);
#4585 = PLANE('',#4586);
#4586 = AXIS2_PLACEMENT_3D('',#4587,#4588,#4589);
#4587 = CARTESIAN_POINT('',(1.9475,0.635,0.46));
#4588 = DIRECTION('',(-1.,0.,0.));
#4589 = DIRECTION('',(0.,0.,1.));
#4590 = DEFINITIONAL_REPRESENTATION('',(#4591),#4595);
#4591 = LINE('',#4592,#4593);
#4592 = CARTESIAN_POINT('',(0.19,0.205));
#4593 = VECTOR('',#4594,1.);
#4594 = DIRECTION('',(0.,-1.));
#4595 = ( GEOMETRIC_REPRESENTATION_CONTEXT(2) 
PARAMETRIC_REPRESENTATION_CONTEXT() REPRESENTATION_CONTEXT('2D SPACE',''
  ) );
#4596 = ADVANCED_FACE('',(#4597),#4585,.T.);
#4597 = FACE_BOUND('',#4598,.T.);
#4598 = EDGE_LOOP('',(#4599,#4622,#4623,#4646));
#4599 = ORIENTED_EDGE('',*,*,#4600,.T.);
#4600 = EDGE_CURVE('',#4601,#4481,#4603,.T.);
#4601 = VERTEX_POINT('',#4602);
#4602 = CARTESIAN_POINT('',(1.9475,0.43,0.46));
#4603 = SURFACE_CURVE('',#4604,(#4608,#4615),.PCURVE_S1.);
#4604 = LINE('',#4605,#4606);
#4605 = CARTESIAN_POINT('',(1.9475,0.43,0.46));
#4606 = VECTOR('',#4607,1.);
#4607 = DIRECTION('',(0.,0.,1.));
#4608 = PCURVE('',#4585,#4609);
#4609 = DEFINITIONAL_REPRESENTATION('',(#4610),#4614);
#4610 = LINE('',#4611,#4612);
#4611 = CARTESIAN_POINT('',(0.,-0.205));
#4612 = VECTOR('',#4613,1.);
#4613 = DIRECTION('',(1.,0.));
#4614 = ( GEOMETRIC_REPRESENTATION_CONTEXT(2) 
PARAMETRIC_REPRESENTATION_CONTEXT() REPRESENTATION_CONTEXT('2D SPACE',''
  ) );
#4615 = PCURVE('',#4503,#4616);
#4616 = DEFINITIONAL_REPRESENTATION('',(#4617),#4621);
#4617 = LINE('',#4618,#4619);
#4618 = CARTESIAN_POINT('',(0.183386498537,-0.504745178208));
#4619 = VECTOR('',#4620,1.);
#4620 = DIRECTION('',(1.,0.));
#4621 = ( GEOMETRIC_REPRESENTATION_CONTEXT(2) 
PARAMETRIC_REPRESENTATION_CONTEXT() REPRESENTATION_CONTEXT('2D SPACE',''
  ) );
#4622 = ORIENTED_EDGE('',*,*,#4571,.F.);
#4623 = ORIENTED_EDGE('',*,*,#4624,.F.);
#4624 = EDGE_CURVE('',#4625,#4544,#4627,.T.);
#4625 = VERTEX_POINT('',#4626);
#4626 = CARTESIAN_POINT('',(1.9475,0.84,0.46));
#4627 = SURFACE_CURVE('',#4628,(#4632,#4639),.PCURVE_S1.);
#4628 = LINE('',#4629,#4630);
#4629 = CARTESIAN_POINT('',(1.9475,0.84,0.46));
#4630 = VECTOR('',#4631,1.);
#4631 = DIRECTION('',(0.,0.,1.));
#4632 = PCURVE('',#4585,#4633);
#4633 = DEFINITIONAL_REPRESENTATION('',(#4634),#4638);
#4634 = LINE('',#4635,#4636);
#4635 = CARTESIAN_POINT('',(0.,0.205));
#4636 = VECTOR('',#4637,1.);
#4637 = DIRECTION('',(1.,0.));
#4638 = ( GEOMETRIC_REPRESENTATION_CONTEXT(2) 
PARAMETRIC_REPRESENTATION_CONTEXT() REPRESENTATION_CONTEXT('2D SPACE',''
  ) );
#4639 = PCURVE('',#4559,#4640);
#4640 = DEFINITIONAL_REPRESENTATION('',(#4641),#4645);
#4641 = LINE('',#4642,#4643);
#4642 = CARTESIAN_POINT('',(0.183386498537,-0.504745178208));
#4643 = VECTOR('',#4644,1.);
#4644 = DIRECTION('',(1.,0.));
#4645 = ( GEOMETRIC_REPRESENTATION_CONTEXT(2) 
PARAMETRIC_REPRESENTATION_CONTEXT() REPRESENTATION_CONTEXT('2D SPACE',''
  ) );
#4646 = ORIENTED_EDGE('',*,*,#4647,.T.);
#4647 = EDGE_CURVE('',#4625,#4601,#4648,.T.);
#4648 = SURFACE_CURVE('',#4649,(#4653,#4660),.PCURVE_S1.);
#4649 = LINE('',#4650,#4651);
#4650 = CARTESIAN_POINT('',(1.9475,0.84,0.46));
#4651 = VECTOR('',#4652,1.);
#4652 = DIRECTION('',(0.,-1.,0.));
#4653 = PCURVE('',#4585,#4654);
#4654 = DEFINITIONAL_REPRESENTATION('',(#4655),#4659);
#4655 = LINE('',#4656,#4657);
#4656 = CARTESIAN_POINT('',(0.,0.205));
#4657 = VECTOR('',#4658,1.);
#4658 = DIRECTION('',(0.,-1.));
#4659 = ( GEOMETRIC_REPRESENTATION_CONTEXT(2) 
PARAMETRIC_REPRESENTATION_CONTEXT() REPRESENTATION_CONTEXT('2D SPACE',''
  ) );
#4660 = PCURVE('',#4661,#4666);
#4661 = PLANE('',#4662);
#4662 = AXIS2_PLACEMENT_3D('',#4663,#4664,#4665);
#4663 = CARTESIAN_POINT('',(2.0315,0.635,0.46));
#4664 = DIRECTION('',(-0.,-0.,-1.));
#4665 = DIRECTION('',(-1.,0.,0.));
#4666 = DEFINITIONAL_REPRESENTATION('',(#4667),#4671);
#4667 = LINE('',#4668,#4669);
#4668 = CARTESIAN_POINT('',(8.4E-02,0.205));
#4669 = VECTOR('',#4670,1.);
#4670 = DIRECTION('',(0.,-1.));
#4671 = ( GEOMETRIC_REPRESENTATION_CONTEXT(2) 
PARAMETRIC_REPRESENTATION_CONTEXT() REPRESENTATION_CONTEXT('2D SPACE',''
  ) );
#4672 = ADVANCED_FACE('',(#4673),#4661,.T.);
#4673 = FACE_BOUND('',#4674,.T.);
#4674 = EDGE_LOOP('',(#4675,#4698,#4699,#4722));
#4675 = ORIENTED_EDGE('',*,*,#4676,.T.);
#4676 = EDGE_CURVE('',#4677,#4601,#4679,.T.);
#4677 = VERTEX_POINT('',#4678);
#4678 = CARTESIAN_POINT('',(2.0315,0.43,0.46));
#4679 = SURFACE_CURVE('',#4680,(#4684,#4691),.PCURVE_S1.);
#4680 = LINE('',#4681,#4682);
#4681 = CARTESIAN_POINT('',(2.0315,0.43,0.46));
#4682 = VECTOR('',#4683,1.);
#4683 = DIRECTION('',(-1.,0.,0.));
#4684 = PCURVE('',#4661,#4685);
#4685 = DEFINITIONAL_REPRESENTATION('',(#4686),#4690);
#4686 = LINE('',#4687,#4688);
#4687 = CARTESIAN_POINT('',(0.,-0.205));
#4688 = VECTOR('',#4689,1.);
#4689 = DIRECTION('',(1.,0.));
#4690 = ( GEOMETRIC_REPRESENTATION_CONTEXT(2) 
PARAMETRIC_REPRESENTATION_CONTEXT() REPRESENTATION_CONTEXT('2D SPACE',''
  ) );
#4691 = PCURVE('',#4503,#4692);
#4692 = DEFINITIONAL_REPRESENTATION('',(#4693),#4697);
#4693 = LINE('',#4694,#4695);
#4694 = CARTESIAN_POINT('',(0.183386498537,-0.420745178208));
#4695 = VECTOR('',#4696,1.);
#4696 = DIRECTION('',(0.,-1.));
#4697 = ( GEOMETRIC_REPRESENTATION_CONTEXT(2) 
PARAMETRIC_REPRESENTATION_CONTEXT() REPRESENTATION_CONTEXT('2D SPACE',''
  ) );
#4698 = ORIENTED_EDGE('',*,*,#4647,.F.);
#4699 = ORIENTED_EDGE('',*,*,#4700,.F.);
#4700 = EDGE_CURVE('',#4701,#4625,#4703,.T.);
#4701 = VERTEX_POINT('',#4702);
#4702 = CARTESIAN_POINT('',(2.0315,0.84,0.46));
#4703 = SURFACE_CURVE('',#4704,(#4708,#4715),.PCURVE_S1.);
#4704 = LINE('',#4705,#4706);
#4705 = CARTESIAN_POINT('',(2.0315,0.84,0.46));
#4706 = VECTOR('',#4707,1.);
#4707 = DIRECTION('',(-1.,0.,0.));
#4708 = PCURVE('',#4661,#4709);
#4709 = DEFINITIONAL_REPRESENTATION('',(#4710),#4714);
#4710 = LINE('',#4711,#4712);
#4711 = CARTESIAN_POINT('',(0.,0.205));
#4712 = VECTOR('',#4713,1.);
#4713 = DIRECTION('',(1.,0.));
#4714 = ( GEOMETRIC_REPRESENTATION_CONTEXT(2) 
PARAMETRIC_REPRESENTATION_CONTEXT() REPRESENTATION_CONTEXT('2D SPACE',''
  ) );
#4715 = PCURVE('',#4559,#4716);
#4716 = DEFINITIONAL_REPRESENTATION('',(#4717),#4721);
#4717 = LINE('',#4718,#4719);
#4718 = CARTESIAN_POINT('',(0.183386498537,-0.420745178208));
#4719 = VECTOR('',#4720,1.);
#4720 = DIRECTION('',(0.,-1.));
#4721 = ( GEOMETRIC_REPRESENTATION_CONTEXT(2) 
PARAMETRIC_REPRESENTATION_CONTEXT() REPRESENTATION_CONTEXT('2D SPACE',''
  ) );
#4722 = ORIENTED_EDGE('',*,*,#4723,.T.);
#4723 = EDGE_CURVE('',#4701,#4677,#4724,.T.);
#4724 = SURFACE_CURVE('',#4725,(#4729,#4736),.PCURVE_S1.);
#4725 = LINE('',#4726,#4727);
#4726 = CARTESIAN_POINT('',(2.0315,0.84,0.46));
#4727 = VECTOR('',#4728,1.);
#4728 = DIRECTION('',(0.,-1.,0.));
#4729 = PCURVE('',#4661,#4730);
#4730 = DEFINITIONAL_REPRESENTATION('',(#4731),#4735);
#4731 = LINE('',#4732,#4733);
#4732 = CARTESIAN_POINT('',(0.,0.205));
#4733 = VECTOR('',#4734,1.);
#4734 = DIRECTION('',(0.,-1.));
#4735 = ( GEOMETRIC_REPRESENTATION_CONTEXT(2) 
PARAMETRIC_REPRESENTATION_CONTEXT() REPRESENTATION_CONTEXT('2D SPACE',''
  ) );
#4736 = PCURVE('',#4737,#4742);
#4737 = PLANE('',#4738);
#4738 = AXIS2_PLACEMENT_3D('',#4739,#4740,#4741);
#4739 = CARTESIAN_POINT('',(2.4725,0.635,0.));
#4740 = DIRECTION('',(-0.721857539295,-0.,-0.692041684411));
#4741 = DIRECTION('',(-0.692041684411,0.,0.721857539295));
#4742 = DEFINITIONAL_REPRESENTATION('',(#4743),#4747);
#4743 = LINE('',#4744,#4745);
#4744 = CARTESIAN_POINT('',(0.637244850901,0.205));
#4745 = VECTOR('',#4746,1.);
#4746 = DIRECTION('',(0.,-1.));
#4747 = ( GEOMETRIC_REPRESENTATION_CONTEXT(2) 
PARAMETRIC_REPRESENTATION_CONTEXT() REPRESENTATION_CONTEXT('2D SPACE',''
  ) );
#4748 = ADVANCED_FACE('',(#4749),#4737,.T.);
#4749 = FACE_BOUND('',#4750,.T.);
#4750 = EDGE_LOOP('',(#4751,#4781,#4802,#4803));
#4751 = ORIENTED_EDGE('',*,*,#4752,.F.);
#4752 = EDGE_CURVE('',#4753,#4755,#4757,.T.);
#4753 = VERTEX_POINT('',#4754);
#4754 = CARTESIAN_POINT('',(2.4725,0.43,0.));
#4755 = VERTEX_POINT('',#4756);
#4756 = CARTESIAN_POINT('',(2.4725,0.84,0.));
#4757 = SURFACE_CURVE('',#4758,(#4762,#4769),.PCURVE_S1.);
#4758 = LINE('',#4759,#4760);
#4759 = CARTESIAN_POINT('',(2.4725,0.43,0.));
#4760 = VECTOR('',#4761,1.);
#4761 = DIRECTION('',(0.,1.,0.));
#4762 = PCURVE('',#4737,#4763);
#4763 = DEFINITIONAL_REPRESENTATION('',(#4764),#4768);
#4764 = LINE('',#4765,#4766);
#4765 = CARTESIAN_POINT('',(0.,-0.205));
#4766 = VECTOR('',#4767,1.);
#4767 = DIRECTION('',(0.,1.));
#4768 = ( GEOMETRIC_REPRESENTATION_CONTEXT(2) 
PARAMETRIC_REPRESENTATION_CONTEXT() REPRESENTATION_CONTEXT('2D SPACE',''
  ) );
#4769 = PCURVE('',#4770,#4775);
#4770 = PLANE('',#4771);
#4771 = AXIS2_PLACEMENT_3D('',#4772,#4773,#4774);
#4772 = CARTESIAN_POINT('',(2.9975,0.635,0.));
#4773 = DIRECTION('',(-0.,-0.,-1.));
#4774 = DIRECTION('',(-1.,0.,0.));
#4775 = DEFINITIONAL_REPRESENTATION('',(#4776),#4780);
#4776 = LINE('',#4777,#4778);
#4777 = CARTESIAN_POINT('',(0.525,-0.205));
#4778 = VECTOR('',#4779,1.);
#4779 = DIRECTION('',(0.,1.));
#4780 = ( GEOMETRIC_REPRESENTATION_CONTEXT(2) 
PARAMETRIC_REPRESENTATION_CONTEXT() REPRESENTATION_CONTEXT('2D SPACE',''
  ) );
#4781 = ORIENTED_EDGE('',*,*,#4782,.T.);
#4782 = EDGE_CURVE('',#4753,#4677,#4783,.T.);
#4783 = SURFACE_CURVE('',#4784,(#4788,#4795),.PCURVE_S1.);
#4784 = LINE('',#4785,#4786);
#4785 = CARTESIAN_POINT('',(2.4725,0.43,0.));
#4786 = VECTOR('',#4787,1.);
#4787 = DIRECTION('',(-0.692041684411,0.,0.721857539295));
#4788 = PCURVE('',#4737,#4789);
#4789 = DEFINITIONAL_REPRESENTATION('',(#4790),#4794);
#4790 = LINE('',#4791,#4792);
#4791 = CARTESIAN_POINT('',(0.,-0.205));
#4792 = VECTOR('',#4793,1.);
#4793 = DIRECTION('',(1.,0.));
#4794 = ( GEOMETRIC_REPRESENTATION_CONTEXT(2) 
PARAMETRIC_REPRESENTATION_CONTEXT() REPRESENTATION_CONTEXT('2D SPACE',''
  ) );
#4795 = PCURVE('',#4503,#4796);
#4796 = DEFINITIONAL_REPRESENTATION('',(#4797),#4801);
#4797 = LINE('',#4798,#4799);
#4798 = CARTESIAN_POINT('',(-0.276613501463,2.025482179178E-02));
#4799 = VECTOR('',#4800,1.);
#4800 = DIRECTION('',(0.721857539295,-0.692041684411));
#4801 = ( GEOMETRIC_REPRESENTATION_CONTEXT(2) 
PARAMETRIC_REPRESENTATION_CONTEXT() REPRESENTATION_CONTEXT('2D SPACE',''
  ) );
#4802 = ORIENTED_EDGE('',*,*,#4723,.F.);
#4803 = ORIENTED_EDGE('',*,*,#4804,.F.);
#4804 = EDGE_CURVE('',#4755,#4701,#4805,.T.);
#4805 = SURFACE_CURVE('',#4806,(#4810,#4817),.PCURVE_S1.);
#4806 = LINE('',#4807,#4808);
#4807 = CARTESIAN_POINT('',(2.4725,0.84,0.));
#4808 = VECTOR('',#4809,1.);
#4809 = DIRECTION('',(-0.692041684411,0.,0.721857539295));
#4810 = PCURVE('',#4737,#4811);
#4811 = DEFINITIONAL_REPRESENTATION('',(#4812),#4816);
#4812 = LINE('',#4813,#4814);
#4813 = CARTESIAN_POINT('',(0.,0.205));
#4814 = VECTOR('',#4815,1.);
#4815 = DIRECTION('',(1.,0.));
#4816 = ( GEOMETRIC_REPRESENTATION_CONTEXT(2) 
PARAMETRIC_REPRESENTATION_CONTEXT() REPRESENTATION_CONTEXT('2D SPACE',''
  ) );
#4817 = PCURVE('',#4559,#4818);
#4818 = DEFINITIONAL_REPRESENTATION('',(#4819),#4823);
#4819 = LINE('',#4820,#4821);
#4820 = CARTESIAN_POINT('',(-0.276613501463,2.025482179178E-02));
#4821 = VECTOR('',#4822,1.);
#4822 = DIRECTION('',(0.721857539295,-0.692041684411));
#4823 = ( GEOMETRIC_REPRESENTATION_CONTEXT(2) 
PARAMETRIC_REPRESENTATION_CONTEXT() REPRESENTATION_CONTEXT('2D SPACE',''
  ) );
#4824 = ADVANCED_FACE('',(#4825),#4770,.T.);
#4825 = FACE_BOUND('',#4826,.T.);
#4826 = EDGE_LOOP('',(#4827,#4857,#4878,#4879));
#4827 = ORIENTED_EDGE('',*,*,#4828,.F.);
#4828 = EDGE_CURVE('',#4829,#4831,#4833,.T.);
#4829 = VERTEX_POINT('',#4830);
#4830 = CARTESIAN_POINT('',(2.9975,0.43,0.));
#4831 = VERTEX_POINT('',#4832);
#4832 = CARTESIAN_POINT('',(2.9975,0.84,0.));
#4833 = SURFACE_CURVE('',#4834,(#4838,#4845),.PCURVE_S1.);
#4834 = LINE('',#4835,#4836);
#4835 = CARTESIAN_POINT('',(2.9975,0.43,0.));
#4836 = VECTOR('',#4837,1.);
#4837 = DIRECTION('',(0.,1.,0.));
#4838 = PCURVE('',#4770,#4839);
#4839 = DEFINITIONAL_REPRESENTATION('',(#4840),#4844);
#4840 = LINE('',#4841,#4842);
#4841 = CARTESIAN_POINT('',(0.,-0.205));
#4842 = VECTOR('',#4843,1.);
#4843 = DIRECTION('',(0.,1.));
#4844 = ( GEOMETRIC_REPRESENTATION_CONTEXT(2) 
PARAMETRIC_REPRESENTATION_CONTEXT() REPRESENTATION_CONTEXT('2D SPACE',''
  ) );
#4845 = PCURVE('',#4846,#4851);
#4846 = PLANE('',#4847);
#4847 = AXIS2_PLACEMENT_3D('',#4848,#4849,#4850);
#4848 = CARTESIAN_POINT('',(2.9975,0.635,0.19));
#4849 = DIRECTION('',(1.,0.,0.));
#4850 = DIRECTION('',(0.,0.,-1.));
#4851 = DEFINITIONAL_REPRESENTATION('',(#4852),#4856);
#4852 = LINE('',#4853,#4854);
#4853 = CARTESIAN_POINT('',(0.19,-0.205));
#4854 = VECTOR('',#4855,1.);
#4855 = DIRECTION('',(0.,1.));
#4856 = ( GEOMETRIC_REPRESENTATION_CONTEXT(2) 
PARAMETRIC_REPRESENTATION_CONTEXT() REPRESENTATION_CONTEXT('2D SPACE',''
  ) );
#4857 = ORIENTED_EDGE('',*,*,#4858,.T.);
#4858 = EDGE_CURVE('',#4829,#4753,#4859,.T.);
#4859 = SURFACE_CURVE('',#4860,(#4864,#4871),.PCURVE_S1.);
#4860 = LINE('',#4861,#4862);
#4861 = CARTESIAN_POINT('',(2.9975,0.43,0.));
#4862 = VECTOR('',#4863,1.);
#4863 = DIRECTION('',(-1.,0.,0.));
#4864 = PCURVE('',#4770,#4865);
#4865 = DEFINITIONAL_REPRESENTATION('',(#4866),#4870);
#4866 = LINE('',#4867,#4868);
#4867 = CARTESIAN_POINT('',(0.,-0.205));
#4868 = VECTOR('',#4869,1.);
#4869 = DIRECTION('',(1.,0.));
#4870 = ( GEOMETRIC_REPRESENTATION_CONTEXT(2) 
PARAMETRIC_REPRESENTATION_CONTEXT() REPRESENTATION_CONTEXT('2D SPACE',''
  ) );
#4871 = PCURVE('',#4503,#4872);
#4872 = DEFINITIONAL_REPRESENTATION('',(#4873),#4877);
#4873 = LINE('',#4874,#4875);
#4874 = CARTESIAN_POINT('',(-0.276613501463,0.545254821792));
#4875 = VECTOR('',#4876,1.);
#4876 = DIRECTION('',(0.,-1.));
#4877 = ( GEOMETRIC_REPRESENTATION_CONTEXT(2) 
PARAMETRIC_REPRESENTATION_CONTEXT() REPRESENTATION_CONTEXT('2D SPACE',''
  ) );
#4878 = ORIENTED_EDGE('',*,*,#4752,.T.);
#4879 = ORIENTED_EDGE('',*,*,#4880,.F.);
#4880 = EDGE_CURVE('',#4831,#4755,#4881,.T.);
#4881 = SURFACE_CURVE('',#4882,(#4886,#4893),.PCURVE_S1.);
#4882 = LINE('',#4883,#4884);
#4883 = CARTESIAN_POINT('',(2.9975,0.84,0.));
#4884 = VECTOR('',#4885,1.);
#4885 = DIRECTION('',(-1.,0.,0.));
#4886 = PCURVE('',#4770,#4887);
#4887 = DEFINITIONAL_REPRESENTATION('',(#4888),#4892);
#4888 = LINE('',#4889,#4890);
#4889 = CARTESIAN_POINT('',(0.,0.205));
#4890 = VECTOR('',#4891,1.);
#4891 = DIRECTION('',(1.,0.));
#4892 = ( GEOMETRIC_REPRESENTATION_CONTEXT(2) 
PARAMETRIC_REPRESENTATION_CONTEXT() REPRESENTATION_CONTEXT('2D SPACE',''
  ) );
#4893 = PCURVE('',#4559,#4894);
#4894 = DEFINITIONAL_REPRESENTATION('',(#4895),#4899);
#4895 = LINE('',#4896,#4897);
#4896 = CARTESIAN_POINT('',(-0.276613501463,0.545254821792));
#4897 = VECTOR('',#4898,1.);
#4898 = DIRECTION('',(0.,-1.));
#4899 = ( GEOMETRIC_REPRESENTATION_CONTEXT(2) 
PARAMETRIC_REPRESENTATION_CONTEXT() REPRESENTATION_CONTEXT('2D SPACE',''
  ) );
#4900 = ADVANCED_FACE('',(#4901),#4846,.T.);
#4901 = FACE_BOUND('',#4902,.T.);
#4902 = EDGE_LOOP('',(#4903,#4933,#4954,#4955));
#4903 = ORIENTED_EDGE('',*,*,#4904,.F.);
#4904 = EDGE_CURVE('',#4905,#4907,#4909,.T.);
#4905 = VERTEX_POINT('',#4906);
#4906 = CARTESIAN_POINT('',(2.9975,0.43,0.19));
#4907 = VERTEX_POINT('',#4908);
#4908 = CARTESIAN_POINT('',(2.9975,0.84,0.19));
#4909 = SURFACE_CURVE('',#4910,(#4914,#4921),.PCURVE_S1.);
#4910 = LINE('',#4911,#4912);
#4911 = CARTESIAN_POINT('',(2.9975,0.43,0.19));
#4912 = VECTOR('',#4913,1.);
#4913 = DIRECTION('',(0.,1.,0.));
#4914 = PCURVE('',#4846,#4915);
#4915 = DEFINITIONAL_REPRESENTATION('',(#4916),#4920);
#4916 = LINE('',#4917,#4918);
#4917 = CARTESIAN_POINT('',(0.,-0.205));
#4918 = VECTOR('',#4919,1.);
#4919 = DIRECTION('',(0.,1.));
#4920 = ( GEOMETRIC_REPRESENTATION_CONTEXT(2) 
PARAMETRIC_REPRESENTATION_CONTEXT() REPRESENTATION_CONTEXT('2D SPACE',''
  ) );
#4921 = PCURVE('',#4922,#4927);
#4922 = PLANE('',#4923);
#4923 = AXIS2_PLACEMENT_3D('',#4924,#4925,#4926);
#4924 = CARTESIAN_POINT('',(2.63,0.635,0.19));
#4925 = DIRECTION('',(0.,0.,1.));
#4926 = DIRECTION('',(1.,0.,0.));
#4927 = DEFINITIONAL_REPRESENTATION('',(#4928),#4932);
#4928 = LINE('',#4929,#4930);
#4929 = CARTESIAN_POINT('',(0.3675,-0.205));
#4930 = VECTOR('',#4931,1.);
#4931 = DIRECTION('',(0.,1.));
#4932 = ( GEOMETRIC_REPRESENTATION_CONTEXT(2) 
PARAMETRIC_REPRESENTATION_CONTEXT() REPRESENTATION_CONTEXT('2D SPACE',''
  ) );
#4933 = ORIENTED_EDGE('',*,*,#4934,.T.);
#4934 = EDGE_CURVE('',#4905,#4829,#4935,.T.);
#4935 = SURFACE_CURVE('',#4936,(#4940,#4947),.PCURVE_S1.);
#4936 = LINE('',#4937,#4938);
#4937 = CARTESIAN_POINT('',(2.9975,0.43,0.19));
#4938 = VECTOR('',#4939,1.);
#4939 = DIRECTION('',(0.,0.,-1.));
#4940 = PCURVE('',#4846,#4941);
#4941 = DEFINITIONAL_REPRESENTATION('',(#4942),#4946);
#4942 = LINE('',#4943,#4944);
#4943 = CARTESIAN_POINT('',(0.,-0.205));
#4944 = VECTOR('',#4945,1.);
#4945 = DIRECTION('',(1.,0.));
#4946 = ( GEOMETRIC_REPRESENTATION_CONTEXT(2) 
PARAMETRIC_REPRESENTATION_CONTEXT() REPRESENTATION_CONTEXT('2D SPACE',''
  ) );
#4947 = PCURVE('',#4503,#4948);
#4948 = DEFINITIONAL_REPRESENTATION('',(#4949),#4953);
#4949 = LINE('',#4950,#4951);
#4950 = CARTESIAN_POINT('',(-8.661350146282E-02,0.545254821792));
#4951 = VECTOR('',#4952,1.);
#4952 = DIRECTION('',(-1.,0.));
#4953 = ( GEOMETRIC_REPRESENTATION_CONTEXT(2) 
PARAMETRIC_REPRESENTATION_CONTEXT() REPRESENTATION_CONTEXT('2D SPACE',''
  ) );
#4954 = ORIENTED_EDGE('',*,*,#4828,.T.);
#4955 = ORIENTED_EDGE('',*,*,#4956,.F.);
#4956 = EDGE_CURVE('',#4907,#4831,#4957,.T.);
#4957 = SURFACE_CURVE('',#4958,(#4962,#4969),.PCURVE_S1.);
#4958 = LINE('',#4959,#4960);
#4959 = CARTESIAN_POINT('',(2.9975,0.84,0.19));
#4960 = VECTOR('',#4961,1.);
#4961 = DIRECTION('',(0.,0.,-1.));
#4962 = PCURVE('',#4846,#4963);
#4963 = DEFINITIONAL_REPRESENTATION('',(#4964),#4968);
#4964 = LINE('',#4965,#4966);
#4965 = CARTESIAN_POINT('',(0.,0.205));
#4966 = VECTOR('',#4967,1.);
#4967 = DIRECTION('',(1.,0.));
#4968 = ( GEOMETRIC_REPRESENTATION_CONTEXT(2) 
PARAMETRIC_REPRESENTATION_CONTEXT() REPRESENTATION_CONTEXT('2D SPACE',''
  ) );
#4969 = PCURVE('',#4559,#4970);
#4970 = DEFINITIONAL_REPRESENTATION('',(#4971),#4975);
#4971 = LINE('',#4972,#4973);
#4972 = CARTESIAN_POINT('',(-8.661350146282E-02,0.545254821792));
#4973 = VECTOR('',#4974,1.);
#4974 = DIRECTION('',(-1.,0.));
#4975 = ( GEOMETRIC_REPRESENTATION_CONTEXT(2) 
PARAMETRIC_REPRESENTATION_CONTEXT() REPRESENTATION_CONTEXT('2D SPACE',''
  ) );
#4976 = ADVANCED_FACE('',(#4977),#4922,.T.);
#4977 = FACE_BOUND('',#4978,.T.);
#4978 = EDGE_LOOP('',(#4979,#5004,#5025,#5026));
#4979 = ORIENTED_EDGE('',*,*,#4980,.F.);
#4980 = EDGE_CURVE('',#4981,#4983,#4985,.T.);
#4981 = VERTEX_POINT('',#4982);
#4982 = CARTESIAN_POINT('',(2.63,0.43,0.19));
#4983 = VERTEX_POINT('',#4984);
#4984 = CARTESIAN_POINT('',(2.63,0.84,0.19));
#4985 = SURFACE_CURVE('',#4986,(#4990,#4997),.PCURVE_S1.);
#4986 = LINE('',#4987,#4988);
#4987 = CARTESIAN_POINT('',(2.63,0.43,0.19));
#4988 = VECTOR('',#4989,1.);
#4989 = DIRECTION('',(0.,1.,0.));
#4990 = PCURVE('',#4922,#4991);
#4991 = DEFINITIONAL_REPRESENTATION('',(#4992),#4996);
#4992 = LINE('',#4993,#4994);
#4993 = CARTESIAN_POINT('',(0.,-0.205));
#4994 = VECTOR('',#4995,1.);
#4995 = DIRECTION('',(0.,1.));
#4996 = ( GEOMETRIC_REPRESENTATION_CONTEXT(2) 
PARAMETRIC_REPRESENTATION_CONTEXT() REPRESENTATION_CONTEXT('2D SPACE',''
  ) );
#4997 = PCURVE('',#4531,#4998);
#4998 = DEFINITIONAL_REPRESENTATION('',(#4999),#5003);
#4999 = LINE('',#5000,#5001);
#5000 = CARTESIAN_POINT('',(0.659436312315,-0.205));
#5001 = VECTOR('',#5002,1.);
#5002 = DIRECTION('',(0.,1.));
#5003 = ( GEOMETRIC_REPRESENTATION_CONTEXT(2) 
PARAMETRIC_REPRESENTATION_CONTEXT() REPRESENTATION_CONTEXT('2D SPACE',''
  ) );
#5004 = ORIENTED_EDGE('',*,*,#5005,.T.);
#5005 = EDGE_CURVE('',#4981,#4905,#5006,.T.);
#5006 = SURFACE_CURVE('',#5007,(#5011,#5018),.PCURVE_S1.);
#5007 = LINE('',#5008,#5009);
#5008 = CARTESIAN_POINT('',(2.63,0.43,0.19));
#5009 = VECTOR('',#5010,1.);
#5010 = DIRECTION('',(1.,0.,0.));
#5011 = PCURVE('',#4922,#5012);
#5012 = DEFINITIONAL_REPRESENTATION('',(#5013),#5017);
#5013 = LINE('',#5014,#5015);
#5014 = CARTESIAN_POINT('',(0.,-0.205));
#5015 = VECTOR('',#5016,1.);
#5016 = DIRECTION('',(1.,0.));
#5017 = ( GEOMETRIC_REPRESENTATION_CONTEXT(2) 
PARAMETRIC_REPRESENTATION_CONTEXT() REPRESENTATION_CONTEXT('2D SPACE',''
  ) );
#5018 = PCURVE('',#4503,#5019);
#5019 = DEFINITIONAL_REPRESENTATION('',(#5020),#5024);
#5020 = LINE('',#5021,#5022);
#5021 = CARTESIAN_POINT('',(-8.661350146282E-02,0.177754821792));
#5022 = VECTOR('',#5023,1.);
#5023 = DIRECTION('',(0.,1.));
#5024 = ( GEOMETRIC_REPRESENTATION_CONTEXT(2) 
PARAMETRIC_REPRESENTATION_CONTEXT() REPRESENTATION_CONTEXT('2D SPACE',''
  ) );
#5025 = ORIENTED_EDGE('',*,*,#4904,.T.);
#5026 = ORIENTED_EDGE('',*,*,#5027,.F.);
#5027 = EDGE_CURVE('',#4983,#4907,#5028,.T.);
#5028 = SURFACE_CURVE('',#5029,(#5033,#5040),.PCURVE_S1.);
#5029 = LINE('',#5030,#5031);
#5030 = CARTESIAN_POINT('',(2.63,0.84,0.19));
#5031 = VECTOR('',#5032,1.);
#5032 = DIRECTION('',(1.,0.,0.));
#5033 = PCURVE('',#4922,#5034);
#5034 = DEFINITIONAL_REPRESENTATION('',(#5035),#5039);
#5035 = LINE('',#5036,#5037);
#5036 = CARTESIAN_POINT('',(0.,0.205));
#5037 = VECTOR('',#5038,1.);
#5038 = DIRECTION('',(1.,0.));
#5039 = ( GEOMETRIC_REPRESENTATION_CONTEXT(2) 
PARAMETRIC_REPRESENTATION_CONTEXT() REPRESENTATION_CONTEXT('2D SPACE',''
  ) );
#5040 = PCURVE('',#4559,#5041);
#5041 = DEFINITIONAL_REPRESENTATION('',(#5042),#5046);
#5042 = LINE('',#5043,#5044);
#5043 = CARTESIAN_POINT('',(-8.661350146282E-02,0.177754821792));
#5044 = VECTOR('',#5045,1.);
#5045 = DIRECTION('',(0.,1.));
#5046 = ( GEOMETRIC_REPRESENTATION_CONTEXT(2) 
PARAMETRIC_REPRESENTATION_CONTEXT() REPRESENTATION_CONTEXT('2D SPACE',''
  ) );
#5047 = ADVANCED_FACE('',(#5048),#4559,.T.);
#5048 = FACE_BOUND('',#5049,.T.);
#5049 = EDGE_LOOP('',(#5050,#5051,#5072,#5073,#5074,#5075,#5076,#5077));
#5050 = ORIENTED_EDGE('',*,*,#4543,.T.);
#5051 = ORIENTED_EDGE('',*,*,#5052,.T.);
#5052 = EDGE_CURVE('',#4516,#4983,#5053,.T.);
#5053 = SURFACE_CURVE('',#5054,(#5058,#5065),.PCURVE_S1.);
#5054 = LINE('',#5055,#5056);
#5055 = CARTESIAN_POINT('',(2.1575,0.84,0.65));
#5056 = VECTOR('',#5057,1.);
#5057 = DIRECTION('',(0.716521051656,0.,-0.697565468278));
#5058 = PCURVE('',#4559,#5059);
#5059 = DEFINITIONAL_REPRESENTATION('',(#5060),#5064);
#5060 = LINE('',#5061,#5062);
#5061 = CARTESIAN_POINT('',(0.373386498537,-0.294745178208));
#5062 = VECTOR('',#5063,1.);
#5063 = DIRECTION('',(-0.697565468278,0.716521051656));
#5064 = ( GEOMETRIC_REPRESENTATION_CONTEXT(2) 
PARAMETRIC_REPRESENTATION_CONTEXT() REPRESENTATION_CONTEXT('2D SPACE',''
  ) );
#5065 = PCURVE('',#4531,#5066);
#5066 = DEFINITIONAL_REPRESENTATION('',(#5067),#5071);
#5067 = LINE('',#5068,#5069);
#5068 = CARTESIAN_POINT('',(0.,0.205));
#5069 = VECTOR('',#5070,1.);
#5070 = DIRECTION('',(1.,0.));
#5071 = ( GEOMETRIC_REPRESENTATION_CONTEXT(2) 
PARAMETRIC_REPRESENTATION_CONTEXT() REPRESENTATION_CONTEXT('2D SPACE',''
  ) );
#5072 = ORIENTED_EDGE('',*,*,#5027,.T.);
#5073 = ORIENTED_EDGE('',*,*,#4956,.T.);
#5074 = ORIENTED_EDGE('',*,*,#4880,.T.);
#5075 = ORIENTED_EDGE('',*,*,#4804,.T.);
#5076 = ORIENTED_EDGE('',*,*,#4700,.T.);
#5077 = ORIENTED_EDGE('',*,*,#4624,.T.);
#5078 = ADVANCED_FACE('',(#5079),#4531,.T.);
#5079 = FACE_BOUND('',#5080,.T.);
#5080 = EDGE_LOOP('',(#5081,#5082,#5103,#5104));
#5081 = ORIENTED_EDGE('',*,*,#4515,.F.);
#5082 = ORIENTED_EDGE('',*,*,#5083,.T.);
#5083 = EDGE_CURVE('',#4483,#4981,#5084,.T.);
#5084 = SURFACE_CURVE('',#5085,(#5089,#5096),.PCURVE_S1.);
#5085 = LINE('',#5086,#5087);
#5086 = CARTESIAN_POINT('',(2.1575,0.43,0.65));
#5087 = VECTOR('',#5088,1.);
#5088 = DIRECTION('',(0.716521051656,0.,-0.697565468278));
#5089 = PCURVE('',#4531,#5090);
#5090 = DEFINITIONAL_REPRESENTATION('',(#5091),#5095);
#5091 = LINE('',#5092,#5093);
#5092 = CARTESIAN_POINT('',(0.,-0.205));
#5093 = VECTOR('',#5094,1.);
#5094 = DIRECTION('',(1.,0.));
#5095 = ( GEOMETRIC_REPRESENTATION_CONTEXT(2) 
PARAMETRIC_REPRESENTATION_CONTEXT() REPRESENTATION_CONTEXT('2D SPACE',''
  ) );
#5096 = PCURVE('',#4503,#5097);
#5097 = DEFINITIONAL_REPRESENTATION('',(#5098),#5102);
#5098 = LINE('',#5099,#5100);
#5099 = CARTESIAN_POINT('',(0.373386498537,-0.294745178208));
#5100 = VECTOR('',#5101,1.);
#5101 = DIRECTION('',(-0.697565468278,0.716521051656));
#5102 = ( GEOMETRIC_REPRESENTATION_CONTEXT(2) 
PARAMETRIC_REPRESENTATION_CONTEXT() REPRESENTATION_CONTEXT('2D SPACE',''
  ) );
#5103 = ORIENTED_EDGE('',*,*,#4980,.T.);
#5104 = ORIENTED_EDGE('',*,*,#5052,.F.);
#5105 = ADVANCED_FACE('',(#5106),#4503,.F.);
#5106 = FACE_BOUND('',#5107,.F.);
#5107 = EDGE_LOOP('',(#5108,#5109,#5110,#5111,#5112,#5113,#5114,#5115));
#5108 = ORIENTED_EDGE('',*,*,#4480,.T.);
#5109 = ORIENTED_EDGE('',*,*,#5083,.T.);
#5110 = ORIENTED_EDGE('',*,*,#5005,.T.);
#5111 = ORIENTED_EDGE('',*,*,#4934,.T.);
#5112 = ORIENTED_EDGE('',*,*,#4858,.T.);
#5113 = ORIENTED_EDGE('',*,*,#4782,.T.);
#5114 = ORIENTED_EDGE('',*,*,#4676,.T.);
#5115 = ORIENTED_EDGE('',*,*,#4600,.T.);
#5116 = ( GEOMETRIC_REPRESENTATION_CONTEXT(3) 
GLOBAL_UNCERTAINTY_ASSIGNED_CONTEXT((#5120)) 
GLOBAL_UNIT_ASSIGNED_CONTEXT((#5117,#5118,#5119)) REPRESENTATION_CONTEXT
('Context #1','3D Context with UNIT and UNCERTAINTY') );
#5117 = ( LENGTH_UNIT() NAMED_UNIT(*) SI_UNIT(.MILLI.,.METRE.) );
#5118 = ( NAMED_UNIT(*) PLANE_ANGLE_UNIT() SI_UNIT($,.RADIAN.) );
#5119 = ( NAMED_UNIT(*) SI_UNIT($,.STERADIAN.) SOLID_ANGLE_UNIT() );
#5120 = UNCERTAINTY_MEASURE_WITH_UNIT(LENGTH_MEASURE(1.E-07),#5117,
  'distance_accuracy_value','confusion accuracy');
#5121 = CONTEXT_DEPENDENT_SHAPE_REPRESENTATION(#5122,#5124);
#5122 = ( REPRESENTATION_RELATIONSHIP('','',#4473,#10) 
REPRESENTATION_RELATIONSHIP_WITH_TRANSFORMATION(#5123) 
SHAPE_REPRESENTATION_RELATIONSHIP() );
#5123 = ITEM_DEFINED_TRANSFORMATION('','',#11,#43);
#5124 = PRODUCT_DEFINITION_SHAPE('Placement','Placement of an item',
  #5125);
#5125 = NEXT_ASSEMBLY_USAGE_OCCURRENCE('8','','',#5,#4468,$);
#5126 = PRODUCT_RELATED_PRODUCT_CATEGORY('part',$,(#4470));
#5127 = SHAPE_DEFINITION_REPRESENTATION(#5128,#5134);
#5128 = PRODUCT_DEFINITION_SHAPE('','',#5129);
#5129 = PRODUCT_DEFINITION('design','',#5130,#5133);
#5130 = PRODUCT_DEFINITION_FORMATION('','',#5131);
#5131 = PRODUCT('Open CASCADE STEP translator 7.9 1.9',
  'Open CASCADE STEP translator 7.9 1.9','',(#5132));
#5132 = PRODUCT_CONTEXT('',#2,'mechanical');
#5133 = PRODUCT_DEFINITION_CONTEXT('part definition',#2,'design');
#5134 = ADVANCED_BREP_SHAPE_REPRESENTATION('',(#11,#5135),#5777);
#5135 = MANIFOLD_SOLID_BREP('',#5136);
#5136 = CLOSED_SHELL('',(#5137,#5257,#5333,#5409,#5485,#5561,#5637,#5708
    ,#5739,#5766));
#5137 = ADVANCED_FACE('',(#5138),#5152,.T.);
#5138 = FACE_BOUND('',#5139,.T.);
#5139 = EDGE_LOOP('',(#5140,#5175,#5203,#5231));
#5140 = ORIENTED_EDGE('',*,*,#5141,.T.);
#5141 = EDGE_CURVE('',#5142,#5144,#5146,.T.);
#5142 = VERTEX_POINT('',#5143);
#5143 = CARTESIAN_POINT('',(1.9475,1.7,0.65));
#5144 = VERTEX_POINT('',#5145);
#5145 = CARTESIAN_POINT('',(2.1575,1.7,0.65));
#5146 = SURFACE_CURVE('',#5147,(#5151,#5163),.PCURVE_S1.);
#5147 = LINE('',#5148,#5149);
#5148 = CARTESIAN_POINT('',(1.9475,1.7,0.65));
#5149 = VECTOR('',#5150,1.);
#5150 = DIRECTION('',(1.,0.,0.));
#5151 = PCURVE('',#5152,#5157);
#5152 = PLANE('',#5153);
#5153 = AXIS2_PLACEMENT_3D('',#5154,#5155,#5156);
#5154 = CARTESIAN_POINT('',(1.9475,1.905,0.65));
#5155 = DIRECTION('',(0.,0.,1.));
#5156 = DIRECTION('',(1.,0.,0.));
#5157 = DEFINITIONAL_REPRESENTATION('',(#5158),#5162);
#5158 = LINE('',#5159,#5160);
#5159 = CARTESIAN_POINT('',(0.,-0.205));
#5160 = VECTOR('',#5161,1.);
#5161 = DIRECTION('',(1.,0.));
#5162 = ( GEOMETRIC_REPRESENTATION_CONTEXT(2) 
PARAMETRIC_REPRESENTATION_CONTEXT() REPRESENTATION_CONTEXT('2D SPACE',''
  ) );
#5163 = PCURVE('',#5164,#5169);
#5164 = PLANE('',#5165);
#5165 = AXIS2_PLACEMENT_3D('',#5166,#5167,#5168);
#5166 = CARTESIAN_POINT('',(2.452245178208,1.7,0.276613501463));
#5167 = DIRECTION('',(0.,1.,0.));
#5168 = DIRECTION('',(0.,0.,1.));
#5169 = DEFINITIONAL_REPRESENTATION('',(#5170),#5174);
#5170 = LINE('',#5171,#5172);
#5171 = CARTESIAN_POINT('',(0.373386498537,-0.504745178208));
#5172 = VECTOR('',#5173,1.);
#5173 = DIRECTION('',(0.,1.));
#5174 = ( GEOMETRIC_REPRESENTATION_CONTEXT(2) 
PARAMETRIC_REPRESENTATION_CONTEXT() REPRESENTATION_CONTEXT('2D SPACE',''
  ) );
#5175 = ORIENTED_EDGE('',*,*,#5176,.T.);
#5176 = EDGE_CURVE('',#5144,#5177,#5179,.T.);
#5177 = VERTEX_POINT('',#5178);
#5178 = CARTESIAN_POINT('',(2.1575,2.11,0.65));
#5179 = SURFACE_CURVE('',#5180,(#5184,#5191),.PCURVE_S1.);
#5180 = LINE('',#5181,#5182);
#5181 = CARTESIAN_POINT('',(2.1575,1.7,0.65));
#5182 = VECTOR('',#5183,1.);
#5183 = DIRECTION('',(0.,1.,0.));
#5184 = PCURVE('',#5152,#5185);
#5185 = DEFINITIONAL_REPRESENTATION('',(#5186),#5190);
#5186 = LINE('',#5187,#5188);
#5187 = CARTESIAN_POINT('',(0.21,-0.205));
#5188 = VECTOR('',#5189,1.);
#5189 = DIRECTION('',(0.,1.));
#5190 = ( GEOMETRIC_REPRESENTATION_CONTEXT(2) 
PARAMETRIC_REPRESENTATION_CONTEXT() REPRESENTATION_CONTEXT('2D SPACE',''
  ) );
#5191 = PCURVE('',#5192,#5197);
#5192 = PLANE('',#5193);
#5193 = AXIS2_PLACEMENT_3D('',#5194,#5195,#5196);
#5194 = CARTESIAN_POINT('',(2.1575,1.905,0.65));
#5195 = DIRECTION('',(0.697565468278,0.,0.716521051656));
#5196 = DIRECTION('',(0.716521051656,0.,-0.697565468278));
#5197 = DEFINITIONAL_REPRESENTATION('',(#5198),#5202);
#5198 = LINE('',#5199,#5200);
#5199 = CARTESIAN_POINT('',(0.,-0.205));
#5200 = VECTOR('',#5201,1.);
#5201 = DIRECTION('',(0.,1.));
#5202 = ( GEOMETRIC_REPRESENTATION_CONTEXT(2) 
PARAMETRIC_REPRESENTATION_CONTEXT() REPRESENTATION_CONTEXT('2D SPACE',''
  ) );
#5203 = ORIENTED_EDGE('',*,*,#5204,.F.);
#5204 = EDGE_CURVE('',#5205,#5177,#5207,.T.);
#5205 = VERTEX_POINT('',#5206);
#5206 = CARTESIAN_POINT('',(1.9475,2.11,0.65));
#5207 = SURFACE_CURVE('',#5208,(#5212,#5219),.PCURVE_S1.);
#5208 = LINE('',#5209,#5210);
#5209 = CARTESIAN_POINT('',(1.9475,2.11,0.65));
#5210 = VECTOR('',#5211,1.);
#5211 = DIRECTION('',(1.,0.,0.));
#5212 = PCURVE('',#5152,#5213);
#5213 = DEFINITIONAL_REPRESENTATION('',(#5214),#5218);
#5214 = LINE('',#5215,#5216);
#5215 = CARTESIAN_POINT('',(0.,0.205));
#5216 = VECTOR('',#5217,1.);
#5217 = DIRECTION('',(1.,0.));
#5218 = ( GEOMETRIC_REPRESENTATION_CONTEXT(2) 
PARAMETRIC_REPRESENTATION_CONTEXT() REPRESENTATION_CONTEXT('2D SPACE',''
  ) );
#5219 = PCURVE('',#5220,#5225);
#5220 = PLANE('',#5221);
#5221 = AXIS2_PLACEMENT_3D('',#5222,#5223,#5224);
#5222 = CARTESIAN_POINT('',(2.452245178208,2.11,0.276613501463));
#5223 = DIRECTION('',(0.,1.,0.));
#5224 = DIRECTION('',(0.,0.,1.));
#5225 = DEFINITIONAL_REPRESENTATION('',(#5226),#5230);
#5226 = LINE('',#5227,#5228);
#5227 = CARTESIAN_POINT('',(0.373386498537,-0.504745178208));
#5228 = VECTOR('',#5229,1.);
#5229 = DIRECTION('',(0.,1.));
#5230 = ( GEOMETRIC_REPRESENTATION_CONTEXT(2) 
PARAMETRIC_REPRESENTATION_CONTEXT() REPRESENTATION_CONTEXT('2D SPACE',''
  ) );
#5231 = ORIENTED_EDGE('',*,*,#5232,.T.);
#5232 = EDGE_CURVE('',#5205,#5142,#5233,.T.);
#5233 = SURFACE_CURVE('',#5234,(#5238,#5245),.PCURVE_S1.);
#5234 = LINE('',#5235,#5236);
#5235 = CARTESIAN_POINT('',(1.9475,2.11,0.65));
#5236 = VECTOR('',#5237,1.);
#5237 = DIRECTION('',(0.,-1.,0.));
#5238 = PCURVE('',#5152,#5239);
#5239 = DEFINITIONAL_REPRESENTATION('',(#5240),#5244);
#5240 = LINE('',#5241,#5242);
#5241 = CARTESIAN_POINT('',(0.,0.205));
#5242 = VECTOR('',#5243,1.);
#5243 = DIRECTION('',(0.,-1.));
#5244 = ( GEOMETRIC_REPRESENTATION_CONTEXT(2) 
PARAMETRIC_REPRESENTATION_CONTEXT() REPRESENTATION_CONTEXT('2D SPACE',''
  ) );
#5245 = PCURVE('',#5246,#5251);
#5246 = PLANE('',#5247);
#5247 = AXIS2_PLACEMENT_3D('',#5248,#5249,#5250);
#5248 = CARTESIAN_POINT('',(1.9475,1.905,0.46));
#5249 = DIRECTION('',(-1.,0.,0.));
#5250 = DIRECTION('',(0.,0.,1.));
#5251 = DEFINITIONAL_REPRESENTATION('',(#5252),#5256);
#5252 = LINE('',#5253,#5254);
#5253 = CARTESIAN_POINT('',(0.19,0.205));
#5254 = VECTOR('',#5255,1.);
#5255 = DIRECTION('',(0.,-1.));
#5256 = ( GEOMETRIC_REPRESENTATION_CONTEXT(2) 
PARAMETRIC_REPRESENTATION_CONTEXT() REPRESENTATION_CONTEXT('2D SPACE',''
  ) );
#5257 = ADVANCED_FACE('',(#5258),#5246,.T.);
#5258 = FACE_BOUND('',#5259,.T.);
#5259 = EDGE_LOOP('',(#5260,#5283,#5284,#5307));
#5260 = ORIENTED_EDGE('',*,*,#5261,.T.);
#5261 = EDGE_CURVE('',#5262,#5142,#5264,.T.);
#5262 = VERTEX_POINT('',#5263);
#5263 = CARTESIAN_POINT('',(1.9475,1.7,0.46));
#5264 = SURFACE_CURVE('',#5265,(#5269,#5276),.PCURVE_S1.);
#5265 = LINE('',#5266,#5267);
#5266 = CARTESIAN_POINT('',(1.9475,1.7,0.46));
#5267 = VECTOR('',#5268,1.);
#5268 = DIRECTION('',(0.,0.,1.));
#5269 = PCURVE('',#5246,#5270);
#5270 = DEFINITIONAL_REPRESENTATION('',(#5271),#5275);
#5271 = LINE('',#5272,#5273);
#5272 = CARTESIAN_POINT('',(0.,-0.205));
#5273 = VECTOR('',#5274,1.);
#5274 = DIRECTION('',(1.,0.));
#5275 = ( GEOMETRIC_REPRESENTATION_CONTEXT(2) 
PARAMETRIC_REPRESENTATION_CONTEXT() REPRESENTATION_CONTEXT('2D SPACE',''
  ) );
#5276 = PCURVE('',#5164,#5277);
#5277 = DEFINITIONAL_REPRESENTATION('',(#5278),#5282);
#5278 = LINE('',#5279,#5280);
#5279 = CARTESIAN_POINT('',(0.183386498537,-0.504745178208));
#5280 = VECTOR('',#5281,1.);
#5281 = DIRECTION('',(1.,0.));
#5282 = ( GEOMETRIC_REPRESENTATION_CONTEXT(2) 
PARAMETRIC_REPRESENTATION_CONTEXT() REPRESENTATION_CONTEXT('2D SPACE',''
  ) );
#5283 = ORIENTED_EDGE('',*,*,#5232,.F.);
#5284 = ORIENTED_EDGE('',*,*,#5285,.F.);
#5285 = EDGE_CURVE('',#5286,#5205,#5288,.T.);
#5286 = VERTEX_POINT('',#5287);
#5287 = CARTESIAN_POINT('',(1.9475,2.11,0.46));
#5288 = SURFACE_CURVE('',#5289,(#5293,#5300),.PCURVE_S1.);
#5289 = LINE('',#5290,#5291);
#5290 = CARTESIAN_POINT('',(1.9475,2.11,0.46));
#5291 = VECTOR('',#5292,1.);
#5292 = DIRECTION('',(0.,0.,1.));
#5293 = PCURVE('',#5246,#5294);
#5294 = DEFINITIONAL_REPRESENTATION('',(#5295),#5299);
#5295 = LINE('',#5296,#5297);
#5296 = CARTESIAN_POINT('',(0.,0.205));
#5297 = VECTOR('',#5298,1.);
#5298 = DIRECTION('',(1.,0.));
#5299 = ( GEOMETRIC_REPRESENTATION_CONTEXT(2) 
PARAMETRIC_REPRESENTATION_CONTEXT() REPRESENTATION_CONTEXT('2D SPACE',''
  ) );
#5300 = PCURVE('',#5220,#5301);
#5301 = DEFINITIONAL_REPRESENTATION('',(#5302),#5306);
#5302 = LINE('',#5303,#5304);
#5303 = CARTESIAN_POINT('',(0.183386498537,-0.504745178208));
#5304 = VECTOR('',#5305,1.);
#5305 = DIRECTION('',(1.,0.));
#5306 = ( GEOMETRIC_REPRESENTATION_CONTEXT(2) 
PARAMETRIC_REPRESENTATION_CONTEXT() REPRESENTATION_CONTEXT('2D SPACE',''
  ) );
#5307 = ORIENTED_EDGE('',*,*,#5308,.T.);
#5308 = EDGE_CURVE('',#5286,#5262,#5309,.T.);
#5309 = SURFACE_CURVE('',#5310,(#5314,#5321),.PCURVE_S1.);
#5310 = LINE('',#5311,#5312);
#5311 = CARTESIAN_POINT('',(1.9475,2.11,0.46));
#5312 = VECTOR('',#5313,1.);
#5313 = DIRECTION('',(0.,-1.,0.));
#5314 = PCURVE('',#5246,#5315);
#5315 = DEFINITIONAL_REPRESENTATION('',(#5316),#5320);
#5316 = LINE('',#5317,#5318);
#5317 = CARTESIAN_POINT('',(0.,0.205));
#5318 = VECTOR('',#5319,1.);
#5319 = DIRECTION('',(0.,-1.));
#5320 = ( GEOMETRIC_REPRESENTATION_CONTEXT(2) 
PARAMETRIC_REPRESENTATION_CONTEXT() REPRESENTATION_CONTEXT('2D SPACE',''
  ) );
#5321 = PCURVE('',#5322,#5327);
#5322 = PLANE('',#5323);
#5323 = AXIS2_PLACEMENT_3D('',#5324,#5325,#5326);
#5324 = CARTESIAN_POINT('',(2.0315,1.905,0.46));
#5325 = DIRECTION('',(-0.,-0.,-1.));
#5326 = DIRECTION('',(-1.,0.,0.));
#5327 = DEFINITIONAL_REPRESENTATION('',(#5328),#5332);
#5328 = LINE('',#5329,#5330);
#5329 = CARTESIAN_POINT('',(8.4E-02,0.205));
#5330 = VECTOR('',#5331,1.);
#5331 = DIRECTION('',(0.,-1.));
#5332 = ( GEOMETRIC_REPRESENTATION_CONTEXT(2) 
PARAMETRIC_REPRESENTATION_CONTEXT() REPRESENTATION_CONTEXT('2D SPACE',''
  ) );
#5333 = ADVANCED_FACE('',(#5334),#5322,.T.);
#5334 = FACE_BOUND('',#5335,.T.);
#5335 = EDGE_LOOP('',(#5336,#5359,#5360,#5383));
#5336 = ORIENTED_EDGE('',*,*,#5337,.T.);
#5337 = EDGE_CURVE('',#5338,#5262,#5340,.T.);
#5338 = VERTEX_POINT('',#5339);
#5339 = CARTESIAN_POINT('',(2.0315,1.7,0.46));
#5340 = SURFACE_CURVE('',#5341,(#5345,#5352),.PCURVE_S1.);
#5341 = LINE('',#5342,#5343);
#5342 = CARTESIAN_POINT('',(2.0315,1.7,0.46));
#5343 = VECTOR('',#5344,1.);
#5344 = DIRECTION('',(-1.,0.,0.));
#5345 = PCURVE('',#5322,#5346);
#5346 = DEFINITIONAL_REPRESENTATION('',(#5347),#5351);
#5347 = LINE('',#5348,#5349);
#5348 = CARTESIAN_POINT('',(0.,-0.205));
#5349 = VECTOR('',#5350,1.);
#5350 = DIRECTION('',(1.,0.));
#5351 = ( GEOMETRIC_REPRESENTATION_CONTEXT(2) 
PARAMETRIC_REPRESENTATION_CONTEXT() REPRESENTATION_CONTEXT('2D SPACE',''
  ) );
#5352 = PCURVE('',#5164,#5353);
#5353 = DEFINITIONAL_REPRESENTATION('',(#5354),#5358);
#5354 = LINE('',#5355,#5356);
#5355 = CARTESIAN_POINT('',(0.183386498537,-0.420745178208));
#5356 = VECTOR('',#5357,1.);
#5357 = DIRECTION('',(0.,-1.));
#5358 = ( GEOMETRIC_REPRESENTATION_CONTEXT(2) 
PARAMETRIC_REPRESENTATION_CONTEXT() REPRESENTATION_CONTEXT('2D SPACE',''
  ) );
#5359 = ORIENTED_EDGE('',*,*,#5308,.F.);
#5360 = ORIENTED_EDGE('',*,*,#5361,.F.);
#5361 = EDGE_CURVE('',#5362,#5286,#5364,.T.);
#5362 = VERTEX_POINT('',#5363);
#5363 = CARTESIAN_POINT('',(2.0315,2.11,0.46));
#5364 = SURFACE_CURVE('',#5365,(#5369,#5376),.PCURVE_S1.);
#5365 = LINE('',#5366,#5367);
#5366 = CARTESIAN_POINT('',(2.0315,2.11,0.46));
#5367 = VECTOR('',#5368,1.);
#5368 = DIRECTION('',(-1.,0.,0.));
#5369 = PCURVE('',#5322,#5370);
#5370 = DEFINITIONAL_REPRESENTATION('',(#5371),#5375);
#5371 = LINE('',#5372,#5373);
#5372 = CARTESIAN_POINT('',(0.,0.205));
#5373 = VECTOR('',#5374,1.);
#5374 = DIRECTION('',(1.,0.));
#5375 = ( GEOMETRIC_REPRESENTATION_CONTEXT(2) 
PARAMETRIC_REPRESENTATION_CONTEXT() REPRESENTATION_CONTEXT('2D SPACE',''
  ) );
#5376 = PCURVE('',#5220,#5377);
#5377 = DEFINITIONAL_REPRESENTATION('',(#5378),#5382);
#5378 = LINE('',#5379,#5380);
#5379 = CARTESIAN_POINT('',(0.183386498537,-0.420745178208));
#5380 = VECTOR('',#5381,1.);
#5381 = DIRECTION('',(0.,-1.));
#5382 = ( GEOMETRIC_REPRESENTATION_CONTEXT(2) 
PARAMETRIC_REPRESENTATION_CONTEXT() REPRESENTATION_CONTEXT('2D SPACE',''
  ) );
#5383 = ORIENTED_EDGE('',*,*,#5384,.T.);
#5384 = EDGE_CURVE('',#5362,#5338,#5385,.T.);
#5385 = SURFACE_CURVE('',#5386,(#5390,#5397),.PCURVE_S1.);
#5386 = LINE('',#5387,#5388);
#5387 = CARTESIAN_POINT('',(2.0315,2.11,0.46));
#5388 = VECTOR('',#5389,1.);
#5389 = DIRECTION('',(0.,-1.,0.));
#5390 = PCURVE('',#5322,#5391);
#5391 = DEFINITIONAL_REPRESENTATION('',(#5392),#5396);
#5392 = LINE('',#5393,#5394);
#5393 = CARTESIAN_POINT('',(0.,0.205));
#5394 = VECTOR('',#5395,1.);
#5395 = DIRECTION('',(0.,-1.));
#5396 = ( GEOMETRIC_REPRESENTATION_CONTEXT(2) 
PARAMETRIC_REPRESENTATION_CONTEXT() REPRESENTATION_CONTEXT('2D SPACE',''
  ) );
#5397 = PCURVE('',#5398,#5403);
#5398 = PLANE('',#5399);
#5399 = AXIS2_PLACEMENT_3D('',#5400,#5401,#5402);
#5400 = CARTESIAN_POINT('',(2.4725,1.905,0.));
#5401 = DIRECTION('',(-0.721857539295,-0.,-0.692041684411));
#5402 = DIRECTION('',(-0.692041684411,0.,0.721857539295));
#5403 = DEFINITIONAL_REPRESENTATION('',(#5404),#5408);
#5404 = LINE('',#5405,#5406);
#5405 = CARTESIAN_POINT('',(0.637244850901,0.205));
#5406 = VECTOR('',#5407,1.);
#5407 = DIRECTION('',(0.,-1.));
#5408 = ( GEOMETRIC_REPRESENTATION_CONTEXT(2) 
PARAMETRIC_REPRESENTATION_CONTEXT() REPRESENTATION_CONTEXT('2D SPACE',''
  ) );
#5409 = ADVANCED_FACE('',(#5410),#5398,.T.);
#5410 = FACE_BOUND('',#5411,.T.);
#5411 = EDGE_LOOP('',(#5412,#5442,#5463,#5464));
#5412 = ORIENTED_EDGE('',*,*,#5413,.F.);
#5413 = EDGE_CURVE('',#5414,#5416,#5418,.T.);
#5414 = VERTEX_POINT('',#5415);
#5415 = CARTESIAN_POINT('',(2.4725,1.7,0.));
#5416 = VERTEX_POINT('',#5417);
#5417 = CARTESIAN_POINT('',(2.4725,2.11,0.));
#5418 = SURFACE_CURVE('',#5419,(#5423,#5430),.PCURVE_S1.);
#5419 = LINE('',#5420,#5421);
#5420 = CARTESIAN_POINT('',(2.4725,1.7,0.));
#5421 = VECTOR('',#5422,1.);
#5422 = DIRECTION('',(0.,1.,0.));
#5423 = PCURVE('',#5398,#5424);
#5424 = DEFINITIONAL_REPRESENTATION('',(#5425),#5429);
#5425 = LINE('',#5426,#5427);
#5426 = CARTESIAN_POINT('',(0.,-0.205));
#5427 = VECTOR('',#5428,1.);
#5428 = DIRECTION('',(0.,1.));
#5429 = ( GEOMETRIC_REPRESENTATION_CONTEXT(2) 
PARAMETRIC_REPRESENTATION_CONTEXT() REPRESENTATION_CONTEXT('2D SPACE',''
  ) );
#5430 = PCURVE('',#5431,#5436);
#5431 = PLANE('',#5432);
#5432 = AXIS2_PLACEMENT_3D('',#5433,#5434,#5435);
#5433 = CARTESIAN_POINT('',(2.9975,1.905,0.));
#5434 = DIRECTION('',(-0.,-0.,-1.));
#5435 = DIRECTION('',(-1.,0.,0.));
#5436 = DEFINITIONAL_REPRESENTATION('',(#5437),#5441);
#5437 = LINE('',#5438,#5439);
#5438 = CARTESIAN_POINT('',(0.525,-0.205));
#5439 = VECTOR('',#5440,1.);
#5440 = DIRECTION('',(0.,1.));
#5441 = ( GEOMETRIC_REPRESENTATION_CONTEXT(2) 
PARAMETRIC_REPRESENTATION_CONTEXT() REPRESENTATION_CONTEXT('2D SPACE',''
  ) );
#5442 = ORIENTED_EDGE('',*,*,#5443,.T.);
#5443 = EDGE_CURVE('',#5414,#5338,#5444,.T.);
#5444 = SURFACE_CURVE('',#5445,(#5449,#5456),.PCURVE_S1.);
#5445 = LINE('',#5446,#5447);
#5446 = CARTESIAN_POINT('',(2.4725,1.7,0.));
#5447 = VECTOR('',#5448,1.);
#5448 = DIRECTION('',(-0.692041684411,0.,0.721857539295));
#5449 = PCURVE('',#5398,#5450);
#5450 = DEFINITIONAL_REPRESENTATION('',(#5451),#5455);
#5451 = LINE('',#5452,#5453);
#5452 = CARTESIAN_POINT('',(0.,-0.205));
#5453 = VECTOR('',#5454,1.);
#5454 = DIRECTION('',(1.,0.));
#5455 = ( GEOMETRIC_REPRESENTATION_CONTEXT(2) 
PARAMETRIC_REPRESENTATION_CONTEXT() REPRESENTATION_CONTEXT('2D SPACE',''
  ) );
#5456 = PCURVE('',#5164,#5457);
#5457 = DEFINITIONAL_REPRESENTATION('',(#5458),#5462);
#5458 = LINE('',#5459,#5460);
#5459 = CARTESIAN_POINT('',(-0.276613501463,2.025482179178E-02));
#5460 = VECTOR('',#5461,1.);
#5461 = DIRECTION('',(0.721857539295,-0.692041684411));
#5462 = ( GEOMETRIC_REPRESENTATION_CONTEXT(2) 
PARAMETRIC_REPRESENTATION_CONTEXT() REPRESENTATION_CONTEXT('2D SPACE',''
  ) );
#5463 = ORIENTED_EDGE('',*,*,#5384,.F.);
#5464 = ORIENTED_EDGE('',*,*,#5465,.F.);
#5465 = EDGE_CURVE('',#5416,#5362,#5466,.T.);
#5466 = SURFACE_CURVE('',#5467,(#5471,#5478),.PCURVE_S1.);
#5467 = LINE('',#5468,#5469);
#5468 = CARTESIAN_POINT('',(2.4725,2.11,0.));
#5469 = VECTOR('',#5470,1.);
#5470 = DIRECTION('',(-0.692041684411,0.,0.721857539295));
#5471 = PCURVE('',#5398,#5472);
#5472 = DEFINITIONAL_REPRESENTATION('',(#5473),#5477);
#5473 = LINE('',#5474,#5475);
#5474 = CARTESIAN_POINT('',(0.,0.205));
#5475 = VECTOR('',#5476,1.);
#5476 = DIRECTION('',(1.,0.));
#5477 = ( GEOMETRIC_REPRESENTATION_CONTEXT(2) 
PARAMETRIC_REPRESENTATION_CONTEXT() REPRESENTATION_CONTEXT('2D SPACE',''
  ) );
#5478 = PCURVE('',#5220,#5479);
#5479 = DEFINITIONAL_REPRESENTATION('',(#5480),#5484);
#5480 = LINE('',#5481,#5482);
#5481 = CARTESIAN_POINT('',(-0.276613501463,2.025482179178E-02));
#5482 = VECTOR('',#5483,1.);
#5483 = DIRECTION('',(0.721857539295,-0.692041684411));
#5484 = ( GEOMETRIC_REPRESENTATION_CONTEXT(2) 
PARAMETRIC_REPRESENTATION_CONTEXT() REPRESENTATION_CONTEXT('2D SPACE',''
  ) );
#5485 = ADVANCED_FACE('',(#5486),#5431,.T.);
#5486 = FACE_BOUND('',#5487,.T.);
#5487 = EDGE_LOOP('',(#5488,#5518,#5539,#5540));
#5488 = ORIENTED_EDGE('',*,*,#5489,.F.);
#5489 = EDGE_CURVE('',#5490,#5492,#5494,.T.);
#5490 = VERTEX_POINT('',#5491);
#5491 = CARTESIAN_POINT('',(2.9975,1.7,0.));
#5492 = VERTEX_POINT('',#5493);
#5493 = CARTESIAN_POINT('',(2.9975,2.11,0.));
#5494 = SURFACE_CURVE('',#5495,(#5499,#5506),.PCURVE_S1.);
#5495 = LINE('',#5496,#5497);
#5496 = CARTESIAN_POINT('',(2.9975,1.7,0.));
#5497 = VECTOR('',#5498,1.);
#5498 = DIRECTION('',(0.,1.,0.));
#5499 = PCURVE('',#5431,#5500);
#5500 = DEFINITIONAL_REPRESENTATION('',(#5501),#5505);
#5501 = LINE('',#5502,#5503);
#5502 = CARTESIAN_POINT('',(0.,-0.205));
#5503 = VECTOR('',#5504,1.);
#5504 = DIRECTION('',(0.,1.));
#5505 = ( GEOMETRIC_REPRESENTATION_CONTEXT(2) 
PARAMETRIC_REPRESENTATION_CONTEXT() REPRESENTATION_CONTEXT('2D SPACE',''
  ) );
#5506 = PCURVE('',#5507,#5512);
#5507 = PLANE('',#5508);
#5508 = AXIS2_PLACEMENT_3D('',#5509,#5510,#5511);
#5509 = CARTESIAN_POINT('',(2.9975,1.905,0.19));
#5510 = DIRECTION('',(1.,0.,0.));
#5511 = DIRECTION('',(0.,0.,-1.));
#5512 = DEFINITIONAL_REPRESENTATION('',(#5513),#5517);
#5513 = LINE('',#5514,#5515);
#5514 = CARTESIAN_POINT('',(0.19,-0.205));
#5515 = VECTOR('',#5516,1.);
#5516 = DIRECTION('',(0.,1.));
#5517 = ( GEOMETRIC_REPRESENTATION_CONTEXT(2) 
PARAMETRIC_REPRESENTATION_CONTEXT() REPRESENTATION_CONTEXT('2D SPACE',''
  ) );
#5518 = ORIENTED_EDGE('',*,*,#5519,.T.);
#5519 = EDGE_CURVE('',#5490,#5414,#5520,.T.);
#5520 = SURFACE_CURVE('',#5521,(#5525,#5532),.PCURVE_S1.);
#5521 = LINE('',#5522,#5523);
#5522 = CARTESIAN_POINT('',(2.9975,1.7,0.));
#5523 = VECTOR('',#5524,1.);
#5524 = DIRECTION('',(-1.,0.,0.));
#5525 = PCURVE('',#5431,#5526);
#5526 = DEFINITIONAL_REPRESENTATION('',(#5527),#5531);
#5527 = LINE('',#5528,#5529);
#5528 = CARTESIAN_POINT('',(0.,-0.205));
#5529 = VECTOR('',#5530,1.);
#5530 = DIRECTION('',(1.,0.));
#5531 = ( GEOMETRIC_REPRESENTATION_CONTEXT(2) 
PARAMETRIC_REPRESENTATION_CONTEXT() REPRESENTATION_CONTEXT('2D SPACE',''
  ) );
#5532 = PCURVE('',#5164,#5533);
#5533 = DEFINITIONAL_REPRESENTATION('',(#5534),#5538);
#5534 = LINE('',#5535,#5536);
#5535 = CARTESIAN_POINT('',(-0.276613501463,0.545254821792));
#5536 = VECTOR('',#5537,1.);
#5537 = DIRECTION('',(0.,-1.));
#5538 = ( GEOMETRIC_REPRESENTATION_CONTEXT(2) 
PARAMETRIC_REPRESENTATION_CONTEXT() REPRESENTATION_CONTEXT('2D SPACE',''
  ) );
#5539 = ORIENTED_EDGE('',*,*,#5413,.T.);
#5540 = ORIENTED_EDGE('',*,*,#5541,.F.);
#5541 = EDGE_CURVE('',#5492,#5416,#5542,.T.);
#5542 = SURFACE_CURVE('',#5543,(#5547,#5554),.PCURVE_S1.);
#5543 = LINE('',#5544,#5545);
#5544 = CARTESIAN_POINT('',(2.9975,2.11,0.));
#5545 = VECTOR('',#5546,1.);
#5546 = DIRECTION('',(-1.,0.,0.));
#5547 = PCURVE('',#5431,#5548);
#5548 = DEFINITIONAL_REPRESENTATION('',(#5549),#5553);
#5549 = LINE('',#5550,#5551);
#5550 = CARTESIAN_POINT('',(0.,0.205));
#5551 = VECTOR('',#5552,1.);
#5552 = DIRECTION('',(1.,0.));
#5553 = ( GEOMETRIC_REPRESENTATION_CONTEXT(2) 
PARAMETRIC_REPRESENTATION_CONTEXT() REPRESENTATION_CONTEXT('2D SPACE',''
  ) );
#5554 = PCURVE('',#5220,#5555);
#5555 = DEFINITIONAL_REPRESENTATION('',(#5556),#5560);
#5556 = LINE('',#5557,#5558);
#5557 = CARTESIAN_POINT('',(-0.276613501463,0.545254821792));
#5558 = VECTOR('',#5559,1.);
#5559 = DIRECTION('',(0.,-1.));
#5560 = ( GEOMETRIC_REPRESENTATION_CONTEXT(2) 
PARAMETRIC_REPRESENTATION_CONTEXT() REPRESENTATION_CONTEXT('2D SPACE',''
  ) );
#5561 = ADVANCED_FACE('',(#5562),#5507,.T.);
#5562 = FACE_BOUND('',#5563,.T.);
#5563 = EDGE_LOOP('',(#5564,#5594,#5615,#5616));
#5564 = ORIENTED_EDGE('',*,*,#5565,.F.);
#5565 = EDGE_CURVE('',#5566,#5568,#5570,.T.);
#5566 = VERTEX_POINT('',#5567);
#5567 = CARTESIAN_POINT('',(2.9975,1.7,0.19));
#5568 = VERTEX_POINT('',#5569);
#5569 = CARTESIAN_POINT('',(2.9975,2.11,0.19));
#5570 = SURFACE_CURVE('',#5571,(#5575,#5582),.PCURVE_S1.);
#5571 = LINE('',#5572,#5573);
#5572 = CARTESIAN_POINT('',(2.9975,1.7,0.19));
#5573 = VECTOR('',#5574,1.);
#5574 = DIRECTION('',(0.,1.,0.));
#5575 = PCURVE('',#5507,#5576);
#5576 = DEFINITIONAL_REPRESENTATION('',(#5577),#5581);
#5577 = LINE('',#5578,#5579);
#5578 = CARTESIAN_POINT('',(0.,-0.205));
#5579 = VECTOR('',#5580,1.);
#5580 = DIRECTION('',(0.,1.));
#5581 = ( GEOMETRIC_REPRESENTATION_CONTEXT(2) 
PARAMETRIC_REPRESENTATION_CONTEXT() REPRESENTATION_CONTEXT('2D SPACE',''
  ) );
#5582 = PCURVE('',#5583,#5588);
#5583 = PLANE('',#5584);
#5584 = AXIS2_PLACEMENT_3D('',#5585,#5586,#5587);
#5585 = CARTESIAN_POINT('',(2.63,1.905,0.19));
#5586 = DIRECTION('',(0.,0.,1.));
#5587 = DIRECTION('',(1.,0.,0.));
#5588 = DEFINITIONAL_REPRESENTATION('',(#5589),#5593);
#5589 = LINE('',#5590,#5591);
#5590 = CARTESIAN_POINT('',(0.3675,-0.205));
#5591 = VECTOR('',#5592,1.);
#5592 = DIRECTION('',(0.,1.));
#5593 = ( GEOMETRIC_REPRESENTATION_CONTEXT(2) 
PARAMETRIC_REPRESENTATION_CONTEXT() REPRESENTATION_CONTEXT('2D SPACE',''
  ) );
#5594 = ORIENTED_EDGE('',*,*,#5595,.T.);
#5595 = EDGE_CURVE('',#5566,#5490,#5596,.T.);
#5596 = SURFACE_CURVE('',#5597,(#5601,#5608),.PCURVE_S1.);
#5597 = LINE('',#5598,#5599);
#5598 = CARTESIAN_POINT('',(2.9975,1.7,0.19));
#5599 = VECTOR('',#5600,1.);
#5600 = DIRECTION('',(0.,0.,-1.));
#5601 = PCURVE('',#5507,#5602);
#5602 = DEFINITIONAL_REPRESENTATION('',(#5603),#5607);
#5603 = LINE('',#5604,#5605);
#5604 = CARTESIAN_POINT('',(0.,-0.205));
#5605 = VECTOR('',#5606,1.);
#5606 = DIRECTION('',(1.,0.));
#5607 = ( GEOMETRIC_REPRESENTATION_CONTEXT(2) 
PARAMETRIC_REPRESENTATION_CONTEXT() REPRESENTATION_CONTEXT('2D SPACE',''
  ) );
#5608 = PCURVE('',#5164,#5609);
#5609 = DEFINITIONAL_REPRESENTATION('',(#5610),#5614);
#5610 = LINE('',#5611,#5612);
#5611 = CARTESIAN_POINT('',(-8.661350146282E-02,0.545254821792));
#5612 = VECTOR('',#5613,1.);
#5613 = DIRECTION('',(-1.,0.));
#5614 = ( GEOMETRIC_REPRESENTATION_CONTEXT(2) 
PARAMETRIC_REPRESENTATION_CONTEXT() REPRESENTATION_CONTEXT('2D SPACE',''
  ) );
#5615 = ORIENTED_EDGE('',*,*,#5489,.T.);
#5616 = ORIENTED_EDGE('',*,*,#5617,.F.);
#5617 = EDGE_CURVE('',#5568,#5492,#5618,.T.);
#5618 = SURFACE_CURVE('',#5619,(#5623,#5630),.PCURVE_S1.);
#5619 = LINE('',#5620,#5621);
#5620 = CARTESIAN_POINT('',(2.9975,2.11,0.19));
#5621 = VECTOR('',#5622,1.);
#5622 = DIRECTION('',(0.,0.,-1.));
#5623 = PCURVE('',#5507,#5624);
#5624 = DEFINITIONAL_REPRESENTATION('',(#5625),#5629);
#5625 = LINE('',#5626,#5627);
#5626 = CARTESIAN_POINT('',(0.,0.205));
#5627 = VECTOR('',#5628,1.);
#5628 = DIRECTION('',(1.,0.));
#5629 = ( GEOMETRIC_REPRESENTATION_CONTEXT(2) 
PARAMETRIC_REPRESENTATION_CONTEXT() REPRESENTATION_CONTEXT('2D SPACE',''
  ) );
#5630 = PCURVE('',#5220,#5631);
#5631 = DEFINITIONAL_REPRESENTATION('',(#5632),#5636);
#5632 = LINE('',#5633,#5634);
#5633 = CARTESIAN_POINT('',(-8.661350146282E-02,0.545254821792));
#5634 = VECTOR('',#5635,1.);
#5635 = DIRECTION('',(-1.,0.));
#5636 = ( GEOMETRIC_REPRESENTATION_CONTEXT(2) 
PARAMETRIC_REPRESENTATION_CONTEXT() REPRESENTATION_CONTEXT('2D SPACE',''
  ) );
#5637 = ADVANCED_FACE('',(#5638),#5583,.T.);
#5638 = FACE_BOUND('',#5639,.T.);
#5639 = EDGE_LOOP('',(#5640,#5665,#5686,#5687));
#5640 = ORIENTED_EDGE('',*,*,#5641,.F.);
#5641 = EDGE_CURVE('',#5642,#5644,#5646,.T.);
#5642 = VERTEX_POINT('',#5643);
#5643 = CARTESIAN_POINT('',(2.63,1.7,0.19));
#5644 = VERTEX_POINT('',#5645);
#5645 = CARTESIAN_POINT('',(2.63,2.11,0.19));
#5646 = SURFACE_CURVE('',#5647,(#5651,#5658),.PCURVE_S1.);
#5647 = LINE('',#5648,#5649);
#5648 = CARTESIAN_POINT('',(2.63,1.7,0.19));
#5649 = VECTOR('',#5650,1.);
#5650 = DIRECTION('',(0.,1.,0.));
#5651 = PCURVE('',#5583,#5652);
#5652 = DEFINITIONAL_REPRESENTATION('',(#5653),#5657);
#5653 = LINE('',#5654,#5655);
#5654 = CARTESIAN_POINT('',(0.,-0.205));
#5655 = VECTOR('',#5656,1.);
#5656 = DIRECTION('',(0.,1.));
#5657 = ( GEOMETRIC_REPRESENTATION_CONTEXT(2) 
PARAMETRIC_REPRESENTATION_CONTEXT() REPRESENTATION_CONTEXT('2D SPACE',''
  ) );
#5658 = PCURVE('',#5192,#5659);
#5659 = DEFINITIONAL_REPRESENTATION('',(#5660),#5664);
#5660 = LINE('',#5661,#5662);
#5661 = CARTESIAN_POINT('',(0.659436312315,-0.205));
#5662 = VECTOR('',#5663,1.);
#5663 = DIRECTION('',(0.,1.));
#5664 = ( GEOMETRIC_REPRESENTATION_CONTEXT(2) 
PARAMETRIC_REPRESENTATION_CONTEXT() REPRESENTATION_CONTEXT('2D SPACE',''
  ) );
#5665 = ORIENTED_EDGE('',*,*,#5666,.T.);
#5666 = EDGE_CURVE('',#5642,#5566,#5667,.T.);
#5667 = SURFACE_CURVE('',#5668,(#5672,#5679),.PCURVE_S1.);
#5668 = LINE('',#5669,#5670);
#5669 = CARTESIAN_POINT('',(2.63,1.7,0.19));
#5670 = VECTOR('',#5671,1.);
#5671 = DIRECTION('',(1.,0.,0.));
#5672 = PCURVE('',#5583,#5673);
#5673 = DEFINITIONAL_REPRESENTATION('',(#5674),#5678);
#5674 = LINE('',#5675,#5676);
#5675 = CARTESIAN_POINT('',(0.,-0.205));
#5676 = VECTOR('',#5677,1.);
#5677 = DIRECTION('',(1.,0.));
#5678 = ( GEOMETRIC_REPRESENTATION_CONTEXT(2) 
PARAMETRIC_REPRESENTATION_CONTEXT() REPRESENTATION_CONTEXT('2D SPACE',''
  ) );
#5679 = PCURVE('',#5164,#5680);
#5680 = DEFINITIONAL_REPRESENTATION('',(#5681),#5685);
#5681 = LINE('',#5682,#5683);
#5682 = CARTESIAN_POINT('',(-8.661350146282E-02,0.177754821792));
#5683 = VECTOR('',#5684,1.);
#5684 = DIRECTION('',(0.,1.));
#5685 = ( GEOMETRIC_REPRESENTATION_CONTEXT(2) 
PARAMETRIC_REPRESENTATION_CONTEXT() REPRESENTATION_CONTEXT('2D SPACE',''
  ) );
#5686 = ORIENTED_EDGE('',*,*,#5565,.T.);
#5687 = ORIENTED_EDGE('',*,*,#5688,.F.);
#5688 = EDGE_CURVE('',#5644,#5568,#5689,.T.);
#5689 = SURFACE_CURVE('',#5690,(#5694,#5701),.PCURVE_S1.);
#5690 = LINE('',#5691,#5692);
#5691 = CARTESIAN_POINT('',(2.63,2.11,0.19));
#5692 = VECTOR('',#5693,1.);
#5693 = DIRECTION('',(1.,0.,0.));
#5694 = PCURVE('',#5583,#5695);
#5695 = DEFINITIONAL_REPRESENTATION('',(#5696),#5700);
#5696 = LINE('',#5697,#5698);
#5697 = CARTESIAN_POINT('',(0.,0.205));
#5698 = VECTOR('',#5699,1.);
#5699 = DIRECTION('',(1.,0.));
#5700 = ( GEOMETRIC_REPRESENTATION_CONTEXT(2) 
PARAMETRIC_REPRESENTATION_CONTEXT() REPRESENTATION_CONTEXT('2D SPACE',''
  ) );
#5701 = PCURVE('',#5220,#5702);
#5702 = DEFINITIONAL_REPRESENTATION('',(#5703),#5707);
#5703 = LINE('',#5704,#5705);
#5704 = CARTESIAN_POINT('',(-8.661350146282E-02,0.177754821792));
#5705 = VECTOR('',#5706,1.);
#5706 = DIRECTION('',(0.,1.));
#5707 = ( GEOMETRIC_REPRESENTATION_CONTEXT(2) 
PARAMETRIC_REPRESENTATION_CONTEXT() REPRESENTATION_CONTEXT('2D SPACE',''
  ) );
#5708 = ADVANCED_FACE('',(#5709),#5220,.T.);
#5709 = FACE_BOUND('',#5710,.T.);
#5710 = EDGE_LOOP('',(#5711,#5712,#5733,#5734,#5735,#5736,#5737,#5738));
#5711 = ORIENTED_EDGE('',*,*,#5204,.T.);
#5712 = ORIENTED_EDGE('',*,*,#5713,.T.);
#5713 = EDGE_CURVE('',#5177,#5644,#5714,.T.);
#5714 = SURFACE_CURVE('',#5715,(#5719,#5726),.PCURVE_S1.);
#5715 = LINE('',#5716,#5717);
#5716 = CARTESIAN_POINT('',(2.1575,2.11,0.65));
#5717 = VECTOR('',#5718,1.);
#5718 = DIRECTION('',(0.716521051656,0.,-0.697565468278));
#5719 = PCURVE('',#5220,#5720);
#5720 = DEFINITIONAL_REPRESENTATION('',(#5721),#5725);
#5721 = LINE('',#5722,#5723);
#5722 = CARTESIAN_POINT('',(0.373386498537,-0.294745178208));
#5723 = VECTOR('',#5724,1.);
#5724 = DIRECTION('',(-0.697565468278,0.716521051656));
#5725 = ( GEOMETRIC_REPRESENTATION_CONTEXT(2) 
PARAMETRIC_REPRESENTATION_CONTEXT() REPRESENTATION_CONTEXT('2D SPACE',''
  ) );
#5726 = PCURVE('',#5192,#5727);
#5727 = DEFINITIONAL_REPRESENTATION('',(#5728),#5732);
#5728 = LINE('',#5729,#5730);
#5729 = CARTESIAN_POINT('',(0.,0.205));
#5730 = VECTOR('',#5731,1.);
#5731 = DIRECTION('',(1.,0.));
#5732 = ( GEOMETRIC_REPRESENTATION_CONTEXT(2) 
PARAMETRIC_REPRESENTATION_CONTEXT() REPRESENTATION_CONTEXT('2D SPACE',''
  ) );
#5733 = ORIENTED_EDGE('',*,*,#5688,.T.);
#5734 = ORIENTED_EDGE('',*,*,#5617,.T.);
#5735 = ORIENTED_EDGE('',*,*,#5541,.T.);
#5736 = ORIENTED_EDGE('',*,*,#5465,.T.);
#5737 = ORIENTED_EDGE('',*,*,#5361,.T.);
#5738 = ORIENTED_EDGE('',*,*,#5285,.T.);
#5739 = ADVANCED_FACE('',(#5740),#5192,.T.);
#5740 = FACE_BOUND('',#5741,.T.);
#5741 = EDGE_LOOP('',(#5742,#5743,#5764,#5765));
#5742 = ORIENTED_EDGE('',*,*,#5176,.F.);
#5743 = ORIENTED_EDGE('',*,*,#5744,.T.);
#5744 = EDGE_CURVE('',#5144,#5642,#5745,.T.);
#5745 = SURFACE_CURVE('',#5746,(#5750,#5757),.PCURVE_S1.);
#5746 = LINE('',#5747,#5748);
#5747 = CARTESIAN_POINT('',(2.1575,1.7,0.65));
#5748 = VECTOR('',#5749,1.);
#5749 = DIRECTION('',(0.716521051656,0.,-0.697565468278));
#5750 = PCURVE('',#5192,#5751);
#5751 = DEFINITIONAL_REPRESENTATION('',(#5752),#5756);
#5752 = LINE('',#5753,#5754);
#5753 = CARTESIAN_POINT('',(0.,-0.205));
#5754 = VECTOR('',#5755,1.);
#5755 = DIRECTION('',(1.,0.));
#5756 = ( GEOMETRIC_REPRESENTATION_CONTEXT(2) 
PARAMETRIC_REPRESENTATION_CONTEXT() REPRESENTATION_CONTEXT('2D SPACE',''
  ) );
#5757 = PCURVE('',#5164,#5758);
#5758 = DEFINITIONAL_REPRESENTATION('',(#5759),#5763);
#5759 = LINE('',#5760,#5761);
#5760 = CARTESIAN_POINT('',(0.373386498537,-0.294745178208));
#5761 = VECTOR('',#5762,1.);
#5762 = DIRECTION('',(-0.697565468278,0.716521051656));
#5763 = ( GEOMETRIC_REPRESENTATION_CONTEXT(2) 
PARAMETRIC_REPRESENTATION_CONTEXT() REPRESENTATION_CONTEXT('2D SPACE',''
  ) );
#5764 = ORIENTED_EDGE('',*,*,#5641,.T.);
#5765 = ORIENTED_EDGE('',*,*,#5713,.F.);
#5766 = ADVANCED_FACE('',(#5767),#5164,.F.);
#5767 = FACE_BOUND('',#5768,.F.);
#5768 = EDGE_LOOP('',(#5769,#5770,#5771,#5772,#5773,#5774,#5775,#5776));
#5769 = ORIENTED_EDGE('',*,*,#5141,.T.);
#5770 = ORIENTED_EDGE('',*,*,#5744,.T.);
#5771 = ORIENTED_EDGE('',*,*,#5666,.T.);
#5772 = ORIENTED_EDGE('',*,*,#5595,.T.);
#5773 = ORIENTED_EDGE('',*,*,#5519,.T.);
#5774 = ORIENTED_EDGE('',*,*,#5443,.T.);
#5775 = ORIENTED_EDGE('',*,*,#5337,.T.);
#5776 = ORIENTED_EDGE('',*,*,#5261,.T.);
#5777 = ( GEOMETRIC_REPRESENTATION_CONTEXT(3) 
GLOBAL_UNCERTAINTY_ASSIGNED_CONTEXT((#5781)) 
GLOBAL_UNIT_ASSIGNED_CONTEXT((#5778,#5779,#5780)) REPRESENTATION_CONTEXT
('Context #1','3D Context with UNIT and UNCERTAINTY') );
#5778 = ( LENGTH_UNIT() NAMED_UNIT(*) SI_UNIT(.MILLI.,.METRE.) );
#5779 = ( NAMED_UNIT(*) PLANE_ANGLE_UNIT() SI_UNIT($,.RADIAN.) );
#5780 = ( NAMED_UNIT(*) SI_UNIT($,.STERADIAN.) SOLID_ANGLE_UNIT() );
#5781 = UNCERTAINTY_MEASURE_WITH_UNIT(LENGTH_MEASURE(1.E-07),#5778,
  'distance_accuracy_value','confusion accuracy');
#5782 = CONTEXT_DEPENDENT_SHAPE_REPRESENTATION(#5783,#5785);
#5783 = ( REPRESENTATION_RELATIONSHIP('','',#5134,#10) 
REPRESENTATION_RELATIONSHIP_WITH_TRANSFORMATION(#5784) 
SHAPE_REPRESENTATION_RELATIONSHIP() );
#5784 = ITEM_DEFINED_TRANSFORMATION('','',#11,#47);
#5785 = PRODUCT_DEFINITION_SHAPE('Placement','Placement of an item',
  #5786);
#5786 = NEXT_ASSEMBLY_USAGE_OCCURRENCE('9','','',#5,#5129,$);
#5787 = PRODUCT_RELATED_PRODUCT_CATEGORY('part',$,(#5131));
ENDSEC;
END-ISO-10303-21;
